kind,fit_range,metric,point_estimate,boot_median,pct_lo,pct_hi,boot_se,replicates
THETA-BOOTSTRAP (reference = regenerated Stage 7 population),primary_2_20,slope_loschmidt_snr1,0.6058736927253268,0.6059490756821789,0.6048027647444733,0.6069617055911808,0.0005548951395578583,2000
THETA-BOOTSTRAP (reference = regenerated Stage 7 population),primary_2_20,slope_loschmidt_snr2,0.6069642218541751,0.6070571705030733,0.6058817876687618,0.6081537698222155,0.0005799769144374692,2000
THETA-BOOTSTRAP (reference = regenerated Stage 7 population),primary_2_20,slope_loschmidt_dir0.75,0.6037782753946223,0.6037903279361287,0.6026608504440081,0.6047877743530972,0.0005468858029132342,2000
THETA-BOOTSTRAP (reference = regenerated Stage 7 population),primary_2_20,slope_loschmidt_dir0.9,0.6053651207194854,0.6053761361368564,0.6042563151129953,0.6064215936280077,0.0005545686143626067,2000
THETA-BOOTSTRAP (reference = regenerated Stage 7 population),primary_2_20,slope_loschmidt_nz0.9,0.600085039322243,0.6000842592657647,0.5989866837323351,0.6011254404882169,0.0005488289443347316,2000
THETA-BOOTSTRAP (reference = regenerated Stage 7 population),primary_2_20,slope_swap_snr1,1.2025172437434501,1.2025245770797364,1.2003412561145135,1.204628466457702,0.0011289489776185172,2000
THETA-BOOTSTRAP (reference = regenerated Stage 7 population),primary_2_20,slope_swap_snr2,1.2026024367209684,1.2026395435731405,1.2004972825750555,1.204773774153537,0.0011256319340227686,2000
THETA-BOOTSTRAP (reference = regenerated Stage 7 population),primary_2_20,slope_swap_dir0.75,1.1973300925042618,1.1973681259525817,1.1952119333926983,1.199443397199073,0.0011148899847244508,2000
THETA-BOOTSTRAP (reference = regenerated Stage 7 population),primary_2_20,slope_swap_dir0.9,1.2007894766291145,1.2008404586002892,1.19867884825391,1.2029939014052005,0.0011237448177915173,2000
THETA-BOOTSTRAP (reference = regenerated Stage 7 population),primary_2_20,slope_swap_nz0.9,0.005566908617888862,0.0055669086178888535,0.0055669086178888535,0.0055669086178888535,8.675786597719598e-19,2000
THETA-BOOTSTRAP (reference = regenerated Stage 7 population),primary_2_20,gap_swap_minus_le_snr1,0.5966435510181234,0.5965739381284096,0.5952988706845088,0.5978714458756518,0.0006602361800543016,2000
THETA-BOOTSTRAP (reference = regenerated Stage 7 population),primary_2_20,gap_swap_minus_le_snr2,0.5956382148667934,0.5956128703325143,0.5943376321190608,0.596839351871137,0.0006468941666649695,2000
THETA-BOOTSTRAP (reference = regenerated Stage 7 population),primary_2_20,gap_swap_minus_le_dir0.75,0.5935518171096396,0.5935881633369106,0.5923683567119004,0.5947319524498615,0.0006223732554818645,2000
THETA-BOOTSTRAP (reference = regenerated Stage 7 population),primary_2_20,gap_swap_minus_le_dir0.9,0.595424355909629,0.5954709764627095,0.5942021713220205,0.59668820005357,0.0006432219754412039,2000
THETA-BOOTSTRAP (reference = regenerated Stage 7 population),n_ge_8,slope_loschmidt_snr1,0.6037022771070807,0.6037238269891239,0.601590624599685,0.6058618017549698,0.0011031368011349386,2000
THETA-BOOTSTRAP (reference = regenerated Stage 7 population),n_ge_8,slope_loschmidt_snr2,0.6037025710803109,0.6037241499488112,0.6015910082214173,0.6058621010937996,0.001103139770059274,2000
THETA-BOOTSTRAP (reference = regenerated Stage 7 population),n_ge_8,slope_loschmidt_dir0.75,0.603496506324083,0.603497031173355,0.601403967628201,0.6055553151859568,0.0010837900449671663,2000
THETA-BOOTSTRAP (reference = regenerated Stage 7 population),n_ge_8,slope_loschmidt_dir0.9,0.6036333114859361,0.6036525854438762,0.601553093324007,0.605843936616066,0.0011069782209523957,2000
THETA-BOOTSTRAP (reference = regenerated Stage 7 population),n_ge_8,slope_loschmidt_nz0.9,0.6031108306803009,0.6030591134766845,0.6009622272850077,0.605238859365066,0.0010983554151133435,2000
THETA-BOOTSTRAP (reference = regenerated Stage 7 population),n_ge_8,slope_swap_snr1,1.2060411673205977,1.2061649655497824,1.20177274293292,1.210559171776735,0.0022342051235829034,2000
THETA-BOOTSTRAP (reference = regenerated Stage 7 population),n_ge_8,slope_swap_snr2,1.2060411673561706,1.2061649655614026,1.201772742950845,1.2105591717946524,0.002234205124080143,2000
THETA-BOOTSTRAP (reference = regenerated Stage 7 population),n_ge_8,slope_swap_dir0.75,1.2060377669127225,1.2061616398300397,1.2017693305835557,1.2105557154517443,0.0022341734420854957,2000
THETA-BOOTSTRAP (reference = regenerated Stage 7 population),n_ge_8,slope_swap_dir0.9,1.2060402253723033,1.206164044275666,1.20177179766529,1.2105582143255345,0.002234196346833507,2000
THETA-BOOTSTRAP (reference = regenerated Stage 7 population),n_ge_8,slope_swap_nz0.9,1.7291972242466875e-17,1.586032892321652e-17,1.586032892321652e-17,1.586032892321652e-17,6.164517144014495e-33,2000
THETA-BOOTSTRAP (reference = regenerated Stage 7 population),n_ge_8,gap_swap_minus_le_snr1,0.602338890213517,0.6024469360677118,0.5999290751250927,0.6049603926807738,0.0012691676911747636,2000
THETA-BOOTSTRAP (reference = regenerated Stage 7 population),n_ge_8,gap_swap_minus_le_snr2,0.6023385962758597,0.6024465895429048,0.5999288573258019,0.604959815707402,0.0012691628008468807,2000
THETA-BOOTSTRAP (reference = regenerated Stage 7 population),n_ge_8,gap_swap_minus_le_dir0.75,0.6025412605886394,0.6026728316634727,0.6002438898592592,0.6050929854833934,0.0012385611395028331,2000
THETA-BOOTSTRAP (reference = regenerated Stage 7 population),n_ge_8,gap_swap_minus_le_dir0.9,0.6024069138863671,0.6024825571421784,0.5999886539229358,0.604970782594545,0.0012522808064449886,2000
THETA-BOOTSTRAP (reference = regenerated Stage 7 population),extended_2_24,slope_loschmidt_snr1,0.6047725807768788,0.6047947551523123,0.6039165424650995,0.605666685296171,0.0004465111401098261,2000
THETA-BOOTSTRAP (reference = regenerated Stage 7 population),extended_2_24,slope_loschmidt_snr2,0.6055438585367146,0.6055753965359043,0.6046860275383128,0.6065179839580797,0.00046242319047279064,2000
THETA-BOOTSTRAP (reference = regenerated Stage 7 population),extended_2_24,slope_loschmidt_dir0.75,0.6033810804346278,0.6033487677702656,0.6024889740228705,0.6042048052661549,0.0004492197678120504,2000
THETA-BOOTSTRAP (reference = regenerated Stage 7 population),extended_2_24,slope_loschmidt_dir0.9,0.604417845320736,0.604414152934668,0.6035353316754446,0.6053030284972902,0.0004548582136507346,2000
THETA-BOOTSTRAP (reference = regenerated Stage 7 population),extended_2_24,slope_loschmidt_nz0.9,0.6005496137472414,0.6005556058712376,0.599679333657252,0.601383258521174,0.00043660252164044955,2000
THETA-BOOTSTRAP (reference = regenerated Stage 7 population),extended_2_24,slope_swap_snr1,1.2026964522701948,1.2026730121189781,1.200895201700318,1.2044208713248297,0.0009011636464643843,2000
THETA-BOOTSTRAP (reference = regenerated Stage 7 population),extended_2_24,slope_swap_snr2,1.2027565348178952,1.2027712682147318,1.2009925475632677,1.2044976537629197,0.0009004333000221503,2000
THETA-BOOTSTRAP (reference = regenerated Stage 7 population),extended_2_24,slope_swap_dir0.75,1.1990257856731468,1.1990337212879782,1.1972518005270203,1.2007414614409746,0.0008927005130341322,2000
THETA-BOOTSTRAP (reference = regenerated Stage 7 population),extended_2_24,slope_swap_dir0.9,1.2014745142408532,1.201493837887553,1.1997147374584027,1.2032100913995198,0.0008982159636797991,2000
THETA-BOOTSTRAP (reference = regenerated Stage 7 population),extended_2_24,slope_swap_nz0.9,0.003925384281844697,0.003925384281844703,0.003925384281844703,0.003925384281844703,8.675786597719598e-19,2000
THETA-BOOTSTRAP (reference = regenerated Stage 7 population),extended_2_24,gap_swap_minus_le_snr1,0.597923871493316,0.5978770504739165,0.5968185365127514,0.5988792138622446,0.0005245541764819604,2000
THETA-BOOTSTRAP (reference = regenerated Stage 7 population),extended_2_24,gap_swap_minus_le_snr2,0.5972126762811807,0.5971892078829643,0.5961410306441973,0.5981813160795675,0.0005174729421864237,2000
THETA-BOOTSTRAP (reference = regenerated Stage 7 population),extended_2_24,gap_swap_minus_le_dir0.75,0.595644705238519,0.5956718465761219,0.5946882272578397,0.5966048869580421,0.0004861907829123314,2000
THETA-BOOTSTRAP (reference = regenerated Stage 7 population),extended_2_24,gap_swap_minus_le_dir0.9,0.5970566689201172,0.5970869509437946,0.5960703620060022,0.5980256325415232,0.0005027520901515594,2000
"HIERARCHICAL (seeds, then theta within seed; mean slope over seeds)",primary_2_20,slope_loschmidt_snr1,,0.6053308416849443,0.6046660363705024,0.6059673370684876,0.0003311273074465857,2000
"HIERARCHICAL (seeds, then theta within seed; mean slope over seeds)",primary_2_20,slope_loschmidt_snr2,,0.6064529403744738,0.6057792546585063,0.6070999123151539,0.00033708658644872384,2000
"HIERARCHICAL (seeds, then theta within seed; mean slope over seeds)",primary_2_20,slope_loschmidt_dir0.75,,0.603271070219116,0.6025969116475882,0.6039198873670423,0.0003332977534272718,2000
"HIERARCHICAL (seeds, then theta within seed; mean slope over seeds)",primary_2_20,slope_loschmidt_dir0.9,,0.6046515388467966,0.603984878524116,0.6052800283465467,0.0003319090548313746,2000
"HIERARCHICAL (seeds, then theta within seed; mean slope over seeds)",primary_2_20,slope_loschmidt_nz0.9,,0.5994433024578415,0.5988191117223203,0.600093168036238,0.0003270954474944405,2000
"HIERARCHICAL (seeds, then theta within seed; mean slope over seeds)",primary_2_20,slope_swap_snr1,,1.2014399918985177,1.2002110509810204,1.2026461509674966,0.0006333509696452227,2000
"HIERARCHICAL (seeds, then theta within seed; mean slope over seeds)",primary_2_20,slope_swap_snr2,,1.2015717449196441,1.20034065226066,1.2027997326732773,0.0006333872759654178,2000
"HIERARCHICAL (seeds, then theta within seed; mean slope over seeds)",primary_2_20,slope_swap_dir0.75,,1.196263118284537,1.1950473497902045,1.1974644682829076,0.0006326662051962648,2000
"HIERARCHICAL (seeds, then theta within seed; mean slope over seeds)",primary_2_20,slope_swap_dir0.9,,1.1997755609256404,1.198545720745987,1.2009978615908659,0.0006326530756004309,2000
"HIERARCHICAL (seeds, then theta within seed; mean slope over seeds)",primary_2_20,slope_swap_nz0.9,,0.005566908617888856,0.00550911962042539,0.0055972855197677016,2.2544887697538228e-05,2000
"HIERARCHICAL (seeds, then theta within seed; mean slope over seeds)",primary_2_20,gap_swap_minus_le_snr1,,0.596122851743579,0.595425453854145,0.5968066476139563,0.00035564405415880695,2000
"HIERARCHICAL (seeds, then theta within seed; mean slope over seeds)",primary_2_20,gap_swap_minus_le_snr2,,0.5951187670105491,0.5944449051318408,0.595806117306438,0.0003477298544781302,2000
"HIERARCHICAL (seeds, then theta within seed; mean slope over seeds)",primary_2_20,gap_swap_minus_le_dir0.75,,0.5929984221798319,0.5923060436585531,0.5936857348116092,0.00035455857604347235,2000
"HIERARCHICAL (seeds, then theta within seed; mean slope over seeds)",primary_2_20,gap_swap_minus_le_dir0.9,,0.5951228854261454,0.5944515466304234,0.5958088744987912,0.000347243711804389,2000
