n,seed,all_finite,min_log10_A,no_underflow,swap_exact_rows_float_ties,swap_exact_rows_no_tie,le_dir0.75_verified,le_dir0.75_floor_artifact,le_dir0.75_inversion_failures,le_dir0.9_verified,le_dir0.9_floor_artifact,le_dir0.9_inversion_failures,le_nz0.9_verified,le_nz0.9_floor_artifact,le_nz0.9_inversion_failures,le_inversions_ok,accepted
2,0,True,-10.164182885632313,True,0,True,300,43,0,300,13,0,300,0,0,True,True
4,0,True,-13.206420964791821,True,0,True,300,0,0,300,0,0,300,0,0,True,True
6,0,True,-16.704724830938883,True,0,True,300,0,0,300,0,0,300,0,0,True,True
8,0,True,-19.442350079300844,True,0,True,300,0,0,300,0,0,300,0,0,True,True
10,0,True,-20.12465108236001,True,0,True,300,0,0,300,0,0,300,0,0,True,True
12,0,True,-23.80146129539453,True,0,True,300,0,0,300,0,0,300,0,0,True,True
14,0,True,-25.33218248728274,True,0,True,300,0,0,300,0,0,300,0,0,True,True
16,0,True,-30.023732174015215,True,0,True,300,0,0,300,0,0,300,0,0,True,True
18,0,True,-30.078026375994746,True,0,True,300,0,0,300,0,0,300,0,0,True,True
20,0,True,-31.503766642552005,True,0,True,300,0,0,300,0,0,300,0,0,True,True
22,0,True,-33.2764977019146,True,0,True,300,0,0,300,0,0,300,0,0,True,True
24,0,True,-37.27522792581515,True,0,True,300,0,0,300,0,0,300,0,0,True,True
2,10000,True,-7.152961619835974,True,0,True,300,35,0,300,13,0,300,0,0,True,True
4,10000,True,-11.772429394406833,True,0,True,300,2,0,300,1,1,300,0,0,False,False
6,10000,True,-14.59383684653874,True,0,True,300,0,0,300,0,0,300,0,0,True,True
8,10000,True,-21.04255419577854,True,0,True,300,0,0,300,0,0,300,0,0,True,True
10,10000,True,-26.70405755345698,True,0,True,300,0,0,300,0,0,300,0,0,True,True
12,10000,True,-21.18770623625859,True,0,True,300,0,0,300,0,0,300,0,0,True,True
14,10000,True,-24.521625821901335,True,0,True,300,0,0,300,0,0,300,0,0,True,True
16,10000,True,-25.0207242071749,True,0,True,300,0,0,300,0,0,300,0,0,True,True
18,10000,True,-27.900221222025714,True,0,True,300,0,0,300,0,0,300,0,0,True,True
20,10000,True,-33.65859548478602,True,0,True,300,0,0,300,0,0,300,0,0,True,True
22,10000,True,-31.079442868211515,True,0,True,300,0,0,300,0,0,300,0,0,True,True
24,10000,True,-35.50664221595435,True,0,True,300,0,0,300,0,0,300,0,0,True,True
2,10001,True,-9.570482794750125,True,0,True,300,31,0,300,12,0,300,0,0,True,True
4,10001,True,-11.893082240473461,True,0,True,300,2,0,300,0,0,300,0,0,True,True
6,10001,True,-15.101244630020135,True,0,True,300,0,0,300,0,0,300,0,0,True,True
8,10001,True,-16.537072932788636,True,0,True,300,0,0,300,0,0,300,0,0,True,True
10,10001,True,-19.60218983184585,True,0,True,300,0,0,300,0,0,300,0,0,True,True
12,10001,True,-20.160344987048568,True,0,True,300,0,0,300,0,0,300,0,0,True,True
14,10001,True,-26.12816036915375,True,0,True,300,0,1,300,0,0,300,0,0,False,False
16,10001,True,-28.172501947002477,True,0,True,300,0,0,300,0,0,300,0,0,True,True
18,10001,True,-31.09342551520446,True,0,True,300,0,0,300,0,0,300,0,0,True,True
20,10001,True,-28.564284803601865,True,0,True,300,0,0,300,0,0,300,0,0,True,True
22,10001,True,-36.65869852116618,True,0,True,300,0,0,300,0,0,300,0,0,True,True
24,10001,True,-32.153465146611126,True,0,True,300,0,0,300,0,0,300,0,0,True,True
2,10002,True,-8.774477108912714,True,0,True,300,35,0,300,17,0,300,0,0,True,True
4,10002,True,-11.379581531949093,True,0,True,300,2,0,300,1,0,300,0,0,True,True
6,10002,True,-15.278030927456918,True,0,True,300,0,0,300,0,0,300,0,0,True,True
8,10002,True,-16.661158303577068,True,0,True,300,0,1,300,0,0,300,0,0,False,False
10,10002,True,-20.29438720419297,True,0,True,300,0,0,300,0,0,300,0,0,True,True
12,10002,True,-21.07260526698007,True,0,True,300,0,0,300,0,0,300,0,0,True,True
14,10002,True,-24.369949077995226,True,0,True,300,0,0,300,0,0,300,0,0,True,True
16,10002,True,-26.352327279628398,True,0,True,300,0,0,300,0,0,300,0,0,True,True
18,10002,True,-28.39484700653095,True,0,True,300,0,0,300,0,0,300,0,0,True,True
20,10002,True,-32.345711120685806,True,0,True,300,0,0,300,0,0,300,0,0,True,True
22,10002,True,-28.950345776313352,True,0,True,300,0,0,300,0,0,300,0,0,True,True
24,10002,True,-33.150137172217015,True,0,True,300,0,0,300,0,0,300,0,0,True,True
2,10003,True,-7.664604006904383,True,0,True,300,34,0,300,13,0,300,0,0,True,True
4,10003,True,-13.733690391902886,True,0,True,300,1,0,300,0,0,300,0,0,True,True
6,10003,True,-16.146755820994144,True,0,True,300,0,0,300,0,0,300,0,0,True,True
8,10003,True,-16.174488266102163,True,0,True,300,0,0,300,0,0,300,0,0,True,True
10,10003,True,-20.169048411994204,True,0,True,300,0,0,300,0,0,300,0,0,True,True
12,10003,True,-21.50074655379702,True,0,True,300,0,0,300,0,0,300,0,0,True,True
14,10003,True,-23.89564630469394,True,0,True,300,0,0,300,0,0,300,0,0,True,True
16,10003,True,-25.53391020842078,True,0,True,300,0,0,300,0,0,300,0,0,True,True
18,10003,True,-27.326371180503074,True,0,True,300,0,0,300,0,0,300,0,0,True,True
20,10003,True,-28.844589175039566,True,0,True,300,0,0,300,0,0,300,0,0,True,True
22,10003,True,-31.572630493419865,True,0,True,300,0,0,300,0,0,300,0,0,True,True
24,10003,True,-31.998497996330155,True,0,True,300,0,0,300,0,0,300,0,0,True,True
2,10004,True,-7.973546186101746,True,0,True,300,32,0,300,18,0,300,0,0,True,True
4,10004,True,-12.69454771987452,True,0,True,300,0,0,300,0,0,300,0,0,True,True
6,10004,True,-15.220162039114713,True,0,True,300,0,0,300,0,0,300,0,0,True,True
8,10004,True,-16.969276032914927,True,0,True,300,0,0,300,0,0,300,0,0,True,True
10,10004,True,-21.045372339541036,True,0,True,300,0,0,300,0,0,300,0,0,True,True
12,10004,True,-23.687250938121228,True,0,True,300,0,0,300,0,1,300,0,0,False,False
14,10004,True,-23.38687985895382,True,0,True,300,0,0,300,0,0,300,0,0,True,True
16,10004,True,-25.78603274424624,True,0,True,300,0,0,300,0,0,300,0,0,True,True
18,10004,True,-27.163765175087942,True,0,True,300,0,0,300,0,0,300,0,0,True,True
20,10004,True,-30.078028208894157,True,0,True,300,0,0,300,0,0,300,0,0,True,True
22,10004,True,-32.395275342574145,True,0,True,300,0,0,300,0,0,300,0,0,True,True
24,10004,True,-32.845432467262135,True,0,True,300,0,0,300,0,0,300,0,0,True,True
2,10005,True,-8.32522340830909,True,0,True,300,36,0,300,16,0,300,0,0,True,True
4,10005,True,-12.883919350280014,True,0,True,300,3,0,300,0,0,300,0,0,True,True
6,10005,True,-16.815460046144857,True,0,True,300,0,0,300,0,0,300,0,0,True,True
8,10005,True,-16.019643128297545,True,0,True,300,0,0,300,0,0,300,0,0,True,True
10,10005,True,-17.965520529906478,True,0,True,300,0,0,300,0,0,300,0,0,True,True
12,10005,True,-22.13054974302812,True,0,True,300,0,0,300,0,0,300,0,0,True,True
14,10005,True,-23.55412764210055,True,0,True,300,0,0,300,0,0,300,0,0,True,True
16,10005,True,-25.656144312149184,True,0,True,300,0,0,300,0,0,300,0,0,True,True
18,10005,True,-27.804158714811834,True,0,True,300,0,0,300,0,0,300,0,0,True,True
20,10005,True,-29.95708430770749,True,0,True,300,0,0,300,0,0,300,0,0,True,True
22,10005,True,-32.632728965720915,True,0,True,300,0,0,300,0,0,300,0,0,True,True
24,10005,True,-35.94140423617841,True,0,True,300,0,0,300,0,0,300,0,0,True,True
2,10006,True,-9.788402299740433,True,0,True,300,39,0,300,13,0,300,0,0,True,True
4,10006,True,-13.2409616813905,True,0,True,300,0,0,300,0,0,300,0,0,True,True
6,10006,True,-12.827291540974468,True,0,True,300,0,0,300,0,1,300,0,0,False,False
8,10006,True,-21.688440063956705,True,0,True,300,0,0,300,0,0,300,0,0,True,True
10,10006,True,-19.22487107669288,True,0,True,300,0,0,300,0,0,300,0,0,True,True
12,10006,True,-23.62848086997114,True,0,True,300,0,0,300,0,0,300,0,0,True,True
14,10006,True,-23.044377880070353,True,0,True,300,0,0,300,0,0,300,0,0,True,True
16,10006,True,-26.431796232625942,True,0,True,300,0,0,300,0,0,300,0,0,True,True
18,10006,True,-27.609530565635932,True,0,True,300,0,0,300,0,0,300,0,0,True,True
20,10006,True,-30.69232412332334,True,0,True,300,0,0,300,0,0,300,0,0,True,True
22,10006,True,-32.662037696610064,True,0,True,300,0,0,300,0,0,300,0,0,True,True
24,10006,True,-32.82928580674287,True,0,True,300,0,0,300,0,0,300,0,0,True,True
2,10007,True,-8.21277754060669,True,0,True,300,38,0,300,14,0,300,0,0,True,True
4,10007,True,-13.556996558117465,True,0,True,300,1,0,300,0,0,300,0,0,True,True
6,10007,True,-14.172922517376241,True,0,True,300,0,0,300,0,0,300,0,0,True,True
8,10007,True,-17.791021946196256,True,0,True,300,0,0,300,0,0,300,0,0,True,True
10,10007,True,-20.954292448988134,True,0,True,300,0,0,300,0,0,300,0,0,True,True
12,10007,True,-25.152215549353862,True,0,True,300,0,1,300,0,0,300,0,0,False,False
14,10007,True,-24.549939488490605,True,0,True,300,0,0,300,0,0,300,0,0,True,True
16,10007,True,-27.233001693869976,True,0,True,300,0,0,300,0,0,300,0,0,True,True
18,10007,True,-29.798412419068562,True,0,True,300,0,0,300,0,0,300,0,0,True,True
20,10007,True,-33.37164180294579,True,0,True,300,0,0,300,0,0,300,0,0,True,True
22,10007,True,-30.88367450348789,True,0,True,300,0,0,300,0,0,300,0,0,True,True
24,10007,True,-33.74812242239994,True,0,True,300,0,0,300,0,0,300,0,0,True,True
2,10008,True,-9.015237984283255,True,0,True,300,31,0,300,14,0,300,0,0,True,True
4,10008,True,-14.265125846338872,True,0,True,300,2,0,300,0,0,300,0,0,True,True
6,10008,True,-14.312826406491434,True,0,True,300,0,0,300,0,0,300,0,0,True,True
8,10008,True,-17.209744989047998,True,0,True,300,0,0,300,0,0,300,0,0,True,True
10,10008,True,-19.402594292818943,True,0,True,300,0,0,300,0,0,300,0,0,True,True
12,10008,True,-21.31397985545153,True,0,True,300,0,0,300,0,0,300,0,0,True,True
14,10008,True,-25.410974669578184,True,0,True,300,0,0,300,0,0,300,0,0,True,True
16,10008,True,-24.49402527766377,True,0,True,300,0,0,300,0,0,300,0,0,True,True
18,10008,True,-27.508126785522524,True,0,True,300,0,0,300,0,0,300,0,0,True,True
20,10008,True,-34.62369959870501,True,0,True,300,0,0,300,0,0,300,0,0,True,True
22,10008,True,-32.32955757812979,True,0,True,300,0,0,300,0,0,300,0,0,True,True
24,10008,True,-33.77285628114462,True,0,True,300,0,0,300,0,0,300,0,0,True,True
2,10009,True,-7.833728366906267,True,0,True,300,37,0,300,16,0,300,0,0,True,True
4,10009,True,-12.617339525280524,True,0,True,300,2,0,300,0,0,300,0,0,True,True
6,10009,True,-13.626770829656943,True,0,True,300,0,0,300,0,0,300,0,0,True,True
8,10009,True,-17.25771821538382,True,0,True,300,0,0,300,0,0,300,0,0,True,True
10,10009,True,-20.30103112293418,True,0,True,300,0,0,300,0,0,300,0,0,True,True
12,10009,True,-20.592022120070165,True,0,True,300,0,0,300,0,0,300,0,0,True,True
14,10009,True,-23.910065375434947,True,0,True,300,0,0,300,0,0,300,0,0,True,True
16,10009,True,-24.9491694399951,True,0,True,300,0,0,300,0,0,300,0,0,True,True
18,10009,True,-26.703260721687545,True,0,True,300,0,0,300,0,0,300,0,0,True,True
20,10009,True,-29.42696948075257,True,0,True,300,0,0,300,0,0,300,0,0,True,True
22,10009,True,-32.72344123447613,True,0,True,300,0,0,300,0,0,300,0,0,True,True
24,10009,True,-33.20211403965411,True,0,True,300,0,0,300,0,0,300,0,0,True,True
2,10010,True,-8.457570974541625,True,0,True,300,31,0,300,20,0,300,0,0,True,True
4,10010,True,-12.627094550145541,True,0,True,300,1,0,300,0,0,300,0,0,True,True
6,10010,True,-14.283100321507122,True,0,True,300,0,0,300,0,0,300,0,0,True,True
8,10010,True,-21.98427483699093,True,0,True,300,0,0,300,0,0,300,0,0,True,True
10,10010,True,-20.869127708618215,True,0,True,300,0,0,300,0,0,300,0,0,True,True
12,10010,True,-21.462140683851317,True,0,True,300,0,0,300,0,0,300,0,0,True,True
14,10010,True,-23.425406603197654,True,0,True,300,0,1,300,0,0,300,0,0,False,False
16,10010,True,-27.697454815078853,True,0,True,300,0,0,300,0,0,300,0,0,True,True
18,10010,True,-28.315824221460453,True,0,True,300,0,0,300,0,0,300,0,0,True,True
20,10010,True,-30.953915317467978,True,0,True,300,0,0,300,0,0,300,0,0,True,True
22,10010,True,-32.23499087728605,True,0,True,300,0,0,300,0,0,300,0,0,True,True
24,10010,True,-35.80494300600786,True,0,True,300,0,0,300,0,0,300,0,0,True,True
2,10011,True,-9.438974642403057,True,0,True,300,35,0,300,16,0,300,0,0,True,True
4,10011,True,-12.509159498310312,True,0,True,300,2,0,300,0,0,300,0,0,True,True
6,10011,True,-13.874993973561416,True,0,True,300,0,0,300,0,0,300,0,0,True,True
8,10011,True,-16.49281591032087,True,0,True,300,0,0,300,0,0,300,0,0,True,True
10,10011,True,-19.99153684836831,True,0,True,300,0,0,300,0,0,300,0,0,True,True
12,10011,True,-22.165758905590604,True,0,True,300,0,0,300,0,0,300,0,0,True,True
14,10011,True,-22.862385795727715,True,0,True,300,0,0,300,0,0,300,0,0,True,True
16,10011,True,-30.151561542491766,True,0,True,300,0,0,300,0,0,300,0,0,True,True
18,10011,True,-26.905685219213396,True,0,True,300,0,0,300,0,0,300,0,0,True,True
20,10011,True,-30.327179634366008,True,0,True,300,0,0,300,0,0,300,0,0,True,True
22,10011,True,-32.847118220489264,True,0,True,300,0,0,300,0,0,300,0,0,True,True
24,10011,True,-31.698138952252638,True,0,True,300,0,0,300,0,0,300,0,0,True,True
2,10012,True,-7.8406735656573705,True,0,True,300,46,0,300,13,0,300,0,0,True,True
4,10012,True,-14.811574560133819,True,0,True,300,2,0,300,1,0,300,0,0,True,True
6,10012,True,-15.385392231650512,True,0,True,300,0,0,300,0,0,300,0,0,True,True
8,10012,True,-17.343835142808825,True,0,True,300,0,0,300,0,0,300,0,0,True,True
10,10012,True,-21.462586907784317,True,0,True,300,0,0,300,0,0,300,0,0,True,True
12,10012,True,-22.755181953492738,True,0,True,300,0,0,300,0,0,300,0,0,True,True
14,10012,True,-25.193597298427807,True,0,True,300,0,0,300,0,0,300,0,0,True,True
16,10012,True,-27.635773075009418,True,0,True,300,0,0,300,0,0,300,0,0,True,True
18,10012,True,-31.30402329958293,True,0,True,300,0,0,300,0,0,300,0,0,True,True
20,10012,True,-32.69733614983232,True,0,True,300,0,0,300,0,0,300,0,0,True,True
22,10012,True,-31.822826813108815,True,0,True,300,0,0,300,0,0,300,0,0,True,True
24,10012,True,-33.02495243563348,True,0,True,300,0,0,300,0,0,300,0,0,True,True
2,10013,True,-8.550119541846989,True,0,True,300,42,0,300,21,0,300,0,0,True,True
4,10013,True,-12.077263289335743,True,0,True,300,2,0,300,0,0,300,0,0,True,True
6,10013,True,-14.176659297596707,True,0,True,300,0,0,300,0,0,300,0,0,True,True
8,10013,True,-19.469466362110435,True,0,True,300,0,0,300,0,0,300,0,0,True,True
10,10013,True,-20.45606038260881,True,0,True,300,0,0,300,0,0,300,0,0,True,True
12,10013,True,-22.607024431264676,True,0,True,300,0,0,300,0,0,300,0,0,True,True
14,10013,True,-23.043008854180396,True,0,True,300,0,0,300,0,0,300,0,0,True,True
16,10013,True,-26.733869778258143,True,0,True,300,0,0,300,0,0,300,0,0,True,True
18,10013,True,-28.087046247439268,True,0,True,300,0,0,300,0,0,300,0,0,True,True
20,10013,True,-30.169895289987426,True,0,True,300,0,0,300,0,0,300,0,0,True,True
22,10013,True,-34.11904245476645,True,0,True,300,0,0,300,0,0,300,0,0,True,True
24,10013,True,-34.453750984436844,True,0,True,300,0,0,300,0,0,300,0,0,True,True
2,10014,True,-7.167929728180788,True,0,True,300,36,0,300,11,0,300,0,0,True,True
4,10014,True,-11.638184187212053,True,0,True,300,2,0,300,1,0,300,0,0,True,True
6,10014,True,-13.941114548116087,True,0,True,300,0,0,300,0,0,300,0,0,True,True
8,10014,True,-17.078501620267687,True,0,True,300,0,0,300,0,0,300,0,0,True,True
10,10014,True,-20.62185564785755,True,0,True,300,0,0,300,0,1,300,0,0,False,False
12,10014,True,-20.099744339474036,True,0,True,300,0,0,300,0,0,300,0,0,True,True
14,10014,True,-26.84179519904916,True,0,True,300,0,0,300,0,0,300,0,0,True,True
16,10014,True,-26.73827968090698,True,0,True,300,0,0,300,0,0,300,0,0,True,True
18,10014,True,-31.921897861332745,True,0,True,300,0,0,300,0,0,300,0,0,True,True
20,10014,True,-32.01954172397711,True,0,True,300,0,0,300,0,0,300,0,0,True,True
22,10014,True,-32.27276306648004,True,0,True,300,0,0,300,0,0,300,0,0,True,True
24,10014,True,-34.67481737039216,True,0,True,300,0,0,300,0,0,300,0,0,True,True
2,10015,True,-9.875006091200406,True,0,True,300,40,0,300,13,0,300,0,0,True,True
4,10015,True,-13.609709075439621,True,0,True,300,0,0,300,1,0,300,0,0,True,True
6,10015,True,-13.54627871130634,True,0,True,300,0,0,300,0,0,300,0,0,True,True
8,10015,True,-15.3244933033089,True,0,True,300,0,0,300,0,1,300,0,0,False,False
10,10015,True,-19.432990282656554,True,0,True,300,0,0,300,0,0,300,0,0,True,True
12,10015,True,-22.45007020978418,True,0,True,300,0,0,300,0,0,300,0,0,True,True
14,10015,True,-25.309976336367825,True,0,True,300,0,0,300,0,0,300,0,0,True,True
16,10015,True,-27.091036350361698,True,0,True,300,0,0,300,0,0,300,0,0,True,True
18,10015,True,-31.978897371145344,True,0,True,300,0,0,300,0,0,300,0,0,True,True
20,10015,True,-28.911328962567516,True,0,True,300,0,0,300,0,0,300,0,0,True,True
22,10015,True,-32.228010083503996,True,0,True,300,0,0,300,0,0,300,0,0,True,True
24,10015,True,-34.421891484805116,True,0,True,300,0,0,300,0,0,300,0,0,True,True
2,10016,True,-8.993250622748327,True,0,True,300,38,0,300,12,0,300,0,0,True,True
4,10016,True,-12.581768637154678,True,0,True,300,0,0,300,1,0,300,0,0,True,True
6,10016,True,-13.792252284920526,True,0,True,300,0,0,300,0,0,300,0,0,True,True
8,10016,True,-15.85707516744163,True,0,True,300,0,0,300,0,0,300,0,0,True,True
10,10016,True,-18.979329018930194,True,0,True,300,0,0,300,0,1,300,0,0,False,False
12,10016,True,-23.601640214146904,True,0,True,300,0,0,300,0,0,300,0,0,True,True
14,10016,True,-23.34751428796161,True,0,True,300,0,0,300,0,0,300,0,0,True,True
16,10016,True,-26.928823548859143,True,0,True,300,0,0,300,0,0,300,0,0,True,True
18,10016,True,-27.177506514160132,True,0,True,300,0,0,300,0,0,300,0,0,True,True
20,10016,True,-29.50252026934034,True,0,True,300,0,0,300,0,0,300,0,0,True,True
22,10016,True,-32.29436209518564,True,0,True,300,0,0,300,0,0,300,0,0,True,True
24,10016,True,-33.51927137230346,True,0,True,300,0,0,300,0,0,300,0,0,True,True
2,10017,True,-9.771091327955718,True,0,True,300,40,0,300,16,0,300,0,0,True,True
4,10017,True,-14.66955083452755,True,0,True,300,2,0,300,0,0,300,0,0,True,True
6,10017,True,-15.167950576396738,True,0,True,300,0,0,300,0,0,300,0,0,True,True
8,10017,True,-17.4212867594924,True,0,True,300,0,0,300,0,0,300,0,0,True,True
10,10017,True,-21.039389502528326,True,0,True,300,0,0,300,0,0,300,0,0,True,True
12,10017,True,-20.27712471486927,True,0,True,300,0,0,300,0,0,300,0,0,True,True
14,10017,True,-22.415333994210165,True,0,True,300,0,0,300,0,0,300,0,0,True,True
16,10017,True,-24.032972546343284,True,0,True,300,0,0,300,0,0,300,0,0,True,True
18,10017,True,-29.339175374504144,True,0,True,300,0,0,300,0,0,300,0,0,True,True
20,10017,True,-28.22703775201719,True,0,True,300,0,0,300,0,0,300,0,0,True,True
22,10017,True,-31.979119518766694,True,0,True,300,0,0,300,0,0,300,0,0,True,True
24,10017,True,-35.61017295103254,True,0,True,300,0,0,300,0,0,300,0,0,True,True
2,10018,True,-8.965366854592471,True,0,True,300,31,0,300,19,0,300,0,0,True,True
4,10018,True,-12.942067876509894,True,0,True,300,2,0,300,0,0,300,0,0,True,True
6,10018,True,-15.800222255243291,True,0,True,300,0,0,300,0,0,300,0,0,True,True
8,10018,True,-15.985531850726318,True,0,True,300,0,0,300,0,1,300,0,0,False,False
10,10018,True,-20.564487373165875,True,0,True,300,0,0,300,0,0,300,0,0,True,True
12,10018,True,-21.413283863720757,True,0,True,300,0,0,300,0,0,300,0,0,True,True
14,10018,True,-29.50943695422511,True,0,True,300,0,0,300,0,0,300,0,0,True,True
16,10018,True,-25.027895951206276,True,0,True,300,0,0,300,0,0,300,0,0,True,True
18,10018,True,-27.57790417293604,True,0,True,300,0,0,300,0,0,300,0,0,True,True
20,10018,True,-31.45682617394508,True,0,True,300,0,0,300,0,0,300,0,0,True,True
22,10018,True,-32.07264378503077,True,0,True,300,0,0,300,0,0,300,0,0,True,True
24,10018,True,-34.37746096293947,True,0,True,300,0,0,300,0,0,300,0,0,True,True
2,10019,True,-8.247228204077615,True,0,True,300,45,0,300,14,0,300,0,0,True,True
4,10019,True,-11.905200599977142,True,0,True,300,2,0,300,0,0,300,0,0,True,True
6,10019,True,-15.04356476654079,True,0,True,300,1,0,300,0,0,300,0,0,True,True
8,10019,True,-17.91580517708234,True,0,True,300,0,0,300,0,0,300,0,0,True,True
10,10019,True,-20.18456190335763,True,0,True,300,0,0,300,0,0,300,0,0,True,True
12,10019,True,-21.2322008940621,True,0,True,300,0,0,300,0,0,300,0,0,True,True
14,10019,True,-25.91974697143599,True,0,True,300,0,0,300,0,0,300,0,0,True,True
16,10019,True,-26.58601148308929,True,0,True,300,0,0,300,0,0,300,0,0,True,True
18,10019,True,-30.275035173944374,True,0,True,300,0,0,300,0,0,300,0,0,True,True
20,10019,True,-30.414992095775876,True,0,True,300,0,0,300,0,0,300,0,0,True,True
22,10019,True,-32.61932489005836,True,0,True,300,0,0,300,0,0,300,0,0,True,True
24,10019,True,-34.56662711782181,True,0,True,300,0,0,300,0,0,300,0,0,True,True
