n,seed,target,exact_rows_in_point,M_returned,log10_overshoot_vs_first_grid_M,max_nonmonotone_drop_in_P,M_times_A,abs_s
4,10000,dir0.9,24805,861502185.0,8.688979206696705e-06,9.923478314854961e-06,8181.089672065377,0.014229559290531973
14,10001,dir0.75,24901,558723456.0,0.0,1.5063769570611285e-06,5036.249418813907,0.009603507309080736
14,10001,dir0.75,24901,875579825.0,0.0,2.0507828640825565e-06,8792.612725661986,0.007249933697677932
14,10001,dir0.75,24901,249070538.0,8.688747648725011e-06,2.858247665438185e-06,4245.9465555749175,0.010468763422416203
14,10001,dir0.9,24793,1569388496.0,2.1722621463678373e-05,2.7650734931161658e-05,5305.832660858048,0.01768719434380267
14,10001,dir0.9,24793,928584171.0,2.1722652938138276e-05,1.599111880945525e-05,6491.326242621445,0.015982907503731367
8,10002,dir0.75,24887,1741327636.0,0.0,8.070614261668219e-06,5406.314642250517,0.009265691395962365
8,10002,dir0.75,24887,1511722130.0,4.344339394498544e-06,5.204486514309714e-06,6237.441568848036,0.008620352446261026
8,10002,dir0.75,24887,1124276922.0,0.0,1.4223151008851964e-05,7107.196500394598,0.008070871852267307
8,10002,dir0.75,24887,352879540.0,0.0,3.2580239540669353e-06,2705.9286781510386,0.013150778394651444
8,10002,dir0.75,24887,1143282278.0,1.7378094234862117e-05,1.3191618163821417e-05,3995.006110339189,0.010796516160174586
8,10002,dir0.9,24790,992972327.0,2.1722433026641152e-05,1.5372824686554765e-05,5703.7932254393645,0.017055956336362893
8,10002,dir0.9,24790,203498637.0,0.0,1.850531167413294e-06,1431.0809365530447,0.034221524083990304
8,10002,dir0.9,24790,410932996.0,0.0,4.343882064272719e-06,4362.227152547606,0.019517263688336235
8,10002,dir0.9,24790,2761476586.0,6.517084550604337e-05,4.3467023760124235e-05,8513.802736368854,0.013948278600174512
8,10002,dir0.9,24790,2094082917.0,4.344453716208321e-06,3.2075337500492296e-06,6811.33336575112,0.015601083844997511
8,10002,dir0.9,24790,279134143.0,4.3439911888802655e-06,3.407188378434789e-06,6435.312517385916,0.0160525383263144
12,10004,dir0.75,24884,359237392.0,0.0,3.3701155656151727e-06,2874.10966853387,0.012754917687172022
12,10004,dir0.75,24884,1651563187.0,1.3033264825432016e-05,5.3196268365862664e-06,6787.317939972556,0.008260623571901854
12,10004,dir0.75,24884,682149790.0,0.0,7.90389336768893e-06,3117.9290804105617,0.012239515942719917
12,10004,dir0.75,24884,288116050.0,4.344231974893537e-06,2.570239673760355e-06,2169.1263168627315,0.014712323990801825
12,10004,dir0.75,24884,1139653544.0,2.1722630802722753e-05,1.616131518000774e-05,8464.548820210879,0.007390216982382378
12,10004,dir0.9,24793,1439858851.0,3.9101445507862505e-05,1.788951902437219e-05,5677.470012111196,0.01709602298077158
12,10004,dir0.9,24793,858172493.0,1.73777444531493e-05,1.1063627202712034e-05,7034.390775785559,0.01535062944770188
12,10004,dir0.9,24793,414026198.0,4.34478965531784e-06,4.456717378698016e-06,5701.634346396519,0.01705914130890804
12,10004,dir0.9,24793,443945356.0,0.0,5.922025693938515e-06,2457.6143675114645,0.026052291315979904
12,10004,dir0.9,24793,221909728.0,4.344733244364753e-06,2.1384686132996933e-06,3426.432738615098,0.022037970247625858
12,10004,dir0.9,24793,633675409.0,4.344505801617433e-06,7.9663523220308e-06,4756.434200637377,0.018686589262878802
12,10004,dir0.9,24793,244286481.0,0.0,3.064581746037298e-06,3768.9405184681746,0.021006430135999832
6,10006,dir0.75,24878,283768507.0,0.0,2.326758740123225e-06,1773.9362958810168,0.016295557394403585
6,10006,dir0.9,24787,273082716.0,0.0,3.7907876926368544e-06,7059.665793507122,0.015322915148451785
6,10006,dir0.9,24787,1144986852.0,2.606709503573705e-05,1.8020771485716125e-05,5413.580568833375,0.017509859737790037
12,10007,dir0.75,24890,628985066.0,8.688944661320702e-06,6.810874558782487e-06,7302.347062748272,0.007961470117888234
12,10007,dir0.75,24890,559586363.0,4.344624585322149e-06,6.169371486675068e-06,6938.464637188259,0.008169332512088845
12,10007,dir0.75,24890,531163609.0,0.0,5.833308948433036e-06,2397.2538913581907,0.01398406026925701
12,10007,dir0.75,24890,596640303.0,0.0,7.570531434630823e-06,2218.7103186199606,0.01454443162877766
12,10007,dir0.75,24890,352994413.0,0.0,3.278030308861979e-06,1900.7442930104799,0.015733409368887022
12,10007,dir0.75,24890,688896215.0,8.689176388817668e-06,7.801005179608467e-06,2549.344098965286,0.013554485896962181
12,10007,dir0.75,24890,245273076.0,4.345213945032758e-06,2.999476625298314e-06,1628.9238284302257,0.017018223607269865
12,10007,dir0.9,24787,225115134.0,4.344603794051367e-06,1.6885668636668072e-06,1358.5715823823919,0.03513199589920724
12,10007,dir0.9,24787,396350099.0,0.0,4.31249154964064e-06,2021.0351501786051,0.028751241528929033
12,10007,dir0.9,24787,291388875.0,4.344622789858801e-06,4.2920349415664916e-06,1366.401712064316,0.03503031187518482
12,10007,dir0.9,24787,2435359913.0,6.95159369293873e-05,3.9109629001332635e-05,9012.34509332173,0.013554485896962181
12,10007,dir0.9,24787,1014726530.0,4.344564970326651e-06,1.674767199566496e-05,8046.228459807314,0.01434873121538047
14,10010,dir0.75,24906,752898242.0,1.3033098249418618e-05,8.790939151848143e-06,6180.776957198611,0.008660288659206383
14,10010,dir0.75,24906,281966895.0,0.0,2.583788262122688e-06,6017.006360187742,0.008778314535946576
14,10010,dir0.75,24906,935154343.0,1.73780836045415e-05,1.5205422684405612e-05,8173.948759023709,0.007521569008520416
14,10010,dir0.75,24906,616373614.0,8.689166776111646e-06,7.50466529708671e-06,3061.8638879356017,0.012352547788624392
14,10010,dir0.9,24803,1426005970.0,0.0,1.8346274845537636e-05,4348.379720346804,0.019548427528259266
14,10010,dir0.9,24803,671741636.0,1.3033394630042478e-05,9.388758504424999e-06,2843.5960789917594,0.024206928694281486
14,10010,dir0.9,24803,954849308.0,4.344561603603848e-06,1.539910725345539e-05,3417.8293362712925,0.022066016405286593
14,10010,dir0.9,24803,266909435.0,4.3444401525960234e-06,2.930250655674982e-06,5773.667616923457,0.016951896976420546
14,10010,dir0.9,24803,438244132.0,0.0,5.174538849406218e-06,3094.965551176589,0.02319613987421457
10,10014,dir0.75,24892,507936918.0,4.344360925979697e-06,6.164306345590731e-06,4414.60717749974,0.01026467840521753
10,10014,dir0.75,24892,2042697493.0,3.0411921031484872e-05,2.844791971012839e-05,6325.430382804816,0.008559823379451026
10,10014,dir0.75,24892,518309774.0,0.0,6.301375617412397e-06,2018.8523782224613,0.015258739756129718
10,10014,dir0.75,24892,2420671916.0,9.99325007337829e-05,3.193692486958e-05,9543.524161840935,0.006956935529500383
10,10014,dir0.9,24814,319782807.0,0.0,4.297626893690065e-06,5397.191149237881,0.017536218823867574
10,10014,dir0.9,24814,620277784.0,8.689088301098251e-06,8.712623847051404e-06,2160.974738032863,0.02779716323141216
10,10014,dir0.9,24814,505763384.0,4.344139654962666e-06,6.750226886120814e-06,5239.779031127172,0.01779893919020906
10,10014,dir0.9,24814,1827775957.0,6.517082829306691e-05,3.292934446053053e-05,7119.313628161072,0.015258739756129718
10,10014,dir0.9,24814,1866518801.0,3.910136505885465e-05,3.178614430954241e-05,8369.243101087788,0.014067741021147042
8,10015,dir0.75,24898,443509968.0,0.0,5.363406359037981e-07,3830.998039803363,0.011027661707684233
8,10015,dir0.75,24898,791037297.0,4.344408837628431e-06,8.818679491096049e-06,5339.917103520313,0.009323845410800627
8,10015,dir0.75,24898,1437369190.0,1.3033237182850429e-05,4.726855791337137e-06,5255.001496665515,0.009399491404764378
8,10015,dir0.75,24898,1935204678.0,0.0,9.860111172099728e-06,5767.0525222012475,0.008968256375180762
8,10015,dir0.75,24898,980232202.0,1.7377758996264916e-05,1.4302395178300564e-05,3361.5337536488105,0.01178192680984838
8,10015,dir0.9,24805,952408847.0,2.172236155995355e-05,1.584185880754152e-05,5892.5765399634465,0.0167792000455669
8,10015,dir0.9,24805,400409972.0,4.343943009440426e-06,5.279298197158333e-06,3321.6582466189625,0.022385281616957672
8,10015,dir0.9,24805,176401852.0,4.345382923601205e-06,1.733372350209983e-06,1570.369676163653,0.03265384481869854
8,10015,dir0.9,24805,151882015.0,4.343480805736888e-06,1.0041639637581312e-06,1421.400290266318,0.034338862117780505
10,10016,dir0.75,24902,558889829.0,0.0,6.688626019824007e-06,2107.6963029446993,0.014928494075390483
10,10016,dir0.75,24902,2082986085.0,1.7377872394612293e-05,3.0550071586477046e-05,8283.105807736712,0.007471401816770248
10,10016,dir0.75,24902,841413162.0,4.344447059908136e-06,8.728696097359823e-06,6566.7262771525775,0.008399479637437228
10,10016,dir0.9,24818,1764446298.0,7.386098785782286e-05,3.449834781910077e-05,5575.302425359411,0.01725337134561682
10,10016,dir0.9,24818,500908875.0,1.3033134239257556e-05,7.376324458685524e-06,5514.475000479419,0.017347785144625014
10,10016,dir0.9,24818,1971665572.0,1.3033442615947927e-05,3.868710986543178e-05,7435.583940010734,0.014928494075390483
10,10016,dir0.9,24818,314927631.0,4.343964533689216e-06,3.6239257221737375e-06,3266.5322630956234,0.022574519973223035
10,10016,dir0.9,24818,814623639.0,4.3444398923266444e-06,1.3277270374700834e-05,3586.224980280061,0.021538324093126143
10,10016,dir0.9,24818,275961697.0,0.0,3.090908068381637e-06,1316.4253379580744,0.035695605063720874
10,10016,dir0.9,24818,767320974.0,1.3033201791937315e-05,9.39604173144648e-06,3771.4104517673245,0.02099972787336369
10,10016,dir0.9,24818,1612470711.0,6.0825713949932554e-05,2.3107226736707176e-05,4678.516119756585,0.018843260856136173
10,10016,dir0.9,24818,147495161.0,4.343109018014856e-06,1.3486440810783762e-06,2600.0460378627395,0.025323306927258076
8,10018,dir0.75,24914,955478453.0,0.0,3.665047063616811e-06,5296.645696859424,0.009362080062681919
8,10018,dir0.75,24914,765266895.0,4.344289434831615e-06,8.028739089338544e-06,2507.9116049265585,0.013667560232556995
8,10018,dir0.75,24914,259633145.0,4.344084844391349e-06,3.2570647938712227e-06,1989.6567556489715,0.015372139600364265
8,10018,dir0.75,24914,1319992399.0,1.303338221614539e-05,1.8132090626510333e-05,6060.948549726248,0.008746025691741904
8,10018,dir0.75,24914,1316948835.0,8.688952200474863e-06,1.5807267659262436e-05,9863.705110375182,0.006842012724509944
8,10018,dir0.75,24914,420678211.0,0.0,3.97681917552184e-06,6165.310937722541,0.008671102366664067
8,10018,dir0.9,24808,677068733.0,1.3033480298227182e-05,9.541976657034823e-06,6799.839433593258,0.01561465032095561
8,10018,dir0.9,24808,1249464676.0,2.6067182326048617e-05,1.9895958728088914e-05,4093.783865893414,0.020150879762151894
8,10018,dir0.9,24808,140543095.0,4.344724982089676e-06,1.2715347894598494e-06,1204.7513863511283,0.03733078054637007
8,10018,dir0.9,24808,286261275.0,0.0,3.950577783795595e-06,1558.3456786175798,0.03278076695029527
8,10018,dir0.9,24808,209253882.0,4.343923696179537e-06,2.039420652355517e-06,4561.517253229346,0.019083643748771528
8,10018,dir0.9,24808,308367342.0,0.0,3.568950416754646e-06,6978.391489404212,0.015412403044599446
8,10018,dir0.9,24808,163801194.0,4.3455862540631995e-06,1.448207422427572e-06,1577.7288765496978,0.032576759128809155
8,10018,dir0.9,24808,2028525026.0,4.344411625374817e-06,3.959096451833233e-05,8416.659601898253,0.014028103173730102
8,10018,dir0.9,24808,647455436.0,0.0,8.89459898012479e-06,4545.950272515436,0.019116550180849838
8,10018,dir0.9,24808,178577722.0,4.3435083320926884e-06,1.4818063727162212e-06,1981.3133573360774,0.029040506982957973
