n,shots,stratum,starts,arm,median_log10_F0,p_F_final_ge_0.5,p_F_final_ge_0.5_lo,p_F_final_ge_0.5_hi,mean_cos,mean_cos_lo,mean_cos_hi,frac_wrong,frac_wrong_lo,frac_wrong_hi
10,64,F0 < median,500,exact,-7.445901033948732,0.002,0.0,0.006,1.0,1.0,1.0,0.0,0.0,0.0
10,64,F0 < median,500,SWAP,-7.445901033948732,0.02,0.008,0.032,0.0029918259538718466,0.0007772944270674985,0.005403065502239273,0.497832,0.4949473,0.5005842
10,64,F0 < median,500,random walk,-7.445901033948732,0.0,0.0,0.0,0.0008385153896721982,-0.0004395517549947891,0.0020702486613681974,0.4995,0.49750800000000006,0.5014443
10,64,median <= F0 < q90,400,exact,-4.514385453356532,0.0975,0.07,0.1275,1.0,1.0,1.0,0.0,0.0,0.0
10,64,median <= F0 < q90,400,SWAP,-4.514385453356532,0.16,0.125,0.1975,0.02981595096037426,0.0229312896202727,0.036877609061600015,0.46850499999999995,0.4606995,0.47616074999999997
10,64,median <= F0 < q90,400,random walk,-4.514385453356532,0.0,0.0,0.0,-0.0008908194855327471,-0.0022568849465961103,0.0003984409280327325,0.5006499999999999,0.49859987499999997,0.5027757500000001
10,64,F0 >= q90,100,exact,-2.4597092095133046,1.0,1.0,1.0,1.0,1.0,1.0,0.0,0.0,0.0
10,64,F0 >= q90,100,SWAP,-2.4597092095133046,0.91,0.85,0.96,0.23897309181712414,0.22161769964007383,0.2542772273861958,0.24136000000000002,0.22465899999999997,0.2602665
10,64,F0 >= q90,100,random walk,-2.4597092095133046,0.0,0.0,0.0,9.148349635239628e-05,-0.002258825953373484,0.0024950065394434098,0.4994199999999999,0.4955400000000001,0.5032405
10,1024,F0 < median,500,exact,-7.445901033948732,0.002,0.0,0.006,1.0,1.0,1.0,0.0,0.0,0.0
10,1024,F0 < median,500,SWAP,-7.445901033948732,0.002,0.0,0.006,0.0004330499068121266,-0.0013943860967703249,0.002358671361990135,0.50058,0.49825590000000003,0.502848
10,1024,F0 < median,500,random walk,-7.445901033948732,0.0,0.0,0.0,0.00022532365361215668,-0.000936460252342912,0.001351089912617623,0.49958400000000003,0.4977917,0.50132
10,1024,median <= F0 < q90,400,exact,-4.514385453356532,0.0975,0.0675,0.125,1.0,1.0,1.0,0.0,0.0,0.0
10,1024,median <= F0 < q90,400,SWAP,-4.514385453356532,0.1075,0.0774375000000001,0.1375,0.03900289902167234,0.030554606912938483,0.047421539295544705,0.46185500000000007,0.454028625,0.4700206249999999
10,1024,median <= F0 < q90,400,random walk,-4.514385453356532,0.0,0.0,0.0,0.0006723191791648132,-0.0007090961719425518,0.002089783101207332,0.49915000000000004,0.49690475,0.501430625
10,1024,F0 >= q90,100,exact,-2.4597092095133046,1.0,1.0,1.0,1.0,1.0,1.0,0.0,0.0,0.0
10,1024,F0 >= q90,100,SWAP,-2.4597092095133046,1.0,1.0,1.0,0.3379326126544251,0.33323806638621073,0.34212412691194766,0.17277999999999996,0.16791849999999997,0.17848
10,1024,F0 >= q90,100,random walk,-2.4597092095133046,0.0,0.0,0.0,-0.0007335659259005724,-0.0035236877361594886,0.002093263723576262,0.50334,0.4992195,0.5078805
12,64,F0 < median,500,exact,-8.907896629894552,0.0,0.0,0.0,1.0,1.0,1.0,0.0,0.0,0.0
12,64,F0 < median,500,SWAP,-8.907896629894552,0.002,0.0,0.006,0.0011316902895448168,-0.00015371023799317849,0.002490104354647143,0.49839999999999995,0.4963319,0.5005041
12,64,F0 < median,500,random walk,-8.907896629894552,0.0,0.0,0.0,-0.0007571065496376748,-0.0019069227643045334,0.0003801084030224429,0.5010760000000001,0.49914310000000006,0.5031325
12,64,median <= F0 < q90,400,exact,-5.641847357740237,0.0075,0.0,0.0175,1.0,1.0,1.0,0.0,0.0,0.0
12,64,median <= F0 < q90,400,SWAP,-5.641847357740237,0.0125,0.0025,0.025,0.0038860799828328496,0.0015135528365965247,0.00656572029655438,0.49607999999999997,0.492499625,0.49934049999999996
12,64,median <= F0 < q90,400,random walk,-5.641847357740237,0.0,0.0,0.0,-0.000109383587126645,-0.0012435443690690723,0.0011145832443499846,0.500305,0.498254875,0.5023205
12,64,F0 >= q90,100,exact,-3.3053800003139013,0.5,0.4,0.6,1.0,1.0,1.0,0.0,0.0,0.0
12,64,F0 >= q90,100,SWAP,-3.3053800003139013,0.49,0.39,0.59,0.1053632632116162,0.08354190476710151,0.12724151208098217,0.37884000000000007,0.35338,0.40400149999999996
12,64,F0 >= q90,100,random walk,-3.3053800003139013,0.0,0.0,0.0,-0.00045145242674129456,-0.00311401208849083,0.0023553104066120025,0.50042,0.49579950000000006,0.5049
12,1024,F0 < median,500,exact,-8.907896629894552,0.0,0.0,0.0,1.0,1.0,1.0,0.0,0.0,0.0
12,1024,F0 < median,500,SWAP,-8.907896629894552,0.0,0.0,0.0,0.00041321120597354115,-0.0007465865477935916,0.0015414705065095891,0.49888,0.4970239,0.5007842
12,1024,F0 < median,500,random walk,-8.907896629894552,0.0,0.0,0.0,0.0009950299499494873,-4.863331877759261e-05,0.0021146483668072753,0.498552,0.496764,0.5004002000000001
12,1024,median <= F0 < q90,400,exact,-5.641847357740237,0.0075,0.0,0.0175,1.0,1.0,1.0,0.0,0.0,0.0
12,1024,median <= F0 < q90,400,SWAP,-5.641847357740237,0.0075,0.0,0.0175,0.003868527541024318,0.001513043207800759,0.006543235518864478,0.494845,0.49168474999999995,0.497740375
12,1024,median <= F0 < q90,400,random walk,-5.641847357740237,0.0,0.0,0.0,1.2525612987817763e-05,-0.0012201099437118507,0.0012089400234854316,0.500125,0.498039875,0.5022602500000001
12,1024,F0 >= q90,100,exact,-3.3053800003139013,0.5,0.41,0.59,1.0,1.0,1.0,0.0,0.0,0.0
12,1024,F0 >= q90,100,SWAP,-3.3053800003139013,0.5,0.41,0.6,0.166271364244471,0.13978636376377115,0.19347169294125877,0.32694,0.3002875000000001,0.3530405
12,1024,F0 >= q90,100,random walk,-3.3053800003139013,0.0,0.0,0.0,-0.0009133126407566263,-0.0033672625362999313,0.001680747861974749,0.5042,0.49983949999999994,0.5085604999999999
