fit_range,metric,scheme,target,source,n_units,mean,sd,median,q25,q75,min,max,pct_lo,pct_hi,boot_lo,boot_hi,boot_se,mean_r2,min_r2,mean_ols_se_diagnostic
primary_2_20,slope_loschmidt_snr1,loschmidt,snr1,SEED,20,0.6053152901300567,0.0009524529904688042,0.6052700186303523,0.6049253946746618,0.6057923077322465,0.6031318374119657,0.6073411370096533,0.6033808716458563,0.6069590501489946,0.6049047323233667,0.6057147288912281,0.00020808089281884728,0.9999061276661351,0.9998471584613683,0.002060361391847086
n_ge_8,slope_loschmidt_snr1,loschmidt,snr1,SEED,20,0.6016619290702938,0.002364311972447414,0.6014951035637919,0.6003458384445403,0.6034755592051225,0.595811178944755,0.6051313993634787,0.5973119235403999,0.6050237013786969,0.6006487258684613,0.60263490970082,0.000512772597854233,0.999920713454722,0.9998407721931135,0.002281819394672589
extended_2_24,slope_loschmidt_snr1,loschmidt,snr1,SEED,20,0.6043571191942259,0.0010638270494145116,0.6044105380723718,0.6036047270412737,0.6049178361960251,0.6024211405842974,0.6063389958072599,0.6026711747328203,0.6061826448602503,0.6039111099263585,0.604809555644105,0.00023245093301273853,0.9999367424525492,0.9999043468329744,0.0015091931204806613
primary_2_20,slope_loschmidt_snr2,loschmidt,snr2,SEED,20,0.6064306197310124,0.001033055681409692,0.6063309277378506,0.6059925102276634,0.6070783872232767,0.6041648177821034,0.6089646357288621,0.6044414750567401,0.6082975465266133,0.6059941595234137,0.6068690575088153,0.000225080106122909,0.9998527102130563,0.9997854277237433,0.002584765539778758
n_ge_8,slope_loschmidt_snr2,loschmidt,snr2,SEED,20,0.6016621770498995,0.002364311789220863,0.601495340499595,0.6003460041970544,0.603475638639054,0.5958114416859034,0.6051317641691061,0.5973121502761598,0.6050239810323345,0.6006489978591592,0.6026351455378665,0.00051277201876553,0.9999207146915461,0.9998407794504918,0.0022817997262723016
extended_2_24,slope_loschmidt_snr2,loschmidt,snr2,SEED,20,0.605144664670933,0.0011167267203874983,0.6050486706738207,0.6043691116073492,0.6058531667388494,0.6031497758977024,0.6074854499751983,0.603420286023127,0.6071306732442464,0.6046772587848355,0.6056279568326342,0.0002434821857192647,0.9999030176394212,0.9998615620297725,0.0018711555555032517
primary_2_20,slope_loschmidt_dir0.75,loschmidt,dir0.75,SEED,20,0.6031622944724834,0.0009281837026505577,0.6031566715769694,0.602775160106775,0.6036436421955861,0.6015199405562371,0.60534962172759,0.6015209790928681,0.6049864782199346,0.6027703351177685,0.6035706895425004,0.0002041373524657908,0.9999612289971067,0.9999347054569205,0.0013049216120604135
n_ge_8,slope_loschmidt_dir0.75,loschmidt,dir0.75,SEED,20,0.6015476564895921,0.002263725925460602,0.6011955784774317,0.6002736499493394,0.6034216283005776,0.5964899261325853,0.6050490421088683,0.5975178998819686,0.6049485947851059,0.6005785324243473,0.6024991278170361,0.0004929450232007351,0.9999231569944133,0.9998373780137597,0.002274665173858829
extended_2_24,slope_loschmidt_dir0.75,loschmidt,dir0.75,SEED,20,0.6028575443110157,0.000984360178097228,0.6027710217379397,0.602265485748684,0.6036006857068219,0.6011150061817329,0.604815047727621,0.6012989874769649,0.6046226488105194,0.6024441966351486,0.6032803720128793,0.00021552869186198685,0.9999715397081401,0.9999435235466225,0.0009949690244984697
primary_2_20,slope_loschmidt_dir0.9,loschmidt,dir0.9,SEED,20,0.6046918585147714,0.0009405788766950509,0.604706097010351,0.6043751130037784,0.6052454754180272,0.6027833020505061,0.6068996866272137,0.6029250593191778,0.6064789741753758,0.604294953866637,0.6050990085505008,0.00020588940426468773,0.9999248165978297,0.9998742531520174,0.001838812753177178
n_ge_8,slope_loschmidt_dir0.9,loschmidt,dir0.9,SEED,20,0.6015826001549596,0.002325633175426978,0.601468296460403,0.6002207207166608,0.6034446640333184,0.5961736198786362,0.6051167501837931,0.59746743196716,0.6049063763069058,0.6005931395062559,0.6025613414650448,0.0005048330400571417,0.9999218855527866,0.9998430199091766,0.0022783548516117896
extended_2_24,slope_loschmidt_dir0.9,loschmidt,dir0.9,SEED,20,0.603924079029718,0.0010583557327926828,0.6039170199578497,0.6031699094267956,0.604652457659296,0.6019785548346348,0.6060251214210133,0.6023014651887789,0.6058052309890228,0.6034821455506985,0.604377253676873,0.00023144558563896903,0.9999490640778937,0.9999183425417704,0.0013505005736469881
primary_2_20,slope_loschmidt_nz0.9,loschmidt,nz0.9,SEED,20,0.5994653171249917,0.0010086107755792023,0.5993411327456288,0.5987461902238532,0.6000129882919714,0.5979734466250813,0.6019359831274638,0.5980993149904501,0.6014018674866181,0.5990463062612299,0.599915454286647,0.00022240419244248173,0.999945946666206,0.9999108899329927,0.0015395110990852187
n_ge_8,slope_loschmidt_nz0.9,loschmidt,nz0.9,SEED,20,0.6013808257456987,0.0022438367396397352,0.6009887313485343,0.5997859201993527,0.6033909133917265,0.5974231827230674,0.605544814441454,0.5980051344949299,0.6051352283327577,0.6004368617973003,0.6023519490495944,0.0004893382286958768,0.9999347586546563,0.9998586996342462,0.0020869486549969047
extended_2_24,slope_loschmidt_nz0.9,loschmidt,nz0.9,SEED,20,0.6002481944764952,0.0009320967523908976,0.6000928899815599,0.5994889365527182,0.600983911338164,0.598817886630357,0.6019968275638432,0.5989052528241872,0.6017820530058573,0.5998552256492717,0.6006528086397703,0.0002053104744502431,0.999961574338959,0.9999281058705287,0.0011642470337829816
primary_2_20,slope_swap_snr1,swap,snr1,SEED,20,1.2013837886266907,0.0018755389234239674,1.2015562591890394,1.1999815332032036,1.2023464721107275,1.1982715813482294,1.2064219183403546,1.1985291416847568,1.2049704440692541,1.2006092857199568,1.2022253419373448,0.0004127038089873755,0.9999697548137154,0.9999394780198281,0.002282268327617045
n_ge_8,slope_swap_snr1,swap,snr1,SEED,20,1.2024230475050923,0.004229934244309423,1.2014880886732673,1.1999028941240857,1.205280180625513,1.1945182368954017,1.2098259871093273,1.195893713111989,1.2094698738542404,1.2006543239194987,1.2042583837918406,0.0009229050074531042,0.9999355655992904,0.9998406683600991,0.004139965654314727
extended_2_24,slope_swap_snr1,swap,snr1,SEED,20,1.2020956705602102,0.0018706171287773182,1.201939013736168,1.2008851067030788,1.203350802065178,1.1991160511943293,1.206170822049108,1.1993307851712292,1.205497308520565,1.2013117775338211,1.202906965520538,0.0004104761681705161,0.999976246989282,0.999945996228336,0.0018124969076789232
primary_2_20,slope_swap_snr2,swap,snr2,SEED,20,1.2015132943459936,0.0018629493250876927,1.2016529873601713,1.2002013449610491,1.2024383221801203,1.1985212402746117,1.2065100891525273,1.198700754054631,1.2051320791360791,1.2007454296371143,1.2023495606794468,0.00041021004222869655,0.9999702557484106,0.9999400026902238,0.002263997039431871
n_ge_8,slope_swap_snr2,swap,snr2,SEED,20,1.2024230475240867,0.004229934245079446,1.2014880886997878,1.1999028941513126,1.205280180653347,1.1945182369005287,1.209825987126235,1.1958937131296854,1.209469873868338,1.200654323938945,1.2042583838083938,0.0009229050076459026,0.9999355655993314,0.9998406683605457,0.004139965653172104
extended_2_24,slope_swap_snr2,swap,snr2,SEED,20,1.2021870045755674,0.001856154831620317,1.2020606237321734,1.2009456445696176,1.2035085138016184,1.1992921035155997,1.2062330216162969,1.199451807349728,1.2055577571719027,1.2014109109662525,1.2029934651650047,0.000407604992001153,0.9999765761921717,0.9999462981699552,0.0017998061035090509
primary_2_20,slope_swap_dir0.75,swap,dir0.75,SEED,20,1.1962495389478938,0.0018850604597757208,1.1961453643421986,1.1949219115552783,1.1971448436254517,1.1934150084218078,1.2013881922701581,1.1935139298976156,1.1999491240352165,1.1954766522989495,1.1971034584209295,0.0004152542107135705,0.9999102194923577,0.9998701552905324,0.003974392280097239
n_ge_8,slope_swap_dir0.75,swap,dir0.75,SEED,20,1.2024197764826074,0.004229914965094128,1.2014848629314712,1.1998996275772704,1.2052768279304344,1.1945150763365466,1.2098226706524926,1.195890533760368,1.2094665758260088,1.2006510651539068,1.2042550890949448,0.0009229010049625733,0.9999355605187106,0.9998406248110352,0.004140114143251909
extended_2_24,slope_swap_dir0.75,swap,dir0.75,SEED,20,1.198462450818802,0.0018681465847623661,1.198157891759325,1.1971608738297028,1.199833803209818,1.1956784139534127,1.2026080887711168,1.1957812555807716,1.2018347728017458,1.197686363249383,1.199278141762735,0.00041040155841535147,0.9999378574160411,0.9999060752191016,0.0029645013162163474
primary_2_20,slope_swap_dir0.9,swap,dir0.9,SEED,20,1.1997186469833128,0.0018748831533344345,1.199843428512764,1.198380436507437,1.200637389774609,1.1966981734045914,1.204713208916209,1.196881825037176,1.2033976241559754,1.198947225414261,1.2005578323870156,0.0004129507522986638,0.9999591414936677,0.9999253203644081,0.00266019330179943
n_ge_8,slope_swap_dir0.9,swap,dir0.9,SEED,20,1.202422141388181,0.004229928903968303,1.201487195104804,1.199901989252077,1.2052792518913562,1.1945173613707303,1.2098250684040597,1.1958928323903064,1.2094689602533462,1.2006534211980426,1.2042574711142595,0.0009229038987896624,0.9999355641940045,0.9998406562984028,0.004140006716348707
extended_2_24,slope_swap_dir0.9,swap,dir0.9,SEED,20,1.200917919019927,0.0018704522350855785,1.2007911057771765,1.1996685408802967,1.202317552432641,1.1980029241773769,1.2049622509629547,1.1981655350320486,1.204276070440397,1.2001310574266708,1.2017324926137816,0.0004108003435191625,0.9999692601501667,0.999937596065225,0.0020699747320417627
primary_2_20,slope_swap_nz0.9,swap,nz0.9,SEED,20,0.005566908617888862,0.0,0.005566908617888862,0.005566908617888862,0.005566908617888862,0.005566908617888862,0.005566908617888862,0.005566908617888862,0.005566908617888862,0.005566908617888862,0.005566908617888862,8.674051093281804e-19,0.2727272727272725,0.2727272727272725,0.00321405618909218
n_ge_8,slope_swap_nz0.9,swap,nz0.9,SEED,20,1.7291972242466872e-17,3.1615398889181896e-33,1.7291972242466875e-17,1.7291972242466875e-17,1.7291972242466875e-17,1.7291972242466875e-17,1.7291972242466875e-17,1.7291972242466875e-17,1.7291972242466875e-17,1.7291972242466872e-17,1.7291972242466872e-17,0.0,,,8.051334495663232e-18
extended_2_24,slope_swap_nz0.9,swap,nz0.9,SEED,20,0.003925384281844696,1.7797887332061147e-18,0.003925384281844697,0.003925384281844697,0.003925384281844697,0.003925384281844697,0.003925384281844697,0.003925384281844697,0.003925384281844697,0.003925384281844696,0.003925384281844696,8.674051093281804e-19,0.23076923076923012,0.23076923076923017,0.0022663216717957674
primary_2_20,gap_swap_minus_le_snr1,paired,snr1,SEED (paired by seed),20,0.5960684984966338,0.001089175985990851,0.595864434531999,0.595410921884048,0.5966617163539498,0.594270187645815,0.5990807813307013,0.5944633098358938,0.5981815571423901,0.5956247885165836,0.596558278595212,0.00023961255245300323,,,
primary_2_20,gap_swap_minus_le_snr2,paired,snr2,SEED (paired by seed),20,0.5950826746149812,0.0010247821614821316,0.5947111470177642,0.5943357343792044,0.5957562307314628,0.5937339040253864,0.5975454534236653,0.5938104128524002,0.5970674272704128,0.5946597218685968,0.5955409475245599,0.000226136554598026,,,
primary_2_20,gap_swap_minus_le_dir0.75,paired,dir0.75,SEED (paired by seed),20,0.5930872444754102,0.0010542957828992795,0.5929271817942036,0.5924429083457999,0.5937743291142247,0.5914658746146071,0.5960385705425681,0.591597718916036,0.5951949163256316,0.5926582831165971,0.5935643199442412,0.00023200920373372982,,,
primary_2_20,gap_swap_minus_le_dir0.9,paired,dir0.9,SEED (paired by seed),20,0.5950267884685414,0.0010628078505137222,0.5948968874388594,0.5943406396268709,0.5958095935677129,0.5932168332466489,0.5978135222889952,0.5935032161346584,0.5969605044318097,0.5945868329394983,0.5955014427579292,0.00023429478356378126,,,
n_ge_8,gap_swap_minus_le_snr1,paired,snr1,SEED (paired by seed),20,0.600761118434799,0.002226135709764425,0.6006123219808918,0.5989238016095542,0.6015614071606044,0.5968909302684708,0.6049213203453893,0.5976283225384469,0.6048848607538571,0.5998323554604748,0.6017422376093292,0.00048658157241990367,,,
n_ge_8,gap_swap_minus_le_snr2,paired,snr2,SEED (paired by seed),20,0.600760870474187,0.002226158603915514,0.6006121396485957,0.5989234126922418,0.6015612809545473,0.5968904855790318,0.6049211348240165,0.597628000294839,0.6048846744076085,0.5998321015589099,0.601741966336337,0.0004865865888350076,,,
n_ge_8,gap_swap_minus_le_dir0.75,paired,dir0.75,SEED (paired by seed),20,0.6008721199930158,0.0021993535914725994,0.6007154483200103,0.5991842127900566,0.6019766140433728,0.5970509171552033,0.6049850965936504,0.5975136778533634,0.6047004194461998,0.5999446156699764,0.6018244738905019,0.0004799436829155017,,,
n_ge_8,gap_swap_minus_le_dir0.9,paired,dir0.9,SEED (paired by seed),20,0.6008395412332214,0.0021970788173100303,0.6007000643283646,0.5990595706885886,0.601706535878699,0.5971658138247476,0.6051512105926607,0.5977253294667372,0.6047857539691909,0.5999227800860519,0.6018110640306951,0.0004806256442557355,,,
extended_2_24,gap_swap_minus_le_snr1,paired,snr1,SEED (paired by seed),20,0.5977385513659842,0.0009075470266834943,0.5977385261133272,0.5969654120999648,0.5984517296382166,0.5964779303221021,0.5998318262418482,0.5964819637222257,0.5993146636603145,0.5973553283511007,0.5981338689430137,0.00020006405635311343,,,
extended_2_24,gap_swap_minus_le_snr2,paired,snr2,SEED (paired by seed),20,0.5970423399046345,0.0008670376557941962,0.596908503828482,0.5963376983016961,0.597663159534121,0.5957664260142119,0.5987475716410986,0.595768908903567,0.598530484368388,0.596668862643602,0.5974168145289662,0.00019195234230385993,,,
extended_2_24,gap_swap_minus_le_dir0.75,paired,dir0.75,SEED (paired by seed),20,0.5956049065077862,0.0009393257102073339,0.5956636738836785,0.5946453816058246,0.5961692738357287,0.5943484232518887,0.5977930410434958,0.5943694012309164,0.5972136927255377,0.5952103632132661,0.5960117410526702,0.0002068508500003949,,,
extended_2_24,gap_swap_minus_le_dir0.9,paired,dir0.9,SEED (paired by seed),20,0.5969938399902089,0.0009032000403336867,0.5969687602302239,0.5960308275648603,0.5976865341194078,0.5956096875830842,0.5989371295419414,0.5957147275463806,0.5984814250546747,0.5966116606571991,0.5973853201616681,0.0001991157441762426,,,
