n,shots,reference_median_le_p_zero,deep_regime,prediction_fixed,reference_sample_median_of_prediction,reference_observed_median_accurate,reference_observed_median_stage7_method,reference_stage7_method_nan_rows,reference_stage7_method_max_abs_err,reference_stage7_method_frac_err_gt_1e-3,THETA_lo,THETA_hi,prediction_inside_THETA,SEED_mean,SEED_sd,SEED_pct_lo,SEED_pct_hi,SEED_mean_ci_lo,SEED_mean_ci_hi,prediction_inside_SEED_pct,prediction_inside_SEED_mean_ci,per_theta_disc_median,per_theta_disc_q05,per_theta_disc_q95,per_theta_disc_max_abs,seed_max_per_theta_disc_max_abs
12,16,0.9999918470819171,True,0.8535533905932737,0.8523701867603957,0.852693949490555,0.8527437287739741,24,0.31608511944486467,0.004405286343612335,0.8485314773731194,0.8564691409654897,True,0.8533309625624833,0.0026225103638422816,0.8494933180349817,0.8576076722925594,0.8522424281528784,0.8544364314883759,True,True,1.2836199192456377e-07,9.615475082824787e-13,0.0004407411005977626,0.14651401453853385,0.15495560394308916
12,64,0.9999673887858955,True,0.8535533905932737,0.8523701867603957,0.8533600579956925,0.8534543386035237,12,0.4455329039386319,0.00355213127876726,0.8495796047188923,0.8572511685875651,True,0.8540591586511171,0.0026495150703563335,0.8503519165920803,0.8584647894806938,0.8529637595656653,0.855183359654518,True,True,4.907621188321443e-07,3.675815207770939e-12,0.0016837854874909176,0.2294962795245662,0.260023281834571
12,256,0.9998695624748306,True,0.8535533905932737,0.8523701867603957,0.8559386873243591,0.85598264020358,5,0.33382479960525846,0.002450612653163291,0.852312665309736,0.8597540296459165,True,0.8562706467838765,0.002679159104470889,0.8521695227687204,0.8604688679228378,0.855154279527343,0.8573953440558036,True,False,1.9402866919260298e-06,1.4533751979683984e-11,0.006527402512142677,0.273587388128107,0.3342503783937961
12,1024,0.9994783671752174,True,0.8535533905932737,0.8523701867603957,0.8609290527818858,0.8609290527818538,4,0.1619322487026834,0.0017503500700140028,0.8568506371491006,0.8644972292561366,False,0.8613470506569147,0.002830574916593943,0.8572208284873816,0.8661459617036559,0.8601751060743784,0.8625256175726366,False,False,7.730919088899668e-06,5.796445545769302e-11,0.023475077004041892,0.37578403836186036,0.406212152220638
12,4096,0.9979153435750334,True,0.8535533905932737,0.8523701867603957,0.8683250610884337,0.8683166468886356,4,0.17140108463065007,0.0010502100420084017,0.8650311038074792,0.8720371984384311,False,0.8699542455890032,0.003070447886423004,0.8652220746301732,0.8742243361110806,0.8686631338527496,0.8712317856631707,False,False,3.08158060939312e-05,2.3167615603725267e-10,0.06526008567023628,0.42184879617084337,0.4401751302350585
12,16384,0.9916937273951332,True,0.8535533905932737,0.8523701867603957,0.8814386344392927,0.8813680211624733,3,0.24749858191276708,0.0006000900135020253,0.8773308270729119,0.8855025515241521,False,0.8835190482563207,0.0032936029223437826,0.8784127716911406,0.8889813181360006,0.8821361728784917,0.8848972609275608,False,False,0.00012105860422539916,9.264865874492045e-10,0.12805206898727717,0.44952121682539825,0.45940248083047763
12,65536,0.9672841120244573,False,0.8535533905932737,0.8523701867603957,0.9006618847226713,0.9006180793851759,2,0.2662448674073362,0.00035003500350035,0.8967648066715664,0.9044293694728258,False,0.9021371893809016,0.0030804255391163006,0.8975457917430426,0.9061776633596625,0.9008136018666909,0.9034252568982832,False,False,0.00047198160041722614,3.705614909366162e-09,0.18991855114629158,0.4769224943690641,0.47556585777769445
14,16,0.9999995267545592,True,0.8535533905932737,0.8552100320171296,0.8552434226058534,0.8553137947523732,89,0.3955372213230107,0.0119531917030787,0.8515456651427014,0.8589131546041426,True,0.8539323011330447,0.002700351567965827,0.8497488818768136,0.8583663706351331,0.8527913626066081,0.8551323331014958,True,True,7.538658364225626e-09,1.9201307210892087e-14,6.624502755961918e-05,0.044994311624035,0.1046867058927835
14,64,0.9999981070198902,True,0.8535533905932737,0.8552100320171296,0.8555917007118797,0.8554042949558739,61,0.5014738856307879,0.008877075078990923,0.8515261238882907,0.8592504027117507,True,0.8541402596590342,0.0027167822432741613,0.8498657858466029,0.8586058260578575,0.8529911499640035,0.8553488819907681,True,True,2.8824280962069793e-08,7.358003095703227e-14,0.0002532603126433211,0.13667930216989654,0.22213238276272684
14,256,0.9999924281060157,True,0.8535533905932737,0.8552100320171296,0.8563772151732993,0.8563208142307254,44,0.442014012883031,0.006263780316696733,0.8522217963410088,0.8598969391966915,True,0.854809186462416,0.0027520016601488427,0.8504981849095218,0.8594304117031195,0.8536516776867014,0.8560430743952748,True,False,1.1396675830832592e-07,2.9062863227125035e-13,0.0009978939831949024,0.23531129276883778,0.3199904121738113
14,1024,0.9999697128473317,True,0.8535533905932737,0.8552100320171296,0.8576215179982104,0.8575631581750789,31,0.46069648028119536,0.004306675346787521,0.8541215959971502,0.8612892771638934,False,0.8566258004511853,0.002718367866343632,0.8521292161391144,0.8611898431585547,0.8554737324507041,0.8578271058539135,True,False,4.545364500896376e-07,1.1591116955145253e-12,0.003877314943132018,0.29756338507823454,0.37263722441402836
14,4096,0.9998788581612762,True,0.8535533905932737,0.8552100320171296,0.8608225372727564,0.8609389902036206,17,0.3992408006134809,0.003753190211679928,0.8575446010132164,0.8649220315837121,False,0.8602290169075631,0.002430889766334055,0.8566223898946967,0.8644541031306071,0.8591992250032588,0.861295022458729,False,False,1.814783023690314e-06,4.63308835740861e-12,0.014158607243776654,0.4019594278661849,0.4196116021802271
14,16384,0.9995155409737375,True,0.8535533905932737,0.8552100320171296,0.8669566630662449,0.8668547415950074,8,0.38989123378290114,0.0028011204481792717,0.8636192950645425,0.871157884656255,False,0.8667707076569346,0.002057520862406026,0.8630791666124986,0.8699856987559687,0.8658729323445548,0.8676464813126687,False,False,7.248212887889238e-06,1.852913933397815e-11,0.043698917581426466,0.4281058933039874,0.46616544018431216
14,65536,0.9980638957108068,True,0.8535533905932737,0.8552100320171296,0.8774648446073565,0.877511166381196,5,0.18941377603597043,0.0023005751437859463,0.8735972946894184,0.8814276865482371,False,0.8768004197539161,0.002180566020087749,0.8728902496410197,0.8800369575519895,0.8758401343823042,0.8777217469968669,False,False,2.8659699722766163e-05,7.41133876491773e-11,0.0946982074587751,0.45217262287326165,0.47479156607244366
16,16,0.9999999682879278,True,0.8535533905932737,0.8534881538544559,0.8534979798825506,0.8535509916637547,243,0.47168698913450136,0.031735587386749003,0.8492101639417939,0.8569580258520855,True,0.8537760138673607,0.0031602967835379814,0.8477976166990995,0.8591436378220937,0.8523806569793015,0.8550783244443156,True,True,5.281033943482782e-10,5.551115123125783e-16,8.940520136463391e-06,0.029290620836634584,0.07802374044304439
16,64,0.9999998731517183,True,0.8535533905932737,0.8534881538544559,0.8535288691555497,0.8535288893814643,172,0.5382967927836914,0.024561226548315513,0.849423604542621,0.8569626223793888,True,0.8538383549476232,0.0031746790229454027,0.8477991203161438,0.8591972989012314,0.8524313249030501,0.8551415723415171,True,True,2.0192173488808862e-09,1.887379141862766e-15,3.417818207240292e-05,0.08953442073527473,0.19559458367281013
16,256,0.9999994926069887,True,0.8535533905932737,0.8534881538544559,0.8537462786754304,0.8539517578941652,125,0.49211108719127816,0.01791194968553459,0.849687686133656,0.8569629018289966,True,0.8540433297125324,0.0031392975833237293,0.8480622394014825,0.8592882068830243,0.8526454457463707,0.855342854986847,True,True,7.98367322252247e-09,6.439293542825908e-15,0.000135037774316665,0.21601680231300102,0.28380614971889095
16,1024,0.9999979704298014,True,0.8535533905932737,0.8534881538544559,0.8545444424464312,0.854574732207395,84,0.65273704740225,0.013908415344446676,0.8507286538371459,0.8581724109925767,True,0.8546688650284382,0.003120908732859413,0.8486982049210746,0.8599671382359894,0.8532842625712808,0.8559562564424179,True,True,3.184149666157765e-08,2.631228568361621e-14,0.000536102640208746,0.3054668318492715,0.3446273588271572
16,4096,0.9999918817487511,True,0.8535533905932737,0.8534881538544559,0.8559637458332352,0.8561651589958941,55,0.4616906334951246,0.009877162196039107,0.851990880161477,0.8597707983014697,True,0.8559330724569234,0.003123268071992383,0.8504139670518441,0.8613349482414806,0.8545619519301776,0.8572293474116184,True,False,1.2727279352642284e-07,1.0522693827397236e-13,0.002103442214558557,0.3252166924984944,0.40126804691598494
16,16384,0.9999675274677178,True,0.8535533905932737,0.8534881538544559,0.8586977240132585,0.8585172583738689,40,0.325065545484163,0.007114228456913827,0.8544308807098567,0.8627462820434868,False,0.8587183437980368,0.003316552118731947,0.8531678650347257,0.8646109737224562,0.8572889648304861,0.8601155446018982,True,False,5.089980004702177e-07,4.235445327793743e-13,0.008009866108210348,0.3695206746496519,0.4522958341308193
16,65536,0.9998701174338773,True,0.8535533905932737,0.8534881538544559,0.8643483989684514,0.8643034174402169,28,0.5004834910003687,0.0049068696174644506,0.8598817478256212,0.868496853550236,False,0.8632430342538824,0.0031433372899532424,0.8581361546993407,0.869046783436312,0.8619019322723964,0.8645929375791375,False,False,2.035286819745963e-06,1.6915080447432737e-12,0.02659384832774206,0.43337891629106906,0.4554258026399727
18,16,0.9999999980529697,True,0.8535533905932737,0.8532495300672607,0.8532495300674268,0.8542002569165354,483,0.6039011881363788,0.05625864630834657,0.8493028748423233,0.8578461228873563,True,0.8531074455813557,0.0034418471767395037,0.847847505813056,0.8586452016384775,0.8516089467176413,0.8545758161592186,True,True,3.2246094683330284e-11,1.1102230246251565e-16,1.156034604932188e-06,0.009378810192136156,0.01779149000627056
18,64,0.9999999922118785,True,0.8535533905932737,0.8532495300672607,0.853249530067896,0.8544519596609748,355,0.5276822902904875,0.04336981420208705,0.849024646063883,0.8574542178165697,True,0.8531170282759966,0.0034350796148728915,0.8478475349307878,0.858645201746857,0.8516193859846112,0.8545832216538967,True,True,1.2329415266520982e-10,2.220446049250313e-16,4.420154640327744e-06,0.0331914349480078,0.05852392340614132
18,256,0.9999999688475147,True,0.8535533905932737,0.8532495300672607,0.8532882918703618,0.8541945688615558,246,0.5417622908819345,0.031791029664878,0.8490578903466914,0.857586593829072,True,0.8531508925926033,0.003430523436410077,0.847913027956246,0.8586943235297894,0.8516553747688634,0.8546159850368649,True,True,4.874851078362497e-10,5.551115123125783e-16,1.747579910530983e-05,0.08533342300927604,0.14391828619140268
18,1024,0.999999875390066,True,0.8535533905932737,0.8532495300672607,0.8534161160659526,0.8534941359995292,178,0.45998656479041455,0.025426294016749066,0.8494549338250841,0.8580501212579663,True,0.8533641689172875,0.0034608825203000224,0.8479489064540714,0.8589051982534222,0.8518522102772219,0.8548378130158233,True,True,1.9442344401099376e-09,1.887379141862766e-15,6.967323112067045e-05,0.10559784245558501,0.2853223089123258
18,4096,0.9999995015603766,True,0.8535533905932737,0.8532495300672607,0.8540409227758335,0.8537406288115431,124,0.5678979688937843,0.018967599114509962,0.8497779361099695,0.8583765705373485,True,0.8539268583477846,0.003478258000138528,0.8483702248273433,0.8594250452798061,0.85241757363528,0.8554043217228752,True,True,7.770996623968074e-09,6.544764730165303e-15,0.00027807310093618757,0.21346051527541232,0.3924428177389979
18,16384,0.9999980062433114,True,0.8535533905932737,0.8532495300672607,0.8553648022482195,0.8554670997767744,93,0.4637254773208076,0.014115637715376501,0.8511096434033266,0.8594148994356303,True,0.8550725608825458,0.0035237392609119215,0.8493166677837537,0.8604402302525265,0.8535374988042841,0.8565758482599325,True,True,3.10742865328173e-08,2.5640600753717995e-14,0.0011075245993236043,0.30414418394654774,0.43599347310037084
18,65536,0.9999920250021225,True,0.8535533905932737,0.8532495300672607,0.8574653110161041,0.8573572179565242,66,0.5569134067114291,0.010133440353165445,0.8532508503550592,0.8618285204431174,True,0.8570442795184544,0.0035152919140142487,0.8512863871619507,0.8626641025051038,0.8555259207955425,0.8585434963342589,True,False,1.2422730455430298e-07,1.0111356196773616e-13,0.004251742500975028,0.3853834830182715,0.4520558892809181
20,16,0.9999999998875614,True,0.8535533905932737,0.8526649285508734,0.8526649285508732,0.8536415091707437,1064,0.6346915065309255,0.10836501901140684,0.8490522099041539,0.8557413959614463,True,0.8546421959340289,0.002972700275456499,0.8493749130411786,0.859089463898825,0.8533630622837722,0.8558578834664918,True,True,1.9291790387399033e-12,-1.1102230246251565e-16,1.573359113604675e-07,0.002675992307882291,0.011490078321421238
20,64,0.9999999995502455,True,0.8535533905932737,0.8526649285508734,0.8526649285508732,0.8537168997976599,809,0.5291989034397617,0.0846751081235996,0.8491236356684674,0.8562701406272094,True,0.8546442966897561,0.002971853084781216,0.8493749130421782,0.8590894642512229,0.8533649559804968,0.8558613273123278,True,True,7.376488309063234e-12,0.0,6.015753877763863e-07,0.010137759692089299,0.04318964948920245
20,256,0.9999999982009824,True,0.8535533905932737,0.8526649285508734,0.8526649285508732,0.8536557351810159,601,0.610209959873348,0.06644672405794114,0.8489606428601307,0.8558745471802602,True,0.8546503203087573,0.0029739027593767824,0.8493749130461768,0.859089465660814,0.853370763405366,0.8558713622015929,True,True,2.916511476769301e-11,0.0,2.3784875569865485e-06,0.037918003677392176,0.13481832577018293
20,1024,0.9999999928039296,True,0.8535533905932737,0.8526649285508734,0.8526649285508733,0.8532564093462586,435,0.5891354235281197,0.05274725274725275,0.848952705914564,0.8562654743390158,True,0.8547203564767448,0.0029946063124461587,0.8493933152471858,0.859205042330977,0.8534258719429239,0.8559476969944669,True,True,1.1632084184753921e-10,1.1102230246251565e-16,9.485404404629955e-06,0.10571268094552122,0.23044872057719668
20,4096,0.9999999712157186,True,0.8535533905932737,0.8526649285508734,0.8527525728101382,0.8535190008212751,313,0.5148671160520987,0.04139787677147356,0.8489485256607826,0.8562656971063123,True,0.8548926331984621,0.003020490287918948,0.8496429911510259,0.8594664651683737,0.8535796133532745,0.8561280326460406,True,False,4.649431395442605e-10,2.220446049250313e-16,3.7901359969827385e-05,0.21518780257329795,0.3208995199860384
20,16384,0.9999998848628815,True,0.8535533905932737,0.8526649285508734,0.8529852027134628,0.8536452032347023,233,0.6223344138300683,0.03106187079475894,0.849586808720792,0.8566372696166185,True,0.8552841918544141,0.0030580234790510757,0.8500278552831183,0.8601824967367363,0.85396492868057,0.856541622530567,True,False,1.8594327744203554e-09,6.661338147750939e-16,0.00015137763016563843,0.26463064143628023,0.3620692246549563
20,65536,0.9999995394516344,True,0.8535533905932737,0.8526649285508734,0.8535988559644643,0.8540859116775819,161,0.5245899395857435,0.02439639094712435,0.8504352722243134,0.8575999047936598,True,0.856032754233469,0.0031183150098076902,0.8507440853877872,0.8614930414393338,0.8546945808506838,0.8573137350857303,True,False,7.4373914249470374e-09,1.9984014443252818e-15,0.0006011656317875366,0.3706201069920383,0.43414815204526835
22,16,0.999999999993124,True,0.8535533905932737,0.8555990662316899,0.8555990662317381,0.8571428571428571,2020,0.5689823211618307,0.16256952169076752,0.85189780030488,0.8595321168208377,True,0.8534621347567851,0.002489789784035718,0.8491401200955832,0.8569218295168438,0.8523865253398345,0.8545248755255357,True,True,1.1762812945903534e-13,-2.220446049250313e-16,1.7739169183572635e-08,0.002029025910199489,0.004124563794628333
22,64,0.9999999999724958,True,0.8535533905932737,0.8555990662316899,0.8555990662318722,0.8571428571428571,1583,0.6168195907707095,0.13552695878807625,0.8518155116276501,0.8595081793806865,True,0.8534639998107829,0.0024907475955065718,0.8491401207448885,0.8569218296623576,0.8523885925797637,0.8545274386413125,True,True,4.4980685842688217e-13,-2.220446049250313e-16,6.782622561374289e-08,0.007836396757167408,0.015579893684004364
22,256,0.9999999998899831,True,0.8535533905932737,0.8555990662316899,0.8556220704746409,0.8566068023123721,1243,0.6078941182655012,0.11083862024844059,0.8518248580150465,0.8596160222494841,True,0.8534640027946159,0.0024907497896765373,0.8491401233421098,0.8569218302444126,0.8523885934193908,0.8545274443261717,True,True,1.7789658635081196e-12,-1.1102230246251565e-16,2.681742982235666e-07,0.03137490431386325,0.056471989736371575
22,1024,0.9999999995599325,True,0.8535533905932737,0.8555990662316899,0.855647011002937,0.8565968618332496,968,0.6344469461586885,0.08774695250105086,0.8518305517815512,0.8593919885797238,True,0.853488904211576,0.002492005059562609,0.849140133730995,0.8569218325726321,0.8524088242803156,0.8545538268100549,True,True,7.095102283471988e-12,0.0,1.0695641543267951e-06,0.10784995431799271,0.13420674621156004
22,4096,0.9999999982397296,True,0.8535533905932737,0.8555990662316899,0.8557393431567073,0.856934482894768,753,0.6400301907792124,0.07003688886579727,0.8518290359763796,0.859658123971566,True,0.8535402637182647,0.0024726037141379756,0.849173738195358,0.8569218418855107,0.8524653925677799,0.854597990671745,True,True,2.8359536941025e-11,0.0,4.2750846303507516e-06,0.24335740966749098,0.19119521025030628
22,16384,0.9999999929589183,True,0.8535533905932737,0.8555990662316899,0.8559183457761332,0.8568124666676278,590,0.5465439683209841,0.05538382277176713,0.8518488305864225,0.8596075602624895,True,0.8536571298261659,0.002487897130160243,0.8493417760974651,0.8572992441665997,0.8525838832635456,0.8547283118661891,True,True,1.1341599881475872e-10,0.0,1.7096543261213552e-05,0.3555246467467795,0.3190687282102379
22,65536,0.9999999718356731,True,0.8535533905932737,0.8555990662316899,0.8561393725832678,0.8566068489154053,443,0.6345180108051219,0.043820626885514136,0.8522750990010625,0.8599042258766192,True,0.8539590556070686,0.0025509781780345673,0.849521847732301,0.8575325210545824,0.8528516238023466,0.8550484390120119,True,True,4.536448439118601e-10,1.1102230246251565e-16,6.837239947733988e-05,0.38103720116051365,0.43274771409177315
24,16,0.9999999999994964,True,0.8535533905932737,0.8517165276820241,0.8517165281855007,0.8545249821112406,3324,0.6308618078675157,0.221995682417846,0.8478280696246776,0.8553390050822309,True,0.8531027883844159,0.0027777457286654013,0.8491612859779065,0.8582202696318483,0.8519921254734596,0.854332051455814,True,True,8.43769498715119e-15,-4.440892098500626e-16,1.9833668152280367e-09,0.00011011716261588589,0.0022954426989632015
24,64,0.9999999999979856,True,0.8535533905932737,0.8517165276820241,0.8517165296070833,0.8539534017226484,2695,0.6142541959601553,0.18786477896561687,0.8478813272974949,0.8551166510142397,True,0.8531028007447553,0.002777753722810306,0.8491612859779138,0.8582202699109698,0.8519921320150108,0.8543320819696717,True,True,3.2529534621517087e-14,-3.3306690738754696e-16,7.583462718896421e-09,0.00042082880509319853,0.008773886941344289
24,256,0.9999999999919422,True,0.8535533905932737,0.8517165276820241,0.8517165352934125,0.8537383519666291,2136,0.6290792393170358,0.15987460815047022,0.8479340603746828,0.8552029190565711,True,0.8531039036847184,0.0027765446008262223,0.8491612859779423,0.8582202710274561,0.8519949229382203,0.8543322040248761,True,True,1.2856382625159313e-13,-2.220446049250313e-16,2.9983842914083045e-08,0.0016605465919906637,0.034174752175577416
24,1024,0.9999999999677687,True,0.8535533905932737,0.8517165276820241,0.8517165580387271,0.853492793814589,1695,0.63862129008964,0.13444414094509696,0.8478278652071511,0.8551475849560694,True,0.85311606886854,0.0027690545762781332,0.8491612859780583,0.8582202754934017,0.8520082233188608,0.8543394785542024,True,True,5.121458812595847e-13,-2.220446049250313e-16,1.19585363572705e-07,0.006565379485561906,0.11308077006874284
24,4096,0.9999999998710747,True,0.8535533905932737,0.8517165276820241,0.8517166490199675,0.8536481460016787,1326,0.5618541001927532,0.11192031701831423,0.8478130167385739,0.8552842250884579,True,0.8531213045664424,0.0027646836881263497,0.8491838767494171,0.8582202933571816,0.8520169770213353,0.8543426090113103,True,True,2.0482504581309513e-12,-1.1102230246251565e-16,4.779914067776222e-07,0.02510274755052777,0.20634802396493657
24,16384,0.9999999994842987,True,0.8535533905932737,0.8517165276820241,0.8517523205705392,0.8533175229158111,1022,0.6397315218565296,0.09374012013910844,0.8474945652145496,0.8554354814379193,True,0.8531770827484296,0.0027646053884695307,0.8492395482154257,0.858231546505587,0.8520693267662651,0.854393321111856,True,True,8.19233569870903e-12,-1.1102230246251565e-16,1.911614965971474e-06,0.07679757621440453,0.22352862406890972
24,65536,0.9999999979371952,True,0.8535533905932737,0.8517165276820241,0.851768298797419,0.8531780095958503,799,0.6311440460934781,0.07494401333263892,0.8479241909078904,0.8555115621966715,True,0.853303620230607,0.002795543242304974,0.8493577473274648,0.8583765357080925,0.8521863297330061,0.8545341726283607,True,True,3.2770453017860746e-11,0.0,7.64609938651572e-06,0.17391979562921556,0.2908190795819411
