fit_range,metric,stage7_estimate,seed_pct_lo,seed_pct_hi,inside_seed_pct_interval,seed_mean,seed_mean_ci_lo,seed_mean_ci_hi,inside_seed_mean_ci,z_vs_seed_mean_sd_rescaled_to_100k_DIAGNOSTIC,theta_lo,theta_hi,inside_theta_ci,theta_reference_is_stage7_population,note
primary_2_20,slope_loschmidt_snr1,0.6058736927253268,0.6033808716458563,0.6069590501489946,True,0.6053152901300567,0.6049047323233667,0.6057147288912281,False,1.0744685599838573,0.6048027647444733,0.6069617055911808,True,True,
n_ge_8,slope_loschmidt_snr1,0.6037022771070807,0.5973119235403999,0.6050237013786969,True,0.6016619290702938,0.6006487258684613,0.60263490970082,False,1.5834128432413461,0.601590624599685,0.6058618017549698,True,True,
primary_2_20,slope_loschmidt_snr2,0.6069642218541751,0.6044414750567401,0.6082975465266133,True,0.6064306197310124,0.6059941595234137,0.6068690575088153,False,0.9470472141946729,0.6058817876687618,0.6081537698222155,True,True,
n_ge_8,slope_loschmidt_snr2,0.6037025710803109,0.5973121502761598,0.6050239810323345,True,0.6016621770498995,0.6006489978591592,0.6026351455378665,False,1.5834489230648487,0.6015910082214173,0.6058621010937996,True,True,
primary_2_20,slope_loschmidt_dir0.75,0.6037782753946223,0.6015209790928681,0.6049864782199346,True,0.6031622944724834,0.6027703351177685,0.6035706895425004,False,1.2149423350722754,0.6026608504440081,0.6047877743530972,True,True,
n_ge_8,slope_loschmidt_dir0.75,0.603496506324083,0.5975178998819686,0.6049485947851059,True,0.6015476564895921,0.6005785324243473,0.6024991278170361,False,1.578593917483168,0.601403967628201,0.6055553151859568,True,True,
primary_2_20,slope_loschmidt_dir0.9,0.6053651207194854,0.6029250593191778,0.6064789741753758,True,0.6046918585147714,0.604294953866637,0.6050990085505008,False,1.3114216262567486,0.6042563151129953,0.6064215936280077,True,True,
n_ge_8,slope_loschmidt_dir0.9,0.6036333114859361,0.59746743196716,0.6049063763069058,True,0.6015826001549596,0.6005931395062559,0.6025613414650448,False,1.6176954084128543,0.601553093324007,0.605843936616066,True,True,
primary_2_20,slope_loschmidt_nz0.9,0.600085039322243,0.5980993149904501,0.6014018674866181,True,0.5994653171249917,0.5990463062612299,0.599915454286647,False,1.1243772947978838,0.5989866837323351,0.6011254404882169,True,True,
n_ge_8,slope_loschmidt_nz0.9,0.6031108306803009,0.5980051344949299,0.6051352283327577,True,0.6013808257456987,0.6004368617973003,0.6023519490495944,False,1.413413700833247,0.6009622272850077,0.605238859365066,True,True,
primary_2_20,slope_swap_snr1,1.2025172437434501,1.1985291416847568,1.2049704440692541,True,1.2013837886266907,1.2006092857199568,1.2022253419373448,False,1.1062780162601407,1.2003412561145135,1.204628466457702,True,True,
n_ge_8,slope_swap_snr1,1.2060411673205977,1.195893713111989,1.2094698738542404,True,1.2024230475050923,1.2006543239194987,1.2042583837918406,False,1.5679408691452332,1.20177274293292,1.210559171776735,True,True,
primary_2_20,slope_swap_snr2,1.2026024367209684,1.198700754054631,1.2051320791360791,True,1.2015132943459936,1.2007454296371143,1.2023495606794468,False,1.070094438636134,1.2004972825750555,1.204773774153537,True,True,
n_ge_8,slope_swap_snr2,1.2060411673561706,1.1958937131296854,1.209469873868338,True,1.2024230475240867,1.200654323938945,1.2042583838083938,False,1.567940876037497,1.201772742950845,1.2105591717946524,True,True,
primary_2_20,slope_swap_dir0.75,1.1973300925042618,1.1935139298976156,1.1999491240352165,True,1.1962495389478938,1.1954766522989495,1.1971034584209295,False,1.0491309183935653,1.1952119333926983,1.199443397199073,True,True,
n_ge_8,slope_swap_dir0.75,1.2060377669127225,1.195890533760368,1.2094665758260088,True,1.2024197764826074,1.2006510651539068,1.2042550890949448,False,1.5678918896895702,1.2017693305835557,1.2105557154517443,True,True,
primary_2_20,slope_swap_dir0.9,1.2007894766291145,1.196881825037176,1.2033976241559754,True,1.1997186469833128,1.198947225414261,1.2005578323870156,False,1.0453587749741966,1.19867884825391,1.2029939014052005,True,True,
n_ge_8,slope_swap_dir0.9,1.2060402253723033,1.1958928323903064,1.2094689602533462,True,1.202422141388181,1.2006534211980426,1.2042574711142595,False,1.5679273054999083,1.20177179766529,1.2105582143255345,True,True,
primary_2_20,slope_swap_nz0.9,0.005566908617888862,0.005566908617888862,0.005566908617888862,True,0.005566908617888862,0.005566908617888862,0.005566908617888862,True,0.0,0.0055669086178888535,0.0055669086178888535,False,True,
primary_2_20,gap_swap_minus_le_snr1,0.5966435510181234,0.5944633098358938,0.5981815571423901,True,0.5960684984966338,0.5956247885165836,0.596558278595212,False,0.9665222525032687,0.5952988706845088,0.5978714458756518,True,True,
primary_2_20,gap_swap_minus_le_snr2,0.5956382148667934,0.5938104128524002,0.5970674272704128,True,0.5950826746149812,0.5946597218685968,0.5955409475245599,False,0.991905920089911,0.5943376321190608,0.596839351871137,True,True,
primary_2_20,gap_swap_minus_le_dir0.75,0.5935518171096396,0.591597718916036,0.5951949163256316,True,0.5930872444754102,0.5926582831165971,0.5935643199442412,True,0.8066260930374957,0.5923683567119004,0.5947319524498615,True,True,
primary_2_20,gap_swap_minus_le_dir0.9,0.595424355909629,0.5935032161346584,0.5969605044318097,True,0.5950267884685414,0.5945868329394983,0.5955014427579292,True,0.6845620608893083,0.5942021713220205,0.59668820005357,True,True,
n_ge_8,gap_swap_minus_le_snr1,0.602338890213517,0.5976283225384469,0.6048848607538571,True,0.600761118434799,0.5998323554604748,0.6017422376093292,False,1.2988166320269943,0.5999290751250927,0.6049603926807738,True,True,
n_ge_8,gap_swap_minus_le_snr2,0.6023385962758597,0.597628000294839,0.6048846744076085,True,0.600760870474187,0.5998321015589099,0.601741966336337,False,1.2987654217736033,0.5999288573258019,0.604959815707402,True,True,
n_ge_8,gap_swap_minus_le_dir0.75,0.6025412605886394,0.5975136778533634,0.6047004194461998,True,0.6008721199930158,0.5999446156699764,0.6018244738905019,False,1.391126816499746,0.6002438898592592,0.6050929854833934,True,True,
n_ge_8,gap_swap_minus_le_dir0.9,0.6024069138863671,0.5977253294667372,0.6047857539691909,True,0.6008395412332214,0.5999227800860519,0.6018110640306951,False,1.3071473884793277,0.5999886539229358,0.604970782594545,True,True,
primary_2_20,LE headline range 0.600-0.607,0.6001-0.6070,0.5980993149904501,0.6082975465266133,True,,0.5990463062612299,0.6068690575088153,False,,0.5989866837323351,0.6081537698222155,True,True,envelope over targets; inside_* = every target inside its own interval
primary_2_20,SWAP headline range 1.197-1.203,1.1973-1.2026,1.1935139298976156,1.2051320791360791,True,,1.1954766522989495,1.2023495606794468,False,,1.1952119333926983,1.204773774153537,True,True,envelope over targets; inside_* = every target inside its own interval
