n,scheme,n_samples,median_tv,median_log10_tv,median_hellinger2,median_log10_hellinger2,median_bhattacharyya,median_log10_bhattacharyya,median_kl,median_log10_kl,median_chi2_mid,median_log10_chi2_mid,median_log10_shots_1_over_hellinger2,median_log10_shots_1_over_tv2
2,loschmidt,20000,0.22535569709598285,-0.6471314582894376,0.04984315785880206,-1.3023944552341367,0.051128211054749025,-1.2913394078471856,0.20435300840125722,-0.6896189644545021,0.3358410461521465,-0.47386625049322795,1.3023944552341367,1.2942629165788753
2,swap,20000,0.11267784854799143,-0.9481614539534188,0.0069450114458084,-2.158327041883812,0.006969240283532222,-2.1568145694934593,0.027619487341607976,-1.5587843873729237,0.055274521897651044,-1.2574750063204942,2.158327041883812,1.8963229079068376
4,loschmidt,20000,0.015357138335829993,-1.8136897059066839,0.002482566958257289,-2.6050990414075144,0.0024856536374329784,-2.6045594003814,0.010304885060702453,-1.9869568633052601,0.016316455542144497,-1.7873741781435744,2.6050990414075144,3.6273794118133678
4,swap,20000,0.007678569167914997,-2.114719701570665,2.9600430785145797e-05,-4.52870199122272,2.9600868886588406e-05,-4.528695563491567,0.00011839222689313681,-3.926676831631789,0.0002367999376002366,-3.625618439152934,4.52870199122272,4.22943940314133
6,loschmidt,20000,0.0010607867781883898,-2.974371912746665,0.00016549925625372868,-3.781203981382793,0.00016551295276858873,-3.7811680411974784,0.0007027601355450456,-3.1531928846217934,0.0010851370683332545,-2.9645154151711646,3.781203981382793,5.94874382549333
6,swap,20000,0.0005303933890941949,-3.275401908410646,1.406586324903466e-07,-6.851833652102581,1.4065864238277494e-07,-6.851833621558945,5.62634651929655e-07,-6.249773566627937,1.125268980783259e-06,-5.948743695654309,6.851833652102581,6.550803816821292
8,loschmidt,20000,6.269534349708365e-05,-4.202764747409562,9.899206149856615e-06,-5.004399665905748,9.89925514732893e-06,-5.004397516311579,4.2145900858338044e-05,-4.375244667210284,6.383012475959731e-05,-4.194974306862562,5.004399665905748,8.405529494819124
8,swap,20000,3.1347671748541825e-05,-4.503794743073543,4.913383462116538e-10,-9.308619474520224,4.913383463323605e-10,-9.30861947441353,1.965353382062828e-09,-8.70655948380665,3.930706768727578e-09,-8.405529487634972,9.308619474520224,9.007589486147086
10,loschmidt,20000,4.094905688770384e-06,-5.38775610575931,6.414440501058688e-07,-6.192841360366376,6.414442558313255e-07,-6.192841221078534,2.7355695346364562e-06,-5.562952242947295,4.183493814431563e-06,-5.378460886766623,6.192841360366376,10.77551221151862
10,swap,20000,2.047452844385192e-06,-5.688786101423291,2.0960316674782585e-12,-11.678602198507695,2.0960316674804553e-12,-11.678602198507239,8.384126669673577e-12,-11.07654220719213,1.6768253339808494e-11,-10.775512211516206,11.678602198507695,11.377572202846583
12,loschmidt,20000,2.4732754757238535e-07,-6.606727510049678,3.838257477093753e-08,-7.415865895542943,3.838257550754857e-08,-7.415865887208273,1.588761668108549e-07,-6.798941541860538,2.464459972841973e-07,-6.608278288327491,7.415865895542943,13.213455020099357
12,swap,20000,1.2366377378619267e-07,-6.9077575057136595,7.646364516782766e-15,-14.116545007091247,7.646364516782797e-15,-14.116545007091243,3.0585458067133725e-14,-13.514485015763245,6.117091613426188e-14,-13.213455020099303,14.116545007091247,13.815515011427319
14,loschmidt,20000,1.4436952695763036e-08,-7.84052454900446,2.310128032964651e-09,-8.636364087920274,2.3101280356329985e-09,-8.636364087418638,9.633674154833426e-09,-8.016208052403075,1.48283068828666e-08,-7.828908501173704,8.636364087920274,15.68104909800892
14,swap,20000,7.218476347881518e-09,-8.141554544668441,2.605321028694556e-17,-16.58413908500086,2.605321028694556e-17,-16.58413908500086,1.0421284114778229e-16,-15.982079093672898,2.0842568229556448e-16,-15.681049098008916,16.58413908500086,16.283109089336882
16,loschmidt,20000,1.0813684778489e-09,-8.966026339162298,1.7042747452409877e-10,-9.768460394281234,1.7042747453862153e-10,-9.768460394244226,7.098808624731577e-10,-9.148814555293164,1.079113178968074e-09,-8.966933026363458,9.768460394281234,17.932052678324595
16,swap,20000,5.4068423892445e-10,-9.267056334826279,1.4616975326572644e-19,-18.83514266531654,1.4616975326572644e-19,-18.83514266531654,5.846790130629058e-19,-18.233082673988577,1.1693580261258115e-18,-17.932052678324595,18.83514266531654,18.534112669652558
18,loschmidt,20000,6.222000405983514e-11,-10.206069967396203,9.820151493226045e-12,-11.007881812462113,9.820151493274262e-12,-11.007881812459981,4.1022860624532155e-11,-10.38697406020124,6.358647578549195e-11,-10.196635412114912,11.007881812462113,20.412139934792407
18,swap,20000,3.111000202991757e-11,-10.507099963060185,4.8391611873642955e-22,-21.31522992178435,4.8391611873642955e-22,-21.31522992178435,1.935664474945718e-21,-20.713169930456388,3.871328949891436e-21,-20.412139934792407,21.31522992178435,21.01419992612037
20,loschmidt,20000,4.3816006544413446e-12,-11.358367220620568,6.696368392495015e-13,-12.174160664785905,6.696368392497258e-13,-12.17416066478576,2.815218165580592e-12,-11.550487948714585,4.378451046697624e-12,-11.35867951800352,12.174160664785905,22.716734441241137
20,swap,20000,2.1908003272206723e-12,-11.65939721628455,2.399803185054372e-24,-23.61982442823308,2.399803185054372e-24,-23.61982442823308,9.599212740217488e-24,-23.017764436905118,1.9198425480434977e-23,-22.716734441241137,23.61982442823308,23.3187944325691
