n,variant,scheme,shots,seeds,median_F0,median_F_final,median_F_best,median_log10_gain,p_F_best_ge_0.5,p_ci_low,p_ci_high,mean_frac_zero_iters,mean_frac_wrong_iters,mean_cos_nonzero,paired_frac_better_than_exact,paired_frac_worse_than_exact,paired_frac_final_better_than_exact,paired_frac_final_worse_than_exact,p_F_final_ge_0.5,total_measurement_shots_per_run,total_state_copies_per_run
6,exact,exact,0,50,0.0004760601589394273,1.0,1.0,1.758700090897142,0.6,0.4618143774758936,0.7239161026974346,0.0,0.0,1.0,0.0,0.0,0.0,0.0,0.6,0,0
6,LE M=64,loschmidt,64,50,0.0004760601589394273,0.9979556732235919,0.9998773758639469,1.8656421130059087,0.58,0.4423344176857823,0.7062499664528802,0.29636,0.14576,0.33268602194648245,0.28,0.68,0.26,0.72,0.58,384000,384000
6,SWAP M=64,swap,64,50,0.0004760601589394273,0.993506819704539,0.999483793229738,2.1097294750312594,0.54,0.40398871399157477,0.6703034780777566,0.0,0.36707999999999996,0.14498455438445806,0.36,0.64,0.26,0.74,0.54,384000,768000
6,SWAP M=32 (state-copy matched to LE M=64),swap,32,50,0.0004760601589394273,0.9906350118265392,0.9992833044275149,2.423603580829945,0.64,0.501410168761127,0.7586125034815325,0.0,0.36268,0.14973322905973402,0.38,0.62,0.34,0.66,0.64,192000,384000
6,LE M=1024,loschmidt,1024,50,0.0004760601589394273,0.9998982087969179,0.9999906973755477,1.7586982297878837,0.6,0.4618143774758936,0.7239161026974346,0.13635999999999998,0.16763999999999998,0.42084014575181006,0.16,0.78,0.12,0.82,0.6,6144000,6144000
6,SWAP M=1024,swap,1024,50,0.0004760601589394273,0.9996460628559042,0.999967931703492,1.7344645420943268,0.54,0.40398871399157477,0.6703034780777566,0.0,0.34247999999999995,0.18935664884959716,0.34,0.66,0.2,0.8,0.54,6144000,12288000
6,SWAP M=512 (state-copy matched to LE M=1024),swap,512,50,0.0004760601589394273,0.9994513832725276,0.9999489296753729,1.8681169533651816,0.62,0.4815044693099298,0.7413721068980641,0.0,0.3406,0.191398375673936,0.34,0.66,0.24,0.74,0.62,3072000,6144000
6,SWAP-noise random walk M=64,swap_null,64,50,0.0004760601589394273,0.000606026313282098,0.004439578069778627,0.9839043748252005,0.0,0.0,0.07134759913335872,0.0,0.5051599999999999,0.00034056926892407554,0.3,0.7,0.24,0.76,0.0,384000,768000
6,SWAP-noise random walk M=1024,swap_null,1024,50,0.0004760601589394273,0.00029879644008876273,0.0006792508449783536,0.24136703553706362,0.0,0.0,0.07134759913335872,0.0,0.50028,-0.0013861475684454603,0.24,0.76,0.18,0.82,0.0,6144000,12288000
8,exact,exact,0,50,2.2137716633451306e-05,6.181297497139898e-05,6.181297497139898e-05,0.20612863997407405,0.34,0.2243694922250009,0.478461739497674,0.0,0.0,1.0,0.0,0.0,0.0,0.0,0.34,0,0
8,LE M=64,loschmidt,64,50,2.2137716633451306e-05,6.287519432818863e-05,6.287519432818863e-05,0.49467897907302083,0.34,0.2243694922250009,0.478461739497674,0.5516000000000001,0.09104000000000001,0.23119171847317702,0.38,0.52,0.3,0.62,0.34,512000,512000
8,SWAP M=64,swap,64,50,2.2137716633451306e-05,9.251768824557611e-05,0.0005765740446237685,2.0313750492748133,0.3,0.19103553500880954,0.437503504644534,0.0,0.41952000000000006,0.08100204067782063,0.62,0.38,0.32,0.66,0.3,512000,1024000
8,SWAP M=32 (state-copy matched to LE M=64),swap,32,50,2.2137716633451306e-05,8.601535897720844e-05,0.002199886456647782,2.303783662341047,0.36,0.24138749651846741,0.49858983123887307,0.0,0.42716,0.07421003478588166,0.6,0.4,0.4,0.6,0.36,256000,512000
8,LE M=1024,loschmidt,1024,50,2.2137716633451306e-05,6.284254996280058e-05,6.285308196757852e-05,0.32626956554993614,0.34,0.2243694922250009,0.478461739497674,0.29868,0.14864,0.3477222237272226,0.28,0.54,0.24,0.62,0.34,8192000,8192000
8,SWAP M=1024,swap,1024,50,2.2137716633451306e-05,3.360281119069284e-05,7.67853595400628e-05,1.6752060990521542,0.38,0.25862789310193596,0.5184955306900703,0.0,0.38604,0.1252251523178779,0.58,0.42,0.36,0.62,0.38,8192000,16384000
8,SWAP M=512 (state-copy matched to LE M=1024),swap,512,50,2.2137716633451306e-05,5.291234998894548e-05,9.443443448360991e-05,1.4178803240727915,0.32,0.20758216260656845,0.45810297308144077,0.0,0.4016,0.10410057804363249,0.62,0.38,0.42,0.56,0.32,4096000,8192000
8,SWAP-noise random walk M=64,swap_null,64,50,2.2137716633451306e-05,6.356117328781495e-05,0.0009292092110499976,1.2024021938923037,0.02,0.003539259271646236,0.10495443589637815,0.0,0.49835999999999997,-0.00024027348901861919,0.6,0.4,0.36,0.64,0.0,512000,1024000
8,SWAP-noise random walk M=1024,swap_null,1024,50,2.2137716633451306e-05,1.8375032631280988e-05,9.385426484503494e-05,0.3823418787435062,0.0,0.0,0.07134759913335872,0.0,0.50152,-0.0019307239520057883,0.5,0.5,0.26,0.7,0.0,8192000,16384000
10,exact,exact,0,50,2.4234042600851443e-06,2.6258553009010294e-06,2.6258553009010294e-06,0.027901796658216238,0.08,0.03154951408859298,0.18838246918342838,0.0,0.0,1.0,0.0,0.0,0.0,0.0,0.08,0,0
10,LE M=64,loschmidt,64,50,2.4234042600851443e-06,2.6498545360761848e-06,2.6498545360761848e-06,0.03896561987196945,0.06,0.02061497034897397,0.16217091688838173,0.8567599999999999,0.03144,0.17140916081907726,0.38,0.36,0.32,0.46,0.06,640000,640000
10,SWAP M=64,swap,64,50,2.4234042600851443e-06,1.2893452465846923e-06,4.8635699600797796e-05,1.6649495443832765,0.06,0.02061497034897397,0.16217091688838173,0.0,0.48460000000000003,0.012442764151682719,0.9,0.1,0.5,0.5,0.06,640000,1280000
10,SWAP M=32 (state-copy matched to LE M=64),swap,32,50,2.4234042600851443e-06,1.0496778245836018e-06,0.00013173888589549623,1.867097338426803,0.14,0.06950833427016294,0.2618619371058554,0.0,0.4764000000000001,0.023257629796014628,0.92,0.08,0.54,0.46,0.14,320000,640000
10,LE M=1024,loschmidt,1024,50,2.4234042600851443e-06,2.6195116229993363e-06,2.620729173544832e-06,0.02929537000231086,0.08,0.03154951408859298,0.18838246918342838,0.57772,0.10164000000000001,0.23457220276820284,0.26,0.36,0.22,0.48,0.08,10240000,10240000
10,SWAP M=1024,swap,1024,50,2.4234042600851443e-06,1.3187974994055743e-06,1.0435240357472848e-05,0.5865526710730835,0.04,0.011038884327619805,0.1346009068750702,0.0,0.48156,0.018344262760905058,0.8,0.12,0.46,0.48,0.04,10240000,20480000
10,SWAP M=512 (state-copy matched to LE M=1024),swap,512,50,2.4234042600851443e-06,1.44230178650084e-06,9.783106065923596e-06,0.8043664823771364,0.06,0.02061497034897397,0.16217091688838173,0.0,0.48156000000000004,0.0211657058433384,0.84,0.16,0.48,0.44,0.06,5120000,10240000
10,SWAP-noise random walk M=64,swap_null,64,50,2.4234042600851443e-06,3.512055071893562e-06,7.21355051114702e-05,1.2715074873268621,0.0,0.0,0.07134759913335872,0.0,0.49848,0.001771449436653646,0.92,0.08,0.54,0.44,0.0,640000,1280000
10,SWAP-noise random walk M=1024,swap_null,1024,50,2.4234042600851443e-06,1.1455479006992962e-06,9.168006765560569e-06,0.45224788242908165,0.0,0.0,0.07134759913335872,0.0,0.50064,0.001179827792744453,0.82,0.16,0.3,0.62,0.0,10240000,20480000
12,exact,exact,0,50,1.0616937002291799e-07,1.0673245255263056e-07,1.0673245255263056e-07,0.0019486555181624787,0.0,0.0,0.07134759913335872,0.0,0.0,1.0,0.0,0.0,0.0,0.0,0.0,0,0
12,LE M=64,loschmidt,64,50,1.0616937002291799e-07,1.0272829074225326e-07,1.0616937002291814e-07,7.549516567451064e-15,0.0,0.0,0.07134759913335872,0.9350400000000001,0.011120000000000001,0.3110498192410687,0.36,0.1,0.34,0.14,0.0,768000,768000
12,SWAP M=64,swap,64,50,1.0616937002291799e-07,2.3209596569943817e-07,4.992515514784246e-06,1.9077375130100647,0.02,0.003539259271646236,0.10495443589637815,0.0,0.49824000000000007,0.0015807846707015705,0.92,0.04,0.48,0.4,0.02,768000,1536000
12,SWAP M=32 (state-copy matched to LE M=64),swap,32,50,1.0616937002291799e-07,3.343892167483179e-08,1.3119998566058938e-05,1.8652889526671488,0.04,0.011038884327619805,0.1346009068750702,0.0,0.49564,0.004399156556455775,0.92,0.04,0.38,0.5,0.04,384000,768000
12,LE M=1024,loschmidt,1024,50,1.0616937002291799e-07,1.0573735560145207e-07,1.0641652882780856e-07,0.001996073746700855,0.0,0.0,0.07134759913335872,0.777,0.039400000000000004,0.16435898894184425,0.34,0.1,0.32,0.14,0.0,12288000,12288000
12,SWAP M=1024,swap,1024,50,1.0616937002291799e-07,1.1818056848939384e-07,2.8056373919530793e-07,0.505877764228778,0.02,0.003539259271646236,0.10495443589637815,0.0,0.49276000000000003,0.007759221990979904,0.82,0.04,0.46,0.34,0.02,12288000,24576000
12,SWAP M=512 (state-copy matched to LE M=1024),swap,512,50,1.0616937002291799e-07,1.2316637018978035e-07,4.0170887875634316e-07,0.7191512596167478,0.0,0.0,0.07134759913335872,0.0,0.49824000000000007,0.0007609265262724096,0.8,0.08,0.46,0.36,0.0,6144000,12288000
12,SWAP-noise random walk M=64,swap_null,64,50,1.0616937002291799e-07,1.277359897251859e-07,3.3624351914755697e-06,1.3481332439730607,0.0,0.0,0.07134759913335872,0.0,0.49716,-5.3919641466613974e-05,0.9,0.08,0.42,0.48,0.0,768000,1536000
12,SWAP-noise random walk M=1024,swap_null,1024,50,1.0616937002291799e-07,1.1819242968216704e-07,4.801727356350421e-07,0.4682228185176469,0.0,0.0,0.07134759913335872,0.0,0.5001599999999999,-0.0005004580272853975,0.76,0.1,0.34,0.48,0.0,12288000,24576000
