n,shots,n_samples,loschmidt_median_p_zero,loschmidt_mean_p_zero,loschmidt_median_p_correct,loschmidt_mean_p_correct,loschmidt_median_p_wrong,loschmidt_mean_p_wrong,loschmidt_median_p_correct_given_nonzero,loschmidt_mean_p_correct_given_nonzero,loschmidt_median_snr,loschmidt_mean_snr,loschmidt_frac_p_zero_ge_0.9,loschmidt_frac_p_correct_le_0.6,loschmidt_frac_float_tie,swap_median_p_zero,swap_mean_p_zero,swap_median_p_correct,swap_mean_p_correct,swap_median_p_wrong,swap_mean_p_wrong,swap_median_p_correct_given_nonzero,swap_mean_p_correct_given_nonzero,swap_median_snr,swap_mean_snr,swap_frac_p_zero_ge_0.9,swap_frac_p_correct_le_0.6,swap_frac_float_tie,paired_median_diff_p_zero,paired_frac_swap_higher_p_zero,paired_median_diff_p_correct,paired_frac_swap_higher_p_correct,paired_median_diff_p_correct_given_nonzero,paired_frac_swap_higher_p_correct_given_nonzero,paired_median_log10_snr_swap_over_le,paired_frac_swap_snr_higher,n_samples_req,snr1_log10_swap_over_le_finite_frac,snr1_log10_swap_over_le_median,snr1_log10_swap_over_le_q25,snr1_log10_swap_over_le_q75,snr1_log10_swap_over_le_q90,snr1_log10_swap_over_le_geomean,snr1_frac_swap_needs_more,snr1_frac_swap_needs_fewer,snr2_log10_swap_over_le_finite_frac,snr2_log10_swap_over_le_median,snr2_log10_swap_over_le_q25,snr2_log10_swap_over_le_q75,snr2_log10_swap_over_le_q90,snr2_log10_swap_over_le_geomean,snr2_frac_swap_needs_more,snr2_frac_swap_needs_fewer,dir0.75_log10_swap_over_le_finite_frac,dir0.75_log10_swap_over_le_median,dir0.75_log10_swap_over_le_q25,dir0.75_log10_swap_over_le_q75,dir0.75_log10_swap_over_le_q90,dir0.75_log10_swap_over_le_geomean,dir0.75_frac_swap_needs_more,dir0.75_frac_swap_needs_fewer,dir0.9_log10_swap_over_le_finite_frac,dir0.9_log10_swap_over_le_median,dir0.9_log10_swap_over_le_q25,dir0.9_log10_swap_over_le_q75,dir0.9_log10_swap_over_le_q90,dir0.9_log10_swap_over_le_geomean,dir0.9_frac_swap_needs_more,dir0.9_frac_swap_needs_fewer,nz0.9_log10_swap_over_le_finite_frac,nz0.9_log10_swap_over_le_median,nz0.9_log10_swap_over_le_q25,nz0.9_log10_swap_over_le_q75,nz0.9_log10_swap_over_le_q90,nz0.9_log10_swap_over_le_geomean,nz0.9_frac_swap_needs_more,nz0.9_frac_swap_needs_fewer
2,64,20000,0.0001950126901702663,0.08950937606956968,0.9996968496054555,0.8685474103075216,5.5714291879903306e-05,0.04194321362290888,0.9999342540048927,0.941758265577324,3.375207358335282,6.764150319029411,0.0244,0.14165,0.0,0.030420585971098778,0.033442166279143086,0.8918831804901539,0.8043329524137488,0.07772409362850302,0.16222488130710813,0.9198642292292684,0.8265301031168126,1.32968578930593,2.1072300072187207,0.0,0.25515,0.0,0.0008660402677748427,0.78605,-0.025296212648520888,0.0971,-0.05529147135221496,0.00645,-0.438404252165395,0.0,100000,1.0,0.7112044607530306,0.5118833609788743,1.167739184690915,1.9143441888102863,0.9793168646145397,1.0,0.0,1.0,0.8016323462331665,0.6532125137753437,1.1792644643390253,1.916494310983998,1.0602368208196669,1.0,0.0,1.0,0.5228787452803376,0.39794000867203766,0.8946568194550808,1.6035205683395801,0.769422885352522,1.0,0.0,1.0,0.6368220975871743,0.4771212547196625,1.0800908727065484,1.8163813057487626,0.9226203016821678,1.0,0.0,1.0,0.30102999566398103,-0.05435766232259276,0.38021124171160603,0.47712125471966244,0.022547647543385237,0.72544,0.26813
2,1024,20000,6.686690595030432e-47,0.02147783606225333,1.0,0.9610836444124907,6.061796463931113e-30,0.017438519525256088,1.0,0.9787762221897807,13.500829433341128,27.056601276117643,0.00545,0.0369,0.0,1.413099181743963e-08,0.004209171519887233,0.9999999353923399,0.9075353534874583,5.04758270672332e-08,0.08825547499265474,0.9999999495241723,0.9103127676236654,5.31874315722372,8.428920028874883,0.0,0.1177,0.0,1.8548311653222576e-15,0.89905,-3.3684652844812035e-09,0.08325,-5.047535567292982e-08,0.0695,-0.438404252165395,0.0,100000,1.0,0.7112044607530306,0.5118833609788743,1.167739184690915,1.9143441888102863,0.9793168646145397,1.0,0.0,1.0,0.8016323462331665,0.6532125137753437,1.1792644643390253,1.916494310983998,1.0602368208196669,1.0,0.0,1.0,0.5228787452803376,0.39794000867203766,0.8946568194550808,1.6035205683395801,0.769422885352522,1.0,0.0,1.0,0.6368220975871743,0.4771212547196625,1.0800908727065484,1.8163813057487626,0.9226203016821678,1.0,0.0,1.0,0.30102999566398103,-0.05435766232259276,0.38021124171160603,0.47712125471966244,0.022547647543385237,0.72544,0.26813
2,16384,20000,0.0,0.004798977206945031,1.0,0.9896081827759141,0.0,0.0055928400171418756,1.0,0.9935093559115041,54.00331773336451,108.22640510447057,0.00135,0.0097,0.0,4.356215370111763e-104,0.0005325420952082442,1.0,0.9540332788273604,6.337462661743492e-206,0.045434179077432205,1.0,0.9543850989258921,21.27497262889488,33.71568011549953,0.0,0.05525,0.0,9.899061954902473e-140,0.5911,0.0,0.0732,0.0,0.0751,-0.438404252165395,0.0,100000,1.0,0.7112044607530306,0.5118833609788743,1.167739184690915,1.9143441888102863,0.9793168646145397,1.0,0.0,1.0,0.8016323462331665,0.6532125137753437,1.1792644643390253,1.916494310983998,1.0602368208196669,1.0,0.0,1.0,0.5228787452803376,0.39794000867203766,0.8946568194550808,1.6035205683395801,0.769422885352522,1.0,0.0,1.0,0.6368220975871743,0.4771212547196625,1.0800908727065484,1.8163813057487626,0.9226203016821678,1.0,0.0,1.0,0.30102999566398103,-0.05435766232259276,0.38021124171160603,0.47712125471966244,0.022547647543385237,0.72544,0.26813
4,64,20000,0.23503091353304983,0.3936399208404217,0.5931881772818645,0.5549672784198385,0.007732535777880507,0.05139280073973985,0.9536440606134913,0.8780304537044309,0.7121756536620533,1.5769791468678427,0.2004,0.50375,0.0,0.07018428691041524,0.0603772580659047,0.49787515420999745,0.5889345278051251,0.4318382623461517,0.35068821412897017,0.5355242360710449,0.6236113663643975,0.08305267166950059,0.46459947952033964,0.0,0.69735,0.0,-0.16488500431065486,0.34205,-0.015327340880297247,0.4371,-0.2657503757960883,5e-05,-0.9118230380373726,0.0,100000,1.0,1.7921403281064514,1.1249387366083,2.776417122992204,3.9296270995244442,2.1262174417183184,1.0,0.0,1.0,1.7946996080886701,1.1373378772767317,2.7765990918518946,3.9296624287632906,2.1388837350404457,1.0,0.0,1.0,1.472126186785576,0.8498444750387186,2.4481941739979107,3.604930458181553,1.8309857876737097,1.0,0.0,1.0,1.6929407594238035,1.0384887527055167,2.676212279021111,3.829073676224683,2.034830536310603,1.0,0.0,1.0,-0.6283889300503114,-1.6274298693398308,0.04742464992813811,0.324511091513504,-0.984280974341938,0.26429,0.72796
4,1024,20000,0.0007343852077487147,0.1658819331184626,0.9985864931017956,0.7946572122211117,0.00010088480554238714,0.03946085466042566,0.9997532255298726,0.9308091465642874,2.848702614648213,6.307916587471371,0.07475,0.22545,0.0,0.01669685829193711,0.011669618858154533,0.6217721901715465,0.7086364717061036,0.361533057896604,0.2796939094357419,0.6323274850027978,0.7155160391349662,0.33221068667800235,1.8583979180813586,0.0,0.4753,0.0,3.67672869324733e-09,0.60325,-0.06680109078127461,0.1957,-0.21507783756163196,0.01335,-0.9118230380373726,0.0,100000,1.0,1.7921403281064514,1.1249387366083,2.776417122992204,3.9296270995244442,2.1262174417183184,1.0,0.0,1.0,1.7946996080886701,1.1373378772767317,2.7765990918518946,3.9296624287632906,2.1388837350404457,1.0,0.0,1.0,1.472126186785576,0.8498444750387186,2.4481941739979107,3.604930458181553,1.8309857876737097,1.0,0.0,1.0,1.6929407594238035,1.0384887527055167,2.676212279021111,3.829073676224683,2.034830536310603,1.0,0.0,1.0,-0.6283889300503114,-1.6274298693398308,0.04742464992813811,0.324511091513504,-0.984280974341938,0.26429,0.72796
4,16384,20000,4.262184497280605e-37,0.0622031890849519,1.0,0.9168843856363467,1.059313067802578e-21,0.02091242527870269,1.0,0.9678340497627526,11.394810458592852,25.231666349885483,0.02495,0.0897,0.0,0.0018231609844572153,0.0020904590583861967,0.9071330325087221,0.798944083655782,0.0910422736317617,0.19896545728583293,0.9087912979418714,0.800202663611229,1.3288427467120094,7.433591672325434,0.0,0.31135,0.0,5.663565955800465e-10,0.7432,-0.010279353249517231,0.0937,-0.06776165727744637,0.03105,-0.9118230380373726,0.0,100000,1.0,1.7921403281064514,1.1249387366083,2.776417122992204,3.9296270995244442,2.1262174417183184,1.0,0.0,1.0,1.7946996080886701,1.1373378772767317,2.7765990918518946,3.9296624287632906,2.1388837350404457,1.0,0.0,1.0,1.472126186785576,0.8498444750387186,2.4481941739979107,3.604930458181553,1.8309857876737097,1.0,0.0,1.0,1.6929407594238035,1.0384887527055167,2.676212279021111,3.829073676224683,2.034830536310603,1.0,0.0,1.0,-0.6283889300503114,-1.6274298693398308,0.04742464992813811,0.324511091513504,-0.984280974341938,0.26429,0.72796
6,64,20000,0.8792708843252652,0.6816735765743872,0.09662068044588265,0.2830607137648839,0.0039986047130071145,0.035265709660728825,0.893232619544494,0.8413900344667395,0.18035014885328282,0.5763581128415839,0.47985,0.78635,0.0,0.07038523892728175,0.06815589637312551,0.4670860270277593,0.5033209548493622,0.46252800612371037,0.4285231487775123,0.5024514896429082,0.5393429762589056,0.005723652650708584,0.11703477336386134,0.0,0.911,5e-05,-0.8088875245010712,0.1097,0.3707582376949159,0.73805,-0.32918891350745244,0.0,-1.4955959969530643,0.0,100000,1.0,2.9936661908197504,2.013475009723689,4.275347285338235,5.691416251910914,3.319207681657982,1.0,0.0,1.0,2.993845329522159,2.0152771109035132,4.275363538556104,5.691416257553255,3.3219180972155113,1.0,0.0,1.0,2.663408028358525,1.6886316805508672,3.945555882925439,5.3606513896486465,2.996254839239777,1.0,0.0,1.0,2.8927212153602087,1.9160001135718594,4.174087908765036,5.585751343240755,3.2206817156387375,1.0,0.0,1.0,-1.8305084739693955,-3.1217880309058126,-0.8313097555286235,-0.15209098265191479,-2.1507867947602897,0.06891,0.92777
6,1024,20000,0.22198784435804803,0.4069126740886147,0.6095293659479444,0.549958585972325,0.003153205179443848,0.043128739939060155,0.9616846109709178,0.8831884299510923,0.7214005954131313,2.3054324513663356,0.24975,0.4956,0.0,0.01762433131121763,0.015648014009197835,0.5003194931327788,0.5801251300614143,0.4820560630026051,0.4042268559293878,0.509295543856418,0.5886596030977008,0.022894610602834337,0.46813909345544535,0.0,0.76675,5e-05,-0.20436515598713512,0.31235,-0.004488006167402692,0.4516,-0.3344738049691679,0.00215,-1.4955959969530643,0.0,100000,1.0,2.9936661908197504,2.013475009723689,4.275347285338235,5.691416251910914,3.319207681657982,1.0,0.0,1.0,2.993845329522159,2.0152771109035132,4.275363538556104,5.691416257553255,3.3219180972155113,1.0,0.0,1.0,2.663408028358525,1.6886316805508672,3.945555882925439,5.3606513896486465,2.996254839239777,1.0,0.0,1.0,2.8927212153602087,1.9160001135718594,4.174087908765036,5.585751343240755,3.2206817156387375,1.0,0.0,1.0,-1.8305084739693955,-3.1217880309058126,-0.8313097555286235,-0.15209098265191479,-2.1507867947602897,0.06891,0.92777
6,16384,20000,0.0005568241657671956,0.2098660840114453,0.9987522666825935,0.7557509361968696,4.127011827396007e-05,0.034382979791686315,0.9997973953626337,0.9277689938152583,2.885602381652525,9.221729805465342,0.1147,0.26865,0.0,0.004389329092337576,0.003354287077901103,0.5342885672230865,0.6537757594338716,0.4613221069588733,0.34286995348822774,0.5366440729077968,0.6556552641618821,0.09157844241133735,1.8725563738217814,0.0,0.6107,5e-05,1.8695113585794744e-29,0.53835,-0.11886929188941925,0.2405,-0.3197329435065786,0.00945,-1.4955959969530643,0.0,100000,1.0,2.9936661908197504,2.013475009723689,4.275347285338235,5.691416251910914,3.319207681657982,1.0,0.0,1.0,2.993845329522159,2.0152771109035132,4.275363538556104,5.691416257553255,3.3219180972155113,1.0,0.0,1.0,2.663408028358525,1.6886316805508672,3.945555882925439,5.3606513896486465,2.996254839239777,1.0,0.0,1.0,2.8927212153602087,1.9160001135718594,4.174087908765036,5.585751343240755,3.2206817156387375,1.0,0.0,1.0,-1.8305084739693955,-3.1217880309058126,-0.8313097555286235,-0.15209098265191479,-2.1507867947602897,0.06891,0.92777
8,64,20000,0.9915916550277586,0.8608455807285589,0.006651156824573273,0.12040922999274009,0.0005293310262047546,0.018745189278700967,0.8646578671249419,0.8257688732893504,0.04504821522468252,0.2215471939947158,0.72495,0.92875,0.0,0.0703860893782291,0.06999720052866203,0.4649515649451329,0.4753257381803027,0.4646621606121514,0.45467706129103536,0.5001555578395779,0.5109807878772179,0.0003631889980988548,0.02818277761440171,0.0,0.98055,0.00025,-0.9212055728351214,0.02665,0.45826915423747294,0.9063,-0.3463816510937673,0.0,-2.0902057532298777,0.0,100000,1.0,4.194398178434428,2.981440601770579,5.6965347543778515,7.305872596058848,4.512480968031949,1.0,0.0,1.0,4.194402618041233,2.9815626432851117,5.6965350768132605,7.305872596096076,4.513128238616143,1.0,0.0,1.0,3.8570663726261536,2.642776853013879,5.364411575435259,6.972428914604146,4.179897212000168,1.0,0.0,1.0,4.0922793737384815,2.8804360073023947,5.593666424797324,7.203174075034818,4.411714649369754,1.0,0.0,1.0,-3.02052960110531,-4.535842368445593,-1.794792921702861,-0.9341827155103568,-3.338097721457727,0.01374,0.98531
8,1024,20000,0.8755066193352259,0.6468754243744608,0.09854946142087173,0.31910628865819346,0.0020991179848050216,0.03401828696734574,0.9049455203106078,0.849895563410891,0.18019286089873007,0.8861887759788633,0.48025,0.7365,0.0,0.01762875537981802,0.017106234630945166,0.4917651179343672,0.5214754702206834,0.4906061282521971,0.46141829514837157,0.5005898939360598,0.5303582000288081,0.0014527559923954191,0.11273111045760684,0.0,0.92005,0.00025,-0.8578778852655662,0.12735,0.39339844646024713,0.698,-0.3596549052162359,0.0001,-2.0902057532298777,0.0,100000,1.0,4.194398178434428,2.981440601770579,5.6965347543778515,7.305872596058848,4.512480968031949,1.0,0.0,1.0,4.194402618041233,2.9815626432851117,5.6965350768132605,7.305872596096076,4.513128238616143,1.0,0.0,1.0,3.8570663726261536,2.642776853013879,5.364411575435259,6.972428914604146,4.179897212000168,1.0,0.0,1.0,4.0922793737384815,2.8804360073023947,5.593666424797324,7.203174075034818,4.411714649369754,1.0,0.0,1.0,-3.02052960110531,-4.535842368445593,-1.794792921702861,-0.9341827155103568,-3.338097721457727,0.01374,0.98531
8,16384,20000,0.2168130678182195,0.416959915030679,0.6086244645064656,0.5454281507400389,0.0013938503078726114,0.037611934229282405,0.9680056081071793,0.8879636356392666,0.7207714435949203,3.544755103915453,0.2748,0.4969,0.0,0.004407623800340896,0.004030356514921928,0.5001144208811477,0.563614290354874,0.4954779560417059,0.43235535313020407,0.5023284955504437,0.5657547589097844,0.0058110239695816765,0.45092444183042735,0.0,0.8257,0.00025,-0.21240543542233403,0.30495,-0.005315599597432746,0.45635,-0.37625063504095785,0.00205,-2.0902057532298777,0.0,100000,1.0,4.194398178434428,2.981440601770579,5.6965347543778515,7.305872596058848,4.512480968031949,1.0,0.0,1.0,4.194402618041233,2.9815626432851117,5.6965350768132605,7.305872596096076,4.513128238616143,1.0,0.0,1.0,3.8570663726261536,2.642776853013879,5.364411575435259,6.972428914604146,4.179897212000168,1.0,0.0,1.0,4.0922793737384815,2.8804360073023947,5.593666424797324,7.203174075034818,4.411714649369754,1.0,0.0,1.0,-3.02052960110531,-4.535842368445593,-1.794792921702861,-0.9341827155103568,-3.338097721457727,0.01374,0.98531
10,64,20000,0.9995030729094766,0.9492061361034988,0.00040031475574842394,0.04334970890157506,3.734829127316486e-05,0.007444154994926123,0.856474087793319,0.820264983683765,0.011292520077494586,0.08666711494914862,0.8846,0.9811,0.0,0.07038609215948904,0.0703327542513829,0.4648158419503852,0.46736283647673893,0.4647980658936326,0.4623044092718782,0.5000095609890314,0.5027067502129668,2.2322538931248543e-05,0.0065660009699728935,0.0,0.9979,0.0008,-0.9291169807637223,0.0042,0.4644169045047336,0.97275,-0.3520763987411383,0.0,-2.7053893032174647,0.0,100000,1.0,5.399462611149518,3.9883203520966974,7.118514949741055,8.905199102365355,5.724124682153762,1.0,0.0,1.0,5.399462920889479,3.9883229296154994,7.118514957826058,8.905199102641829,5.724286461123955,1.0,0.0,1.0,5.06489736866685,3.648950510195081,6.784098823214286,8.583530015964842,5.3900402659950215,1.0,0.0,1.0,5.296400404766191,3.885123535233811,7.0163957158299635,8.811817650559982,5.623094963812625,1.0,0.0,1.0,-4.227482577778365,-5.954427446485394,-2.8086698042856764,-1.7556366903350702,-4.551331245392447,0.00217,0.99764
10,1024,20000,0.9920880704703097,0.8241726088184498,0.0063791309609729785,0.15630873539829962,0.0003893319541221217,0.01951865578325062,0.8752833730934954,0.831400864943509,0.04517008030997834,0.3466684597965945,0.70225,0.8859,0.0,0.01762877234047176,0.017527688158907834,0.4912212311019981,0.4999430249364235,0.4911499965625413,0.4825292869046687,0.5000362564260081,0.5088294083454635,8.929015572499417e-05,0.026264003879891574,0.0,0.9775,0.0008,-0.9744592981646835,0.0436,0.48485226587058394,0.8648,-0.3628035503979732,0.0,-2.7053893032174647,0.0,100000,1.0,5.399462611149518,3.9883203520966974,7.118514949741055,8.905199102365355,5.724124682153762,1.0,0.0,1.0,5.399462920889479,3.9883229296154994,7.118514957826058,8.905199102641829,5.724286461123955,1.0,0.0,1.0,5.06489736866685,3.648950510195081,6.784098823214286,8.583530015964842,5.3900402659950215,1.0,0.0,1.0,5.296400404766191,3.885123535233811,7.0163957158299635,8.811817650559982,5.623094963812625,1.0,0.0,1.0,-4.227482577778365,-5.954427446485394,-2.8086698042856764,-1.7556366903350702,-4.551331245392447,0.00217,0.99764
10,16384,20000,0.8820171681970711,0.6313218917818556,0.09488787264605575,0.33865447843184654,0.0011744268379020619,0.030023629786297863,0.9171466565717395,0.8556767678130464,0.18068032123991337,1.386673839186378,0.48655,0.70975,0.0,0.004407697217180272,0.004296850043211378,0.4979386367719204,0.521404784385231,0.49765366601567224,0.4742983655715576,0.50014311619096,0.5236121341404405,0.0003571606228999767,0.1050560155195663,0.0,0.93595,0.0008,-0.8776094713201279,0.1425,0.4030646868878931,0.67455,-0.3833627328316475,0.0002,-2.7053893032174647,0.0,100000,1.0,5.399462611149518,3.9883203520966974,7.118514949741055,8.905199102365355,5.724124682153762,1.0,0.0,1.0,5.399462920889479,3.9883229296154994,7.118514957826058,8.905199102641829,5.724286461123955,1.0,0.0,1.0,5.06489736866685,3.648950510195081,6.784098823214286,8.583530015964842,5.3900402659950215,1.0,0.0,1.0,5.296400404766191,3.885123535233811,7.0163957158299635,8.811817650559982,5.623094963812625,1.0,0.0,1.0,-4.227482577778365,-5.954427446485394,-2.8086698042856764,-1.7556366903350702,-4.551331245392447,0.00217,0.99764
12,64,20000,0.9999673887858955,0.9835187345244952,2.622398565730195e-05,0.013795779543436032,2.428987158893233e-06,0.00268548593206857,0.8534543386035237,0.8185192197235807,0.0028622153662813407,0.03445685236825924,0.9602,0.9964,0.0,0.07038609216997829,0.07037811647095786,0.4648075350077051,0.46544916592260976,0.4648063728223549,0.46417271760643236,0.5000006250903415,0.5006852207156719,1.4594309862218658e-06,0.0016183264494887117,0.0,0.9994,0.0036,-0.9295812966160841,0.0009,0.4647815179503543,0.9941,-0.3524251662716324,0.0001,-3.2969175866031293,0.0,100000,1.0,6.603651194503018,5.021054840325336,8.460392865401959,10.376575560355734,6.907143994675051,1.0,0.0,1.0,6.603651210098919,5.02105615404197,8.460392866981397,10.376575560372116,6.907180835973955,1.0,0.0,1.0,6.273932433644799,4.679518226993482,8.125044781431882,10.038285551425053,6.571698987174779,1.0,0.0,1.0,6.502697053703173,4.918334901967936,8.360091617347798,10.27431596490087,6.805772437263403,1.0,0.0,1.0,-5.43815192541104,-7.297812139212125,-3.8335171368013565,-2.6380491235447487,-5.7330472227892395,0.00026,0.99967
12,1024,20000,0.9994783671752174,0.923136464312158,0.000419493799218126,0.06683257601089876,3.545647185852801e-05,0.010030959676943311,0.8609290527818538,0.8228102726608075,0.011448861465125363,0.13782740947303695,0.85155,0.96,0.0,0.01762877240459675,0.017608141358083036,0.4911879424283191,0.4935416975154323,0.49118328516712084,0.48885016112648466,0.5000023704181613,0.5023812574145617,5.837723944887463e-06,0.006473305797954847,0.0,0.9955,0.0036,-0.9818495947711781,0.0111,0.49076949332129,0.9503,-0.3582838576364594,0.0,-3.2969175866031293,0.0,100000,1.0,6.603651194503018,5.021054840325336,8.460392865401959,10.376575560355734,6.907143994675051,1.0,0.0,1.0,6.603651210098919,5.02105615404197,8.460392866981397,10.376575560372116,6.907180835973955,1.0,0.0,1.0,6.273932433644799,4.679518226993482,8.125044781431882,10.038285551425053,6.571698987174779,1.0,0.0,1.0,6.502697053703173,4.918334901967936,8.360091617347798,10.27431596490087,6.805772437263403,1.0,0.0,1.0,-5.43815192541104,-7.297812139212125,-3.8335171368013565,-2.6380491235447487,-5.7330472227892395,0.00026,0.99967
12,16384,20000,0.9916937273951332,0.7938995926357689,0.00668892817987001,0.18550604048984232,0.0002667804354944775,0.020594366874388696,0.8813680211624733,0.8360758316433017,0.04579544586050145,0.5513096378921478,0.6795,0.85495,0.0,0.004407697492152149,0.004381933339381399,0.49780546684283467,0.5049715390183396,0.4977868356650492,0.4906465276422791,0.5000093568309731,0.5071845868936693,2.3350895779549853e-05,0.025893223191819387,0.0,0.9819,0.0036,-0.9872860299033899,0.05605,0.4911213496606987,0.83375,-0.372116074197815,5e-05,-3.2969175866031293,0.0,100000,1.0,6.603651194503018,5.021054840325336,8.460392865401959,10.376575560355734,6.907143994675051,1.0,0.0,1.0,6.603651210098919,5.02105615404197,8.460392866981397,10.376575560372116,6.907180835973955,1.0,0.0,1.0,6.273932433644799,4.679518226993482,8.125044781431882,10.038285551425053,6.571698987174779,1.0,0.0,1.0,6.502697053703173,4.918334901967936,8.360091617347798,10.27431596490087,6.805772437263403,1.0,0.0,1.0,-5.43815192541104,-7.297812139212125,-3.8335171368013565,-2.6380491235447487,-5.7330472227892395,0.00026,0.99967
14,64,20000,0.9999981070198902,0.9949113402471601,1.5009445618367524e-06,0.004279378647999065,1.4433238482158828e-07,0.0008092811048408973,0.8554042949558739,0.819303056280496,0.000688941230995077,0.014316798951541443,0.9877,0.9992,0.0,0.07038609217001392,0.0703852125135981,0.46480698671183807,0.46496991438582136,0.46480692111814687,0.4646448731005805,0.500000035280072,0.5001747613154609,8.2370209978304e-08,0.00040886494276459,0.0,1.0,0.01095,-0.9296120148498754,0.0001,0.4648054946416253,0.9987,-0.35526041959774246,0.0001,-3.91503171475164,0.0,100000,1.0,7.820040793648781,6.0897052798122555,9.847858477673816,11.924034455323886,8.137544515942162,1.0,0.0,1.0,7.82004079847535,6.089705279857307,9.847858477697644,11.924034455323953,8.137555310147627,1.0,0.0,1.0,7.485337613499256,5.752801012776292,9.514639706007422,11.57809348145584,7.802234651859183,1.0,0.0,1.0,7.7196097839640405,5.990858685688979,9.7451534424501,11.819703142553177,8.036219454167734,1.0,0.0,1.0,-6.64401772889053,-8.682971269731013,-4.911302918086286,-3.5621961779799527,-6.964065142772697,4e-05,0.99993
14,1024,20000,0.9999697128473317,0.9692068903775424,2.4014830314429358e-05,0.026490883316248312,2.271534225939398e-06,0.004302226306209325,0.8575631581750789,0.8207695641152947,0.002755764923980308,0.05726719580616577,0.9361,0.9866,0.0,0.017628772404860577,0.017625605631804087,0.4911857452253975,0.4918241076323982,0.49118548236974136,0.4905502867357977,0.5000001337863166,0.5006476592069168,3.29480839913216e-07,0.00163545977105836,0.0,0.99915,0.01095,-0.9823409404424723,0.00315,0.49116175289428193,0.98255,-0.3569632011762356,0.0001,-3.91503171475164,0.0,100000,1.0,7.820040793648781,6.0897052798122555,9.847858477673816,11.924034455323886,8.137544515942162,1.0,0.0,1.0,7.82004079847535,6.089705279857307,9.847858477697644,11.924034455323953,8.137555310147627,1.0,0.0,1.0,7.485337613499256,5.752801012776292,9.514639706007422,11.57809348145584,7.802234651859183,1.0,0.0,1.0,7.7196097839640405,5.990858685688979,9.7451534424501,11.819703142553177,8.036219454167734,1.0,0.0,1.0,-6.64401772889053,-8.682971269731013,-4.911302918086286,-3.5621961779799527,-6.964065142772697,4e-05,0.99993
14,16384,20000,0.9995155409737375,0.8978614745636337,0.00038416493028270665,0.09075928620886498,2.8697847580442358e-05,0.011379239227501253,0.8668547415950074,0.8269427332589098,0.011023059695921232,0.2290687832246631,0.8239,0.9353,0.0,0.004407697493315488,0.004401477531588124,0.4977966770243094,0.49999460110401744,0.4977956254823728,0.4956039213643944,0.5000005280986675,0.5022029039661956,1.317923359652864e-06,0.00654183908423344,0.0,0.9952,0.01095,-0.9951078434804271,0.0204,0.497412813812829,0.9235,-0.36506644941477306,0.0,-3.91503171475164,0.0,100000,1.0,7.820040793648781,6.0897052798122555,9.847858477673816,11.924034455323886,8.137544515942162,1.0,0.0,1.0,7.82004079847535,6.089705279857307,9.847858477697644,11.924034455323953,8.137555310147627,1.0,0.0,1.0,7.485337613499256,5.752801012776292,9.514639706007422,11.57809348145584,7.802234651859183,1.0,0.0,1.0,7.7196097839640405,5.990858685688979,9.7451534424501,11.819703142553177,8.036219454167734,1.0,0.0,1.0,-6.64401772889053,-8.682971269731013,-4.911302918086286,-3.5621961779799527,-6.964065142772697,4e-05,0.99993
16,64,20000,0.9999998731517183,0.9981743041343638,1.0185555725398768e-07,0.0015437560851416824,9.636672904100863e-09,0.00028193978049463045,0.8535288893814643,0.8181740237054308,0.00018300969866045383,0.0062756066097045,0.996,0.99965,0.0,0.07038609217001479,0.07038573997025178,0.46480695615777456,0.46486761001638915,0.4648069516722111,0.46474665001335913,0.5000000024125948,0.5000650349154736,5.632827364450544e-09,0.0001521554773031582,0.0,1.0,0.02985,-0.9296137809817024,0.0,0.4648068547015342,0.99945,-0.3534892107131472,0.00055,-4.501962735306236,0.0,100000,1.0,9.017158604809943,7.135211540547019,11.193955424510644,13.393796954714292,9.334436108094087,1.0,0.0,1.0,9.017158605116933,7.135211550921085,11.193955424510644,13.393796954714308,9.334438451449744,1.0,0.0,1.0,8.678790671856436,6.7956093059072264,10.861668791254397,13.060535515807354,8.999848611623415,1.0,0.0,1.0,8.913541883828747,7.032957704321721,11.090506094723896,13.2890748265229,9.2333483762322,1.0,0.0,1.0,-7.847089377845519,-10.030315125741776,-5.949200357872855,-4.497378489948438,-8.162488493359447,1e-05,0.99998
16,1024,20000,0.9999979704298014,0.9882959477116743,1.6296876020644969e-06,0.010034532426681586,1.5350387954929468e-07,0.001669519861644207,0.854574732207395,0.8188435015346204,0.0007320387946418153,0.025102426438818,0.97505,0.9957,0.0,0.017628772404861878,0.017627478368587753,0.4911856227855996,0.49142300409757317,0.49118560480953855,0.49094951753383914,0.5000000091493219,0.5002407084460365,2.2531309457802175e-08,0.0006086219092126328,0.0,0.99955,0.02985,-0.9823691980249382,0.001,0.4911839964522332,0.99445,-0.3543390662403918,0.00015,-4.501962735306236,0.0,100000,1.0,9.017158604809943,7.135211540547019,11.193955424510644,13.393796954714292,9.334436108094087,1.0,0.0,1.0,9.017158605116933,7.135211550921085,11.193955424510644,13.393796954714308,9.334438451449744,1.0,0.0,1.0,8.678790671856436,6.7956093059072264,10.861668791254397,13.060535515807354,8.999848611623415,1.0,0.0,1.0,8.913541883828747,7.032957704321721,11.090506094723896,13.2890748265229,9.2333483762322,1.0,0.0,1.0,-7.847089377845519,-10.030315125741776,-5.949200357872855,-4.497378489948438,-8.162488493359447,1e-05,0.99998
16,16384,20000,0.9999675274677178,0.9533676035110961,2.607466530639572e-05,0.04088120452961512,2.296919376503357e-06,0.005751191959288827,0.8585172583738689,0.8212635633475484,0.0029281551785672612,0.100409705755272,0.91425,0.97395,0.0,0.004407697493321221,0.004405349382014849,0.49779618721332075,0.4985914854676789,0.49779611529335543,0.4970031651503063,0.5000000361191851,0.5007968169744155,9.01252378312087e-08,0.002434487636850531,0.0,0.9983,0.02985,-0.9955598299743924,0.0071,0.4977701276255485,0.9689,-0.35748811531649016,0.0003,-4.501962735306236,0.0,100000,1.0,9.017158604809943,7.135211540547019,11.193955424510644,13.393796954714292,9.334436108094087,1.0,0.0,1.0,9.017158605116933,7.135211550921085,11.193955424510644,13.393796954714308,9.334438451449744,1.0,0.0,1.0,8.678790671856436,6.7956093059072264,10.861668791254397,13.060535515807354,8.999848611623415,1.0,0.0,1.0,8.913541883828747,7.032957704321721,11.090506094723896,13.2890748265229,9.2333483762322,1.0,0.0,1.0,-7.847089377845519,-10.030315125741776,-5.949200357872855,-4.497378489948438,-8.162488493359447,1e-05,0.99998
18,64,20000,0.9999999922118785,0.9996134194585131,6.202500612250854e-09,0.0003236330914018911,6.291290266524641e-10,6.294745008501421e-05,0.8544519596609748,0.8179845876012981,4.1838691362553634e-05,0.0022998381111563786,0.99915,0.99995,0.0,0.07038609217001507,0.07038606062914891,0.4648069540429801,0.4648177845752554,0.46480695378700543,0.4647961547955956,0.5000000001376779,0.5000116325313864,3.214454117512832e-10,2.7174619429695268e-05,0.0,1.0,0.05545,-0.929613900041864,0.0,0.4648069478694785,0.9999,-0.3544519590337821,0.00085,-5.107888627412626,0.0,100000,1.0,10.245008883159132,8.217670997063244,12.549549985478656,14.89052859875263,10.553948298626908,1.0,0.0,1.0,10.245008883163418,8.217670997580228,12.549549985478656,14.89052859875263,10.55394895732549,1.0,0.0,1.0,9.90637425128508,7.883543071416167,12.218345871356187,14.567444268877892,10.218692412542223,1.0,0.0,1.0,10.143764262022371,8.120784764952617,12.450110391407033,14.793188548852546,10.452651228572208,1.0,0.0,1.0,-9.07092835783911,-11.38911653187378,-7.032665504242502,-5.423902359434158,-9.380686440749516,0.0,1.0
18,1024,20000,0.999999875390066,0.9965284923865645,9.924000079962328e-08,0.0028826663147528903,1.0046031573426624e-08,0.0005888412986826854,0.8534941359995292,0.81770980350456,0.00016735476545021454,0.009199352444625514,0.99245,0.99915,0.0,0.017628772404862315,0.01762864851208206,0.4911856143102423,0.491228719488206,0.4911856132848941,0.4911426319997119,0.5000000005218741,0.5000437996006324,1.2857816470051328e-09,0.00010869847771878107,0.0,0.99995,0.05545,-0.9823711029852032,0.00015,0.4911855152428569,0.9989,-0.35348486624877884,0.0005,-5.107888627412626,0.0,100000,1.0,10.245008883159132,8.217670997063244,12.549549985478656,14.89052859875263,10.553948298626908,1.0,0.0,1.0,10.245008883163418,8.217670997580228,12.549549985478656,14.89052859875263,10.55394895732549,1.0,0.0,1.0,9.90637425128508,7.883543071416167,12.218345871356187,14.567444268877892,10.218692412542223,1.0,0.0,1.0,10.143764262022371,8.120784764952617,12.450110391407033,14.793188548852546,10.452651228572208,1.0,0.0,1.0,-9.07092835783911,-11.38911653187378,-7.032665504242502,-5.423902359434158,-9.380686440749516,0.0,1.0
18,16384,20000,0.9999980062433114,0.981519906400497,1.5878377539072588e-06,0.01586010667639939,1.5939664561087467e-07,0.0026199869231035657,0.8554670997767744,0.8186625326128114,0.0006694190618008581,0.03679740977850206,0.96225,0.99225,0.0,0.004407697493322462,0.0044073638873902265,0.4977961533043683,0.49795477401784344,0.4977961492023073,0.4976378620947664,0.5000000020601109,0.5001590387393502,5.143126588020531e-09,0.0004347939108751243,0.0,0.9998,0.05545,-0.9955903087499862,0.00145,0.497794566198662,0.98995,-0.3553146951673889,0.00015,-5.107888627412626,0.0,100000,1.0,10.245008883159132,8.217670997063244,12.549549985478656,14.89052859875263,10.553948298626908,1.0,0.0,1.0,10.245008883163418,8.217670997580228,12.549549985478656,14.89052859875263,10.55394895732549,1.0,0.0,1.0,9.90637425128508,7.883543071416167,12.218345871356187,14.567444268877892,10.218692412542223,1.0,0.0,1.0,10.143764262022371,8.120784764952617,12.450110391407033,14.793188548852546,10.452651228572208,1.0,0.0,1.0,-9.07092835783911,-11.38911653187378,-7.032665504242502,-5.423902359434158,-9.380686440749516,0.0,1.0
20,64,20000,0.9999999995502455,0.9998919408446756,3.5995190161841606e-10,8.370047183120508e-05,3.6456859360927477e-11,2.4358683493213046e-05,0.8537168997976599,0.8188496081192949,1.0807711001160787e-05,0.0009395116481699283,0.99985,1.0,0.0,0.07038609217001539,0.07038609150971709,0.46480695392266713,0.4648091041518372,0.46480695390731597,0.4648048043384458,0.5000000000082567,0.5000023126847898,1.927154281923969e-11,5.399583731398911e-06,0.0,1.0,0.1134,-0.9296139073802285,0.0,0.4648069535630287,1.0,-0.35371689979715926,0.0014,-5.727117272195034,0.0,100000,1.0,11.41549720615292,9.272592094647036,13.85859449233246,16.324437126082163,11.742431207507243,1.0,0.0,1.0,11.415497206153425,9.272592094647985,13.858594492332465,16.324437126082163,11.742431378259852,1.0,0.0,1.0,11.079933552407814,8.936834249322736,13.524214590336664,15.989181900396874,11.40705285426428,1.0,0.0,1.0,11.313945996564623,9.169641083071873,13.755721494624792,16.224542354070522,11.64111043374097,1.0,0.0,1.0,-10.246655436285609,-12.69237367853105,-8.099559774795694,-6.403707771256007,-10.569055282519358,0.0,1.0
20,1024,20000,0.9999999928039296,0.9988198377381866,5.759230758961564e-09,0.0009566391198434509,5.833094133810124e-10,0.0002235231419699069,0.8532564093462586,0.8182899648770667,4.323084400464315e-05,0.003758046592679713,0.99735,0.9999,0.0,0.017628772404862394,0.01762876969237212,0.4911856138283357,0.4911942298004904,0.49118561376680137,0.49117700050713736,0.5000000000313193,0.5000087691943483,7.708617127695875e-11,2.1598334925595645e-05,0.0,1.0,0.1134,-0.9823712203990655,0.0,0.4911856080807516,0.9998,-0.3532564093457955,0.00095,-5.727117272195034,0.0,100000,1.0,11.41549720615292,9.272592094647036,13.85859449233246,16.324437126082163,11.742431207507243,1.0,0.0,1.0,11.415497206153425,9.272592094647985,13.858594492332465,16.324437126082163,11.742431378259852,1.0,0.0,1.0,11.079933552407814,8.936834249322736,13.524214590336664,15.989181900396874,11.40705285426428,1.0,0.0,1.0,11.313945996564623,9.169641083071873,13.755721494624792,16.224542354070522,11.64111043374097,1.0,0.0,1.0,-10.246655436285609,-12.69237367853105,-8.099559774795694,-6.403707771256007,-10.569055282519358,0.0,1.0
20,16384,20000,0.9999998848628815,0.9929629913107321,9.214768548204688e-08,0.006017216688949863,9.329728339152918e-09,0.0010197920003179803,0.8536452032347023,0.818432916003128,0.0001729233760185726,0.015032186370718853,0.9854,0.99725,0.0,0.004407697493323081,0.0044076867043769145,0.4977961513774253,0.497830572078882,0.4977961511292495,0.4977617412167412,0.5000000001246372,0.5000345671329793,3.08344685107835e-10,8.639333970238258e-05,0.0,1.0,0.1134,-0.9955921873695583,0.0004,0.4977960592391269,0.99645,-0.35361149903232303,0.0005,-5.727117272195034,0.0,100000,1.0,11.41549720615292,9.272592094647036,13.85859449233246,16.324437126082163,11.742431207507243,1.0,0.0,1.0,11.415497206153425,9.272592094647985,13.858594492332465,16.324437126082163,11.742431378259852,1.0,0.0,1.0,11.079933552407814,8.936834249322736,13.524214590336664,15.989181900396874,11.40705285426428,1.0,0.0,1.0,11.313945996564623,9.169641083071873,13.755721494624792,16.224542354070522,11.64111043374097,1.0,0.0,1.0,-10.246655436285609,-12.69237367853105,-8.099559774795694,-6.403707771256007,-10.569055282519358,0.0,1.0
