n,shots,n_samples,median_F,le_median_p_fhat_zero,le_frac_p_fhat_zero_ge_0.9,le_median_mean_over_sd,swap_median_mean_over_sd,swap_frac_mean_over_sd_lt_0.1,swap_median_tv_to_null_exact,swap_q90_tv_to_null_exact,swap_median_tv_to_null_normal,tv_samples
2,64,20000,0.1321314199282858,0.00011509429730140254,0.08805,3.121519520914947,1.0664013458632964,0.20455,0.31348978251183235,0.9986949959606287,0.3118786999633334,400
2,1024,20000,0.1321314199282858,9.481169875715898e-64,0.0269,12.486078083659788,4.2656053834531855,0.11515,0.8923549339497202,1.0,0.8916408689278303,400
2,16384,20000,0.1321314199282858,0.0,0.0077,49.94431233463915,17.062421533812742,0.06445,0.9999999998756721,1.0000000000000013,0.9999999998652588,400
4,64,20000,0.00868086273655818,0.5723522383995575,0.33125,0.7486256077329423,0.06944951870972257,0.5436,0.026280890812671508,0.5816001115585715,0.026289219798819263,400
4,1024,20000,0.00868086273655818,0.00013262230098742462,0.15195,2.994502430931769,0.2777980748388903,0.39285,0.10486778135440716,0.9987699164521188,0.1048721135852626,400
4,16384,20000,0.00868086273655818,9.172254035436922e-63,0.0627,11.978009723727077,1.1111922993555612,0.27285,0.40200405202913836,0.9999999999999993,0.40199653378101996,400
6,64,20000,0.0005148058982603936,0.9675810730124813,0.61575,0.1815614157011371,0.004118447731829254,0.8133,0.0016754218923386746,0.12308878969333156,0.001681539588723524,400
6,1024,20000,0.0005148058982603936,0.5901981349265087,0.3622,0.7262456628045484,0.016473790927317017,0.68145,0.006725974921040073,0.46301021481302096,0.006726083642191627,400
6,16384,20000,0.0005148058982603936,0.0002167532447807537,0.1876,2.9049826512181935,0.06589516370926807,0.54085,0.02689958046228433,0.986470657446493,0.026899553768752638,400
8,64,20000,3.1072773529860204e-05,0.9980132877276545,0.82305,0.04459505868946714,0.0002485821883588869,0.9381,0.00013536179851762032,0.0149376565010688,0.000135888668698958,400
8,1024,20000,3.1072773529860204e-05,0.9686818836798321,0.60105,0.17838023475786857,0.0009943287534355475,0.86725,0.0005434334227215091,0.05980603663636059,0.0005435546350406328,400
8,16384,20000,3.1072773529860204e-05,0.6010337314999399,0.37485,0.7135209390314743,0.00397731501374219,0.76935,0.002174221098387253,0.23588773572792074,0.0021742159958185736,400
10,64,20000,1.813890224340355e-06,0.9998839176584322,0.9304,0.010774469123472573,1.4511121794746713e-05,0.98365,4.2346041088978475e-06,0.002768856660600702,4.251174371305844e-06,400
10,1024,20000,1.813890224340355e-06,0.9981442986724867,0.7856,0.04309787649389029,5.804448717898685e-05,0.95135,1.7000557783603353e-05,0.011114707866548137,1.7004697483669062e-05,400
10,16384,20000,1.813890224340355e-06,0.9707184569445251,0.5945,0.17239150597556116,0.0002321779487159474,0.90075,6.801779707753177e-05,0.04443365214591366,6.801878985740473e-05,400
12,64,20000,1.1837161042390374e-07,0.9999924242451808,0.9769,0.0027524139723689063,9.469728833912366e-07,0.99635,1.8216852190276695e-07,0.0004334750215298703,1.8288147507483643e-07,400
12,1024,20000,1.1837161042390374e-07,0.9998787948096994,0.90085,0.011009655889475625,3.7878915335649463e-06,0.98595,7.313473523218726e-07,0.0017402559877523808,7.315259001883234e-07,400
12,16384,20000,1.1837161042390374e-07,0.9980624788434311,0.76415,0.0440386235579025,1.5151566134259785e-05,0.9631,2.9260590432760756e-06,0.006962284870990333,2.9261036006422714e-06,400
14,64,20000,7.780293269137326e-09,0.9999995020613528,0.99315,0.0007056477683408321,6.224234615309863e-08,0.9991,2.8585340346700323e-08,3.290836416511492e-05,2.869721582587914e-08,400
14,1024,20000,7.780293269137326e-09,0.999992033011398,0.9582,0.0028225910733633286,2.489693846123945e-07,0.99625,1.1476084566264528e-07,0.00013211637325816902,1.1478886330351656e-07,400
14,16384,20000,7.780293269137326e-09,0.9998725357988343,0.87155,0.011290364293453314,9.95877538449578e-07,0.98855,4.5914844582724065e-07,0.0005285863170965756,4.5915545321406626e-07,400
16,64,20000,4.926721168498505e-10,0.9999999684689851,0.9975,0.00017756974576696124,3.941376934798804e-09,0.9997,1.1548512100258252e-09,2.0795515791715608e-06,1.1593708215684728e-09,400
16,1024,20000,4.926721168498505e-10,0.9999994955038795,0.98465,0.000710278983067845,1.5765507739195216e-08,0.9989,4.636351211934936e-09,8.348723018893588e-06,4.637483064229286e-09,400
16,16384,20000,4.926721168498505e-10,0.9999919280926135,0.94405,0.00284111593227138,6.306203095678086e-08,0.99595,1.854964905228744e-08,3.3402536368026006e-05,1.854993203487254e-08,400
18,64,20000,3.080335279891234e-11,0.9999999980285854,0.9998,4.4400614599280934e-05,2.464268223912987e-10,1.0,2.9635525578922213e-10,7.99948009426417e-07,2.975146795591854e-10,400
18,1024,20000,3.080335279891234e-11,0.9999999684573673,0.9963,0.00017760245839712374,9.857072895651948e-10,0.99985,1.189768480594867e-09,3.2115309970634938e-06,1.1900586072144392e-09,400
18,16384,20000,3.080335279891234e-11,0.9999994953179951,0.9766,0.000710409833588495,3.942829158260779e-09,0.9995,4.76016719865389e-09,1.2849064577598536e-05,4.7602343178354545e-09,400
20,64,20000,1.8813150705960055e-12,0.9999999998795959,0.99995,1.0972880682780692e-05,1.5050520564768044e-11,1.0,5.838263134109757e-12,4.5540782972979395e-08,5.860867346996201e-12,400
20,1024,20000,1.8813150705960055e-12,0.9999999980735335,0.9988,4.389152273112277e-05,6.020208225907218e-11,1.0,2.3437383525185327e-11,1.828314273579159e-07,2.344369143258973e-11,400
20,16384,20000,1.8813150705960055e-12,0.9999999691765343,0.9912,0.00017556609092449107,2.408083290362887e-10,0.9999,9.372321917354044e-11,7.314931048505054e-07,9.377509879726631e-11,400
