n,scheme,n_samples,empirical_mean_logA,theory_mean_logA,log10_abs_g_median,snr1_log10M_finite_frac,snr1_log10M_median,snr1_log10M_q25,snr1_log10M_q75,snr1_log10M_q90,snr1_log10M_geomean,snr1_frac_closed_form,snr1_frac_exact,snr1_frac_normal_cc,snr1_frac_skellam,snr1_unsolved,snr2_log10M_finite_frac,snr2_log10M_median,snr2_log10M_q25,snr2_log10M_q75,snr2_log10M_q90,snr2_log10M_geomean,snr2_frac_closed_form,snr2_frac_exact,snr2_frac_normal_cc,snr2_frac_skellam,snr2_unsolved,dir0.75_log10M_finite_frac,dir0.75_log10M_median,dir0.75_log10M_q25,dir0.75_log10M_q75,dir0.75_log10M_q90,dir0.75_log10M_geomean,dir0.75_frac_closed_form,dir0.75_frac_exact,dir0.75_frac_normal_cc,dir0.75_frac_skellam,dir0.75_unsolved,dir0.9_log10M_finite_frac,dir0.9_log10M_median,dir0.9_log10M_q25,dir0.9_log10M_q75,dir0.9_log10M_q90,dir0.9_log10M_geomean,dir0.9_frac_closed_form,dir0.9_frac_exact,dir0.9_frac_normal_cc,dir0.9_frac_skellam,dir0.9_unsolved,nz0.9_log10M_finite_frac,nz0.9_log10M_median,nz0.9_log10M_q25,nz0.9_log10M_q75,nz0.9_log10M_q90,nz0.9_log10M_geomean,nz0.9_frac_closed_form,nz0.9_frac_exact,nz0.9_frac_normal_cc,nz0.9_frac_skellam,nz0.9_unsolved
2,loschmidt,100000,-1.3854869331873485,-1.3862943611198906,-0.9420023302834669,1.0,0.7781512503836436,0.3010299956639812,1.6232492903979006,2.6424645202421213,1.0857651965592257,1.0,0.0,0.0,0.0,0,1.0,1.3424226808222062,0.6989700043360189,2.2174839442139063,3.2443018598786684,1.584518570412572,1.0,0.0,0.0,0.0,0,1.0,0.8450980400142568,0.3010299956639812,1.5797835966168101,2.525044807036845,1.1608899465445812,0.0,0.99538,0.0,0.00462,0,1.0,1.1139433523068367,0.6020599913279624,1.9294189257142926,2.9237619608287004,1.4257737280674734,0.0,0.99158,0.0,0.00842,0,1.0,1.0,0.6020599913279624,1.5440680443502757,2.290034611362518,1.1845177556605604,0.0,1.0,0.0,0.0,0
2,swap,100000,-1.3854869331873485,-1.3862943611198906,-0.9420023302834669,1.0,1.5440680443502757,0.7781512503836436,2.7965743332104296,4.414565580527223,2.0650820611737655,1.0,0.0,0.0,0.0,0,1.0,2.143014800254095,1.3424226808222062,3.398287305357401,5.016620974246289,2.6447553912322386,1.0,0.0,0.0,0.0,0,1.0,1.380211241711606,0.7781512503836436,2.505149978319906,4.0810119761907915,1.9303128318971035,0.0,0.89526,0.10474,0.0,0,1.0,1.8195439355418688,1.1139433523068367,3.0269416279590295,4.632365586372561,2.348394029749641,0.0,0.85672,0.14328,0.0,0,1.0,1.3010299956639813,0.9542425094393249,1.4913616938342726,1.505149978319906,1.2070654032039454,0.0,1.0,0.0,0.0,0
4,loschmidt,100000,-4.1456622146091275,-4.1588830833596715,-2.104537411271062,1.0,2.0755469613925306,1.2041199826559248,3.2245330626060857,4.519515606717766,2.3696274653091898,1.0,0.0,0.0,0.0,0,1.0,2.6748611407378116,1.7853298350107671,3.8264149739139137,5.121572315503233,2.9565438408848506,1.0,0.0,0.0,0.0,0,1.0,2.0718820073061255,1.255272505103306,3.177320002174183,4.435356943638993,2.380813615927407,0.0,0.99583,0.0,0.00417,0,1.0,2.392696953259666,1.5314789170422551,3.530967681571915,4.812617935644312,2.695331554416026,0.0,0.99217,0.0,0.00783,0,1.0,2.1335389083702174,1.4313637641589874,3.132579847659737,4.288074756907734,2.4245169378478066,0.0,1.0,0.0,0.0,0
4,swap,100000,-4.1456622146091275,-4.1588830833596715,-2.104537411271062,1.0,3.906981149896186,2.406540180433955,5.952935851951728,8.302077948348726,4.495844907027508,1.0,0.0,0.0,0.0,0,1.0,4.509027688494166,3.00774777800074,6.554995510524025,8.904137939080995,5.095427575925296,1.0,0.0,0.0,0.0,0,1.0,3.5796692935547205,2.1398790864012365,5.612307902797342,7.96012398820406,4.211799403601116,0.0,0.56165,0.43835,0.0,0,1.0,4.126564863915197,2.6444385894678386,6.168802157916113,8.5175765286125,4.730162090726629,0.0,0.48096,0.51904,0.0,0,1.0,1.505149978319906,1.462397997898956,1.505149978319906,1.505149978319906,1.4402359635058688,0.0,1.0,0.0,0.0,0
6,loschmidt,100000,-6.9344476283849215,-6.931471805599453,-3.3088993790187535,1.0,3.3027637084729817,2.187520720836463,4.699323809385784,6.209627108293787,3.6088659149271076,1.0,0.0,0.0,0.0,0,1.0,3.904715545278681,2.788168371141168,5.301381088631031,6.811687025920699,4.207885811541766,1.0,0.0,0.0,0.0,0,1.0,3.29236683251213,2.214843848047698,4.660775385665693,6.14949690176108,3.6057651090802136,0.0,0.99549,0.0,0.00451,0,1.0,3.616580530085886,2.515873843711679,5.005698395685883,6.509007986987551,3.9278097952495656,0.0,0.99146,0.0,0.00854,0,1.0,3.3356584522893016,2.3364597338485296,4.626938009225719,6.042553042822484,3.6435097981953755,0.0,1.0,0.0,0.0,0
6,swap,100000,-6.9344476283849215,-6.931471805599453,-3.3088993790187535,1.0,6.316768336060187,4.264487253853463,8.92835709774327,11.78458782985444,6.928073596585088,1.0,0.0,0.0,0.0,0,1.0,6.918828248855348,4.866542815443269,9.530417088751104,12.386647821182045,7.529803908757279,1.0,0.0,0.0,0.0,0,1.0,5.975654910609393,3.932245393404816,8.586354165193747,11.442540268589395,6.602019948319991,0.0,0.25845,0.74155,0.0,0,1.0,6.5324999676039415,4.48269615772862,9.143842110534028,12.000060480062906,7.148491510888303,0.0,0.19372,0.80628,0.0,0,1.0,1.505149978319906,1.505149978319906,1.505149978319906,1.505149978319906,1.492723003435086,0.0,1.0,0.0,0.0,0
8,loschmidt,100000,-9.693371700242478,-9.704060527839234,-4.49630452930338,1.0,4.490372894747184,3.1752218003430523,6.101918057100488,7.780200924554896,4.806627159990818,1.0,0.0,0.0,0.0,0,1.0,5.092427621240175,3.7771367125041726,6.703977919624011,8.382260910839637,5.407995625038806,1.0,0.0,0.0,0.0,0,1.0,4.481829451263999,3.196728722623287,6.056659062546704,7.731572292072281,4.80143076179464,0.0,0.99592,0.0,0.00408,0,1.0,4.805524644077853,3.501196242027089,6.406929636032819,8.083287060589207,5.124135824305818,0.0,0.99197,0.0,0.00803,0,1.0,4.5256795794252165,3.299942900022767,6.040992346765499,7.656600669769747,4.841147548202901,0.0,1.0,0.0,0.0,0
8,swap,100000,-9.693371700242478,-9.704060527839234,-4.49630452930338,1.0,8.691579062216912,6.206323651625787,11.742974002337895,15.004301576078147,9.319108128022766,1.0,0.0,0.0,0.0,0,1.0,9.29363905288225,6.80838364295375,12.345033993665758,15.60636156740611,9.92112386365495,1.0,0.0,0.0,0.0,0,1.0,8.349590655561716,5.865336991673232,11.400926525975624,14.662252327265858,8.981327973794809,0.0,0.09196,0.90804,0.0,0,1.0,8.907068098912038,6.422090546356953,11.958446676064673,15.219773758836679,9.535850473675572,0.0,0.0604,0.9396,0.0,0,1.0,1.505149978319906,1.505149978319906,1.505149978319906,1.505149978319906,1.5030498267451733,0.0,1.0,0.0,0.0,0
10,loschmidt,100000,-12.48615998098087,-12.476649250079015,-5.704837421917569,1.0,5.696998172354978,4.200385313875293,7.5000834891734085,9.379879327997095,6.024494642125082,1.0,0.0,0.0,0.0,0,1.0,6.299057836458225,4.802438460692051,8.10214347191926,9.981939319202818,6.626386174137218,1.0,0.0,0.0,0.0,0,1.0,5.690031188863985,4.220369623005001,7.467721745263617,9.330672671828918,6.017648401667719,0.0,0.99601,0.0,0.00399,0,1.0,6.013578055261822,4.523047001464934,7.807267186446436,9.684952589735522,6.341319578309173,0.0,0.99218,0.0,0.00782,0,1.0,5.732632556098271,4.313819782605583,7.459577424805301,9.253279845964745,6.056163205451356,0.0,1.0,0.0,0.0,0
10,swap,100000,-12.48615998098087,-12.476649250079015,-5.704837421917569,1.0,11.108644848167692,8.240021992027069,14.580799007725743,18.204176222202268,11.748619324278843,1.0,0.0,0.0,0.0,0,1.0,11.710704839493541,8.842081981793218,15.182858999053705,18.80623621353023,12.350672635261175,1.0,0.0,0.0,0.0,0,1.0,10.766599324112331,7.898075089735958,14.238749785607137,17.86212693197592,11.40768866766274,0.0,0.02697,0.97303,0.0,0,1.0,11.324118062684198,8.455522527038426,14.796271197878406,18.419648393489137,11.9644145421218,0.0,0.01521,0.98479,0.0,0,1.0,1.505149978319906,1.505149978319906,1.505149978319906,1.505149978319906,1.504831960058909,0.0,1.0,0.0,0.0,0
12,loschmidt,100000,-15.210892868733579,-15.249237972318797,-6.908911148277282,1.0,6.9030470161823985,5.239012775050334,8.848908863540428,10.819644559858002,7.206782876165635,1.0,0.0,0.0,0.0,0,1.0,7.505106993937314,5.841071200894153,9.45096885463777,11.421704551185636,7.808805310708569,1.0,0.0,0.0,0.0,0,1.0,6.898519336420659,5.253418571102548,8.819851681231054,10.769431830211463,7.200462314665196,0.0,0.9957,0.0,0.0043,0,1.0,7.221393004190393,5.562833013582898,9.160062677493315,11.121395663616644,7.5237071619106946,0.0,0.99193,0.0,0.00807,0,1.0,6.943301903730946,5.338667115121263,8.802962117532031,10.710964257128339,7.238158365825685,0.0,1.0,0.0,0.0,0
12,swap,100000,-15.210892868733579,-15.249237972318797,-6.908911148277282,1.0,13.516792300885356,10.300491248800897,17.28054805552531,21.11085077576969,14.11392687084069,1.0,0.0,0.0,0.0,0,1.0,14.118852292213315,10.902551240123426,17.88260804685327,21.712910767097654,14.715986146682525,1.0,0.0,0.0,0.0,0,1.0,13.174743245070818,9.958451509534294,16.93849876732255,20.768801484513688,13.772161301839976,0.0,0.00663,0.99337,0.0,0,1.0,13.73226453710413,10.51596606572333,17.49602022737271,21.32632294677135,14.329479599174098,0.0,0.00327,0.99673,0.0,0,1.0,1.505149978319906,1.505149978319906,1.505149978319906,1.505149978319906,1.5051111430364452,0.0,1.0,0.0,0.0,0
14,loschmidt,100000,-18.04417897579389,-18.021826694558577,-8.118977104659939,1.0,8.113323408113406,6.3154578060730096,10.20880268523192,12.361460758980936,8.435930545838449,1.0,0.0,0.0,0.0,0,1.0,8.715383399441368,6.917517758017172,10.810862676543099,12.963520750308842,9.037979628163354,1.0,0.0,0.0,0.0,0,1.0,8.109449741494906,6.330132354581697,10.183903207807795,12.31094259949545,8.42926521020828,0.0,0.9957,0.0,0.0043,0,1.0,8.432386247883084,6.637305889652813,10.516658567686907,12.664186918723267,8.752748757121928,0.0,0.99192,0.0,0.00808,0,1.0,8.149167707210436,6.416452896406192,10.18812124805092,12.261498750249675,8.469206532880103,0.0,1.0,0.0,0.0,0
14,swap,100000,-18.04417897579389,-18.021826694558577,-8.118977104659939,1.0,15.936924213655894,12.450488187640609,20.033480483056024,24.203429053290996,16.573475061780616,1.0,0.0,0.0,0.0,0,1.0,16.538984204983855,13.052548178968522,20.635540474383987,24.80548904461896,17.17553493831098,1.0,0.0,0.0,0.0,0,1.0,15.59487493687963,12.108439700065352,19.69143119189234,23.86137976199848,16.231499862067462,0.0,0.00135,0.99865,0.0,0,1.0,16.15239638866843,12.66596058126138,20.248952654083254,24.41890122428254,16.788968211289664,0.0,0.00051,0.99949,0.0,0,1.0,1.505149978319906,1.505149978319906,1.505149978319906,1.505149978319906,1.5051413901074047,0.0,1.0,0.0,0.0,0
16,loschmidt,100000,-20.80017035666716,-20.79441541679836,-9.321857458352747,1.0,9.321520110193955,7.364925288676643,11.574326416319593,13.82588809189806,9.638443945733833,1.0,0.0,0.0,0.0,0,1.0,9.923580101496025,7.966985277661564,12.17638640764712,14.427948083226019,10.240501581842901,1.0,0.0,0.0,0.0,0,1.0,9.317321890786516,7.378537176419722,11.53990465724181,13.778785558924392,9.63100049495907,0.0,0.99584,0.0,0.00416,0,1.0,9.638762609563916,7.687431320713513,11.881829568781932,14.127849778993241,9.955008986877067,0.0,0.99202,0.0,0.00798,0,1.0,9.352239356165425,7.454350336192761,11.535465104061682,13.733716009853518,9.667637478756898,0.0,1.0,0.0,0.0,0
16,swap,100000,-20.80017035666716,-20.79441541679836,-9.321857458352747,1.0,18.34268492104151,14.526574220242438,22.728218840439922,27.13805796613038,18.97288005382792,1.0,0.0,0.0,0.0,0,1.0,18.944744912369472,15.128634211570398,23.330278831767885,27.74011795745834,19.57494003329265,1.0,0.0,0.0,0.0,0,1.0,18.000635630657854,14.184525002579981,22.38616954915218,26.796008674836827,18.63084910658248,0.0,0.00023,0.99977,0.0,0,1.0,18.55815709228481,14.74204641162945,22.943691011432783,27.353530137121634,19.18835736310927,0.0,8e-05,0.99992,0.0,0,1.0,1.505149978319906,1.505149978319906,1.505149978319906,1.505149978319906,1.5051489853974525,0.0,1.0,0.0,0.0,0
18,loschmidt,100000,-23.608213254115693,-23.56700413903814,-10.54505807456836,1.0,10.539917831217934,8.445559457602531,12.926962027331298,15.316507536588515,10.854391663700692,1.0,0.0,0.0,0.0,0,1.0,11.141977822545897,9.04761944863856,13.529022018659237,15.918567527916478,11.456450995233473,1.0,0.0,0.0,0.0,0,1.0,10.532105387966926,8.459341830302762,12.897148834171903,15.282891583489365,10.847602649025172,0.0,0.9957,0.0,0.0043,0,1.0,10.856070881486623,8.769362686855544,13.234810095502473,15.628327573664155,11.171162124008797,0.0,0.99164,0.0,0.00836,0,1.0,10.576078336159016,8.537815482562408,12.894266510193686,15.247021601187024,10.885836419069422,0.0,1.0,0.0,0.0,0
18,swap,100000,-23.608213254115693,-23.56700413903814,-10.54505807456836,1.0,20.78908615347273,16.697678226774343,25.444133568953124,30.166306561349835,21.408339962327602,1.0,0.0,0.0,0.0,0,1.0,21.391146144800693,17.299738218102306,26.046193560281086,30.768366552677797,22.01039995255896,1.0,0.0,0.0,0.0,0,1.0,20.447036862233574,16.35562894152733,25.10208427765979,29.824257270056254,21.0662950615674,0.0,4e-05,0.99996,0.0,0,1.0,21.004558324479056,16.913150399440482,25.65960573994444,30.381778732341083,21.623813352581006,0.0,1e-05,0.99999,0.0,0,1.0,1.505149978319906,1.505149978319906,1.505149978319906,1.505149978319906,1.5051499783199058,0.0,1.0,0.0,0.0,0
20,loschmidt,100000,-26.344799127907894,-26.33959286127792,-11.72155955213832,1.0,11.724711263500204,9.516130905081226,14.214642430805142,16.737591147354898,12.043562993642007,1.0,0.0,0.0,0.0,0,1.0,12.326771254827964,10.118190896367835,14.816702422133105,17.33965113868286,12.645622814078504,1.0,0.0,0.0,0.0,0,1.0,11.712780585122971,9.52563370889896,14.197985377716412,16.686183305800686,12.036893074148423,0.0,0.99556,0.0,0.00444,0,1.0,12.039228039207622,9.83999062757795,14.529171665283966,17.03930983632388,12.360356220853356,0.0,0.99201,0.0,0.00799,0,1.0,11.751805414605515,9.6047097531156,14.197523656850956,16.657708105711535,12.074205260839264,0.0,1.0,0.0,0.0,0
20,swap,100000,-26.344799127907894,-26.33959286127792,-11.72155955213832,1.0,23.14208910861266,18.833436034340444,28.05528510816294,32.961108352502514,23.78599420114925,1.0,0.0,0.0,0.0,0,1.0,23.74414909994062,19.435496025668407,28.657345099490904,33.563168343830476,24.38805419233836,1.0,0.0,0.0,0.0,0,1.0,22.8000398173227,18.491386743564025,27.713235816869375,32.619059061208944,23.443945928412703,0.0,0.0,1.0,0.0,0,1.0,23.35756127960491,19.048908205474945,28.2707572791542,33.17658052349377,24.001466654594328,0.0,0.0,1.0,0.0,0,1.0,1.505149978319906,1.505149978319906,1.505149978319906,1.505149978319906,1.5051499783199058,0.0,1.0,0.0,0.0,0
