n,shots,scheme,n_theta,replicates,p_vector_zero,p_dot_gt_0,p_dot_le_0,p_dot_lt_0,median_cos,mean_cos,cos_q10,cos_q25,cos_q75,cos_q90,median_cos_given_nonzero,p_dot_gt_0_given_nonzero,median_log10_norm_ratio,mean_frac_components_zero,mean_frac_component_signs_correct
4,16,loschmidt,400,25,0.2374,0.6802,0.3198,0.0824,0.8781713924875145,0.5317080726397757,0.0,0.0,0.9682753229970852,0.9881299664885815,0.9395960423679223,0.8919485969053239,0.09038696406961641,0.532325,0.418525
4,16,swap,400,25,0.0003,0.6771,0.3229,0.3226,0.3453745320491267,0.25182480294571424,-0.5437144124927995,-0.15328768019668437,0.7147177718159261,0.884884795917626,0.345531929369115,0.6773031909572872,0.7858081105778162,0.12715,0.52195
4,64,loschmidt,400,25,0.1315,0.7897,0.2103,0.0788,0.9702572832762493,0.6709093728635418,0.0,0.6429432503123101,0.9906194660652647,0.9966356806422071,0.977968667518222,0.9092688543465746,0.03441408071322845,0.3738,0.57605
4,64,swap,400,25,0.0,0.744,0.256,0.256,0.5115465414881395,0.37563813966356036,-0.45656354442722574,-0.011040866212449953,0.8546812663572637,0.9526826030740358,0.5115465414881395,0.744,0.504161530330731,0.05825,0.605
4,256,loschmidt,400,25,0.0729,0.8642,0.1358,0.0629,0.9914854607967066,0.7741213282746552,0.0,0.9354470732637085,0.9974161833835932,0.9990024509435601,0.9928883505780688,0.932154028691619,0.012321482135701264,0.255025,0.70105
4,256,swap,400,25,0.0,0.7945,0.2055,0.2055,0.7065508453229021,0.49250707843089914,-0.38268117547559394,0.13710603118343792,0.948529594396875,0.9870506053773023,0.7065508453229021,0.7945,0.2570609237739214,0.026525,0.66945
4,1024,loschmidt,400,25,0.0387,0.907,0.093,0.0543,0.9977524224015879,0.8399805748331868,0.35850849464992973,0.9822008341905644,0.9993200366315405,0.9997371400621434,0.99798343619286,0.9435139914698846,0.004324548708910975,0.16825,0.795625
4,1024,swap,400,25,0.0,0.8365,0.1635,0.1635,0.8677673560467773,0.5966874539656779,-0.2637033531184425,0.3199762366673895,0.9862434038453239,0.9964498422022167,0.8677673560467773,0.8365,0.1106685807716756,0.010325,0.724975
4,4096,loschmidt,400,25,0.0171,0.941,0.059,0.0419,0.9994165033061531,0.8886651954825644,0.9095412309244856,0.9949281887636101,0.9998295530158313,0.9999341658742926,0.9994428690296794,0.9573710448672297,0.0014469084059387646,0.109325,0.861475
4,4096,swap,400,25,0.0,0.8767,0.1233,0.1233,0.9548807736435785,0.6820359789656609,-0.11664494953293893,0.5195412748857151,0.9964303787186783,0.9991387569359721,0.9548807736435785,0.8767,0.036770260236673374,0.004275,0.770625
6,16,loschmidt,400,25,0.5522,0.3763,0.6237,0.0715,0.0,0.22813149663155247,0.0,0.0,0.7441545570908469,0.9337293254577658,0.8038409935144952,0.8403305046895936,0.3466383707197459,0.8312166666666668,0.14591666666666667
6,16,swap,400,25,0.0,0.5654,0.4346,0.4346,0.07857750468520754,0.06240652081868094,-0.5179046652136471,-0.25200622102956005,0.3863006815540447,0.6140613119813457,0.07857750468520754,0.5654,2.088683028428229,0.13903333333333334,0.4533
6,64,loschmidt,400,25,0.3647,0.5345,0.4655,0.1008,0.32139110376140634,0.35949590440016754,-0.023940864812013574,0.0,0.9252949931368695,0.9798327263306633,0.8808299228280051,0.8413348024555328,0.2110336042220684,0.7055333333333333,0.2601333333333333
6,64,swap,400,25,0.0,0.5795,0.4205,0.4205,0.10512337304823505,0.09705436517604725,-0.4975566539045942,-0.23437693539944837,0.43706221429858416,0.6854998176318251,0.10512337304823505,0.5795,1.7850113524663374,0.06968333333333332,0.4965
6,256,loschmidt,400,25,0.2246,0.6739,0.3261,0.1015,0.8511705122038796,0.5048290966836143,-0.030534736149639877,0.0,0.9766151847371128,0.9940320316518673,0.9390661217096524,0.8690998194480268,0.10065219694309088,0.5637166666666666,0.39491666666666664
6,256,swap,400,25,0.0,0.6132,0.3868,0.3868,0.1551628138250971,0.1527430876019623,-0.4795371219924443,-0.19710694226700567,0.5140602718640856,0.7969620785546028,0.1551628138250971,0.6132,1.481142839797269,0.03241666666666666,0.5384166666666667
6,1024,loschmidt,400,25,0.1402,0.7649,0.2351,0.0949,0.957375323268217,0.622080834543909,0.0,0.2154869521229068,0.9930833954314674,0.9980320222695493,0.9753394469206152,0.8896254943010002,0.03912853470636366,0.4223166666666667,0.5338166666666666
6,1024,swap,400,25,0.0,0.6563,0.3437,0.3437,0.2403239526582931,0.22302177570361592,-0.4430385021002237,-0.14705699763241384,0.6143586544064907,0.8995063063379259,0.2403239526582931,0.6563,1.1857316120454793,0.014533333333333332,0.56875
6,4096,loschmidt,400,25,0.0828,0.8312,0.1688,0.086,0.9879309351954272,0.7189410725954133,0.0,0.8481749195525631,0.998013431555466,0.9994545008625257,0.9913419337522048,0.9062363715656345,0.013222194479402382,0.30445,0.6529833333333334
6,4096,swap,400,25,0.0,0.7027,0.2973,0.2973,0.34374656604148013,0.3058361748092286,-0.4014097350715671,-0.08795153658855771,0.7558303437503718,0.968697372810323,0.34374656604148013,0.7027,0.8832452398269698,0.007083333333333333,0.6029666666666667
8,16,loschmidt,400,25,0.7615,0.2032,0.7968,0.0353,0.0,0.10878082746473006,0.0,0.0,0.0,0.7472439786783499,0.6623827518803284,0.8519916142557652,0.48686510897310675,0.9347125,0.056425
8,16,swap,400,25,0.0,0.5195,0.4805,0.4805,0.016789005906368983,0.018914141803964942,-0.4597065618525366,-0.24792867640572913,0.2833890134141586,0.4986964435128575,0.016789005906368983,0.5195,3.0095213521949016,0.14115,0.433925
8,64,loschmidt,400,25,0.5938,0.3353,0.6647,0.0709,0.0,0.19236905279849115,0.0,0.0,0.5732032935335922,0.9154494834161788,0.7368046381876702,0.8254554406696208,0.3644488455946195,0.859875,0.120975
8,64,swap,400,25,0.0,0.5429,0.4571,0.4571,0.04339996080810672,0.03883348215972201,-0.4491892879268731,-0.2271381152652608,0.30552745795177316,0.524181047565118,0.04339996080810672,0.5429,2.694882165668574,0.0698625,0.477375
8,256,loschmidt,400,25,0.4366,0.4703,0.5297,0.0931,0.0,0.2988827907829159,0.0,0.0,0.8608570030626299,0.9707888363673971,0.8190910432614971,0.8347532836350727,0.21386354294133236,0.7556875,0.2157875
8,256,swap,400,25,0.0,0.5556,0.4444,0.4444,0.05301072357574516,0.0642391280478071,-0.4334546536199257,-0.2128040668346602,0.3434263756225593,0.5653764731605618,0.05301072357574516,0.5556,2.4163560229840777,0.0359625,0.500775
8,1024,loschmidt,400,25,0.3082,0.5973,0.4027,0.0945,0.6708969182952574,0.43295976991099433,0.0,0.0,0.9554990449005382,0.9919285963973427,0.9024116136450813,0.8633998265394622,0.11414496017241461,0.633175,0.333225
8,1024,swap,400,25,0.0,0.5767,0.4233,0.4233,0.07912257515534815,0.09316154123033105,-0.4180180497544593,-0.19534164329093429,0.3732240142222316,0.6279578938366543,0.07912257515534815,0.5767,2.1144683298776057,0.016925,0.5217125
8,4096,loschmidt,400,25,0.2093,0.7018,0.2982,0.0889,0.9015516494560735,0.5539449209078965,0.0,0.0,0.9872655282598599,0.9974605474977057,0.9576936784711223,0.887567977741242,0.05315051320656655,0.50735,0.455875
8,4096,swap,400,25,0.0,0.6113,0.3887,0.3887,0.11874141876787211,0.1388870348708822,-0.41551028201357093,-0.16661616615614017,0.43585838225803564,0.7362941541590311,0.11874141876787211,0.6113,1.8083818828331788,0.008125,0.5427125
10,16,loschmidt,400,25,0.8916,0.0871,0.9129,0.0213,0.0,0.03673683597308276,0.0,0.0,0.0,0.0,0.5438411058022312,0.8035055350553506,0.6832898418969611,0.9785,0.017830000000000002
10,16,swap,400,25,0.0,0.5029,0.4971,0.4971,0.0018921417729045125,0.0016459224822991522,-0.41951402154060435,-0.22968923756225318,0.2315058967664811,0.41694387609466305,0.0018921417729045125,0.5029,4.257448910752912,0.1392,0.42822000000000005
10,64,loschmidt,400,25,0.8016,0.1586,0.8414,0.0398,0.0,0.07962421567889541,0.0,0.0,0.0,0.6608622679192276,0.6652829398980102,0.7993951612903226,0.48674979734409235,0.94801,0.04383
10,64,swap,400,25,0.0,0.515,0.485,0.485,0.012805707696391267,0.011290651510487151,-0.41152479551195414,-0.22146211964171736,0.2434118893706818,0.4310624242439861,0.012805707696391267,0.515,3.954955902390732,0.07078999999999999,0.46817999999999993
10,256,loschmidt,400,25,0.6889,0.2505,0.7495,0.0606,0.0,0.14099426182253075,0.0,0.0,0.01336747498457816,0.8989523545741513,0.761383869923418,0.8052073288331726,0.37422428526082696,0.9007900000000001,0.08556
10,256,swap,400,25,0.0,0.5197,0.4803,0.4803,0.016279256752390534,0.014531528444492722,-0.40820576892791544,-0.2144873746480019,0.24461500939106018,0.43313417366724777,0.016279256752390534,0.5197,3.6587300371403693,0.03556,0.4877200000000001
10,1024,loschmidt,400,25,0.5533,0.363,0.637,0.0837,0.0,0.2194020047976981,0.0,0.0,0.7406644357600695,0.9683845889753981,0.8224473870789073,0.8126259234385493,0.29935200094144254,0.8316,0.14848000000000003
10,1024,swap,400,25,0.0,0.5276,0.4724,0.4724,0.02606378223330135,0.028222491657203762,-0.4074501694350676,-0.21528368537453318,0.2631860019402316,0.4691682878653684,0.02606378223330135,0.5276,3.35707738379789,0.017340000000000005,0.50067
10,4096,loschmidt,400,25,0.4153,0.4799,0.5201,0.1048,0.0,0.3147177916673317,-0.08811421582475072,0.0,0.9199587890890558,0.9900836957748202,0.8709800384567971,0.8207627843338464,0.21462240083927706,0.74215,0.23037000000000002
10,4096,swap,400,25,0.0,0.5512,0.4488,0.4488,0.04609533437683973,0.05322502765172994,-0.39589567429456,-0.19349019342160523,0.2895921930331143,0.5123246380243223,0.04609533437683973,0.5512,3.0631078388744712,0.00897,0.51065
12,16,loschmidt,400,25,0.9517,0.0407,0.9593,0.0076,0.0,0.01530440579970404,0.0,0.0,0.0,0.0,0.3884675196297125,0.8426501035196687,0.9198573137614481,0.993225,0.005658333333333333
12,16,swap,400,25,0.0,0.499,0.501,0.501,-0.0005411329408634543,0.0037913973624136305,-0.3717158531503874,-0.20246288297939521,0.2114561571886276,0.38817590691375536,-0.0005411329408634543,0.499,5.442489909406001,0.13801666666666665,0.4320583333333333
12,64,loschmidt,400,25,0.8989,0.0834,0.9166,0.0177,0.0,0.03589659824776035,0.0,0.0,0.0,0.0,0.5080861741385473,0.8249258160237388,0.6161508968073278,0.980025,0.016841666666666665
12,64,swap,400,25,0.0,0.5081,0.4919,0.4919,0.006170676885665438,0.005911456923118817,-0.3660503770117565,-0.1994712311221925,0.21203883155765849,0.37882929352247435,0.006170676885665438,0.5081,5.156538615883713,0.07121666666666666,0.467675
12,256,loschmidt,400,25,0.8249,0.1445,0.8555,0.0306,0.0,0.07235903164262722,0.0,0.0,0.0,0.50559834804926,0.6172784588017967,0.8252427184466019,0.43375576936948157,0.9544333333333334,0.03936666666666667
12,256,swap,400,25,0.0,0.504,0.496,0.496,0.0025575106528659764,0.0019285608852603801,-0.3750642474585998,-0.19957297828418327,0.2006146926801752,0.38332661084548847,0.0025575106528659764,0.504,4.840715409970008,0.03605,0.4835916666666666
12,1024,loschmidt,400,25,0.7353,0.2176,0.7824,0.0471,0.0,0.1250878875906164,0.0,0.0,0.0,0.840849586038922,0.7421174325197685,0.8220627125047223,0.32833716432384297,0.9110666666666668,0.07819166666666667
12,1024,swap,400,25,0.0,0.5095,0.4905,0.4905,0.009365990642192297,0.0081142683846097,-0.37914798281521156,-0.200650829937677,0.21721741527915683,0.39364140061373193,0.009365990642192297,0.5095,4.548797127175069,0.018091666666666662,0.4931416666666666
12,4096,loschmidt,400,25,0.63,0.3018,0.6982,0.0682,0.0,0.18683728840355954,0.0,0.0,0.5581438336673319,0.9469057685808847,0.8263750601814038,0.8156756756756757,0.2814293233623782,0.85425,0.13039166666666666
12,4096,swap,400,25,0.0,0.51,0.49,0.49,0.00846140932022679,0.01488666004312618,-0.3742718069248251,-0.1953779143326791,0.22042194593142939,0.4075959158873192,0.00846140932022679,0.51,4.24325794894955,0.008841666666666666,0.498375
