n,total_executions,estimator,M_internal,method,theta_count,median_P_zero,median_P_correct,median_P_wrong,median_P_correct_given_nonzero,mean_P_correct,median_SNR,median_log10_MSE
6,32,loschmidt,16,exact,2000,0.9666774468972206,0.026160401863802626,0.0023918514442981867,0.8650603221286615,0.16590842745865364,0.0909478414968467,-4.4793423634582155
6,32,swap_ancilla,16,exact,2000,0.13994968298001875,0.4311722361945794,0.4288783565543147,0.5013335725012009,0.45325135250748505,0.0028975008489379277,-1.5051506665563388
6,32,swap_destructive,16,exact,2000,0.13994968298001875,0.4311722361945794,0.4288783565543147,0.5013335725012009,0.45325135250748505,0.0028975008489379277,-1.5051506665563388
6,32,hadamard_u,8,exact,300,0.15738464519965809,0.4221350506428361,0.42071363445170296,0.500960161999884,0.44284096197405254,0.0022399428829468597,-1.4449483106944285
6,128,loschmidt,64,exact,2000,0.8750947097333397,0.09861194899318165,0.00440729742790992,0.8881821218359751,0.28738696347275033,0.1818956829936934,-5.081402354786178
6,128,swap_ancilla,64,exact,2000,0.07038525553475755,0.46711487719860745,0.4625001827013791,0.5024820459006565,0.5054802684825301,0.005795001697875855,-2.107210657884301
6,128,swap_destructive,64,exact,2000,0.07038525553475755,0.46711487719860745,0.4625001827013791,0.5024820459006565,0.50548026848253,0.005795001697875855,-2.107210657884301
6,128,hadamard_u,32,exact,300,0.05643738361516351,0.4752546298528764,0.4687813758555244,0.503523896949313,0.5234702587930591,0.0092794330031203,-2.6845428450945956
6,512,loschmidt,256,exact,2000,0.6051324318498396,0.3221866359911766,0.0056177383788964235,0.9270955035261983,0.4228372318142541,0.3637913659873868,-5.6834623461141405
6,512,swap_ancilla,256,exact,2000,0.035242512524352065,0.4870002399744173,0.47775747681309666,0.5047901991352269,0.5459068608997538,0.01159000339575171,-2.7092706492122636
6,512,swap_destructive,256,exact,2000,0.035242512524352065,0.4870002399744173,0.47775747681309666,0.5047901991352269,0.5459068608997538,0.01159000339575171,-2.7092706492122636
6,512,hadamard_u,128,exact,300,0.017856157618639727,0.5043680937377287,0.47914749722737177,0.5130815309364858,0.5873053230488313,0.034720669050105804,-3.86578415099883
6,2048,loschmidt,1024,exact,2000,0.20989666301586812,0.6211468486340708,0.003409620220354608,0.96177792101633,0.5541896922389039,0.7275827319747736,-6.285522337442103
6,2048,swap_ancilla,1024,exact,2000,0.017624063205423007,0.5004335054446984,0.4819424501948445,0.509411394458352,0.5821473953220475,0.02318000679150342,-3.311330640540226
6,2048,swap_destructive,1024,exact,2000,0.017624063205423007,0.5004335054446984,0.4819424501948445,0.509411394458352,0.582147395322048,0.02318000679150342,-3.311330640540226
6,2048,hadamard_u,512,exact,300,0.004806013743380418,0.5415912370320588,0.453675858554973,0.5441662896602619,0.650638184429816,0.11489865284751874,-4.960226225771916
6,8192,loschmidt,4096,exact,2000,0.0389994843426547,0.9078980244907099,0.0010742233323460131,0.9884363175389814,0.667742577545826,1.4551654639495473,-6.8875823287700655
6,8192,swap_ancilla,4096,exact,2000,0.008805728975260083,0.5140849171126765,0.4771093539120635,0.5186520262886349,0.6186159694228018,0.04636001358300684,-3.9133906318681886
6,8192,swap_destructive,4096,exact,2000,0.008805728975260083,0.5140849171126765,0.4771093539120635,0.5186520262886349,0.6186159694228027,0.04636001358300684,-3.9133906318681886
6,8192,hadamard_u,2048,monte_carlo_20000,300,0.000825,0.6326499999999999,0.366425,0.6332361020337002,0.71281,0.34095201024585653,-5.88374320120233
6,32768,loschmidt,16384,exact,2000,0.0005003593935466213,0.9988098488649902,4.473348484895778e-05,0.9998029165138091,0.7588319344167689,2.9103309278990945,-7.489642320098028
6,32768,swap_ancilla,16384,exact,2000,0.004388793504682522,0.5347423267442369,0.46086887975108054,0.5370995457419248,0.6559397798072301,0.09272002716601369,-4.51545062319615
6,32768,swap_destructive,16384,exact,2000,0.004388793504682522,0.5347423267442369,0.46086887975108054,0.5370995457419248,0.6559397798072321,0.09272002716601369,-4.51545062319615
6,32768,hadamard_u,8192,monte_carlo_20000,300,5e-05,0.7861,0.2138,0.786178654834627,0.7745268333333333,0.7675345096922694,-6.624621046257191
10,32,loschmidt,16,exact,2000,0.9998409356380071,0.0001227913885490711,1.1277387551428961e-05,0.8411887177670192,0.015273877330515937,0.006175629023920101,-6.808688315952807
10,32,swap_ancilla,16,exact,2000,0.13994993408962914,0.4300303230076328,0.4300197428675439,0.5000061508861569,0.4310987816338394,1.3364223520036694e-05,-1.5051499783346771
10,32,swap_destructive,16,exact,2000,0.13994993408962914,0.4300303230076328,0.4300197428675439,0.5000061508861569,0.4310987816338394,1.3364223520036694e-05,-1.5051499783346771
10,32,hadamard_u,8,exact,300,0.15770454037937742,0.42115695877079806,0.421141949647024,0.5000097738638289,0.4224363395692615,2.2857547684695598e-05,-1.4471366599764477
10,128,loschmidt,64,exact,2000,0.9993639343109143,0.000491019076018253,4.445729002349213e-05,0.842428187897821,0.04064320455990123,0.012351258047840203,-7.41074830728077
10,128,swap_ancilla,64,exact,2000,0.07038609215793848,0.46481759621806096,0.46479631161452506,0.500011448087941,0.46695211201994324,2.6728447040073388e-05,-2.1072099696626396
10,128,swap_destructive,64,exact,2000,0.07038609215793848,0.46481759621806096,0.46479631161452506,0.500011448087941,0.46695211201994324,2.6728447040073388e-05,-2.1072099696626396
10,128,hadamard_u,32,exact,300,0.05701938172638926,0.47152482356430164,0.4714629741545706,0.5000362779022576,0.4759101932667706,9.619618536487053e-05,-2.6953748300922813
10,512,loschmidt,256,exact,2000,0.997458870940652,0.001961735565179327,0.00016106770743212482,0.8489580846338536,0.08736527910513796,0.024702516095680405,-8.012808298608732
10,512,swap_ancilla,256,exact,2000,0.03524463544449516,0.4823989980812754,0.4823563664720234,0.5000220945178531,0.48656372953528354,5.3456894080146776e-05,-2.709269960990602
10,512,swap_destructive,256,exact,2000,0.03524463544449516,0.4823989980812754,0.4823563664720234,0.5000220945178531,0.48656372953528354,5.3456894080146776e-05,-2.7092699609906017
10,512,hadamard_u,128,exact,300,0.018667543506923408,0.490803280665663,0.49053381501050164,0.500140516740057,0.5036229141006795,0.00038929111583692756,-3.9095351166445713
10,2048,loschmidt,1024,exact,2000,0.9898930093309565,0.00781763739654856,0.0004843736715899327,0.8633288831493648,0.1587040276195823,0.04940503219136081,-8.614868289936695
10,2048,swap_ancilla,1024,exact,2000,0.017628772316283965,0.49122826106928585,0.4911429666210019,0.500043412533816,0.49896890552483214,0.00010691378816029355,-3.311329952318564
10,2048,swap_destructive,1024,exact,2000,0.017628772316283965,0.49122826106928585,0.4911429666210019,0.500043412533816,0.49896890552483203,0.00010691378816029355,-3.311329952318564
10,2048,hadamard_u,512,exact,300,0.005759374318052013,0.49767141457527153,0.49658767582857755,0.5005553843085087,0.5276253222291077,0.0015598274095204876,-5.114848043858531
10,8192,loschmidt,4096,exact,2000,0.960473339276829,0.0307064156842023,0.0010078949198312097,0.8843737265496836,0.24842849766658287,0.09881006438272162,-9.216928281264657
10,8192,swap_ancilla,4096,exact,2000,0.008815193031841088,0.49567770574615344,0.4955071012319825,0.5000860609005353,0.5090416515617971,0.0002138275763205871,-3.9133899436465267
10,8192,swap_destructive,4096,exact,2000,0.008815193031841088,0.49567770574615344,0.4955071012319825,0.5000860609005353,0.5090416515617968,0.0002138275763205871,-3.9133899436465267
10,8192,hadamard_u,2048,monte_carlo_20000,300,0.0015,0.50305,0.49524999999999997,0.5038942184684161,0.5588948333333333,0.006213320359431826,-6.314190485381528
10,32768,loschmidt,16384,exact,2000,0.8544485374442952,0.11341067993211335,0.0013832464444031452,0.9144275442953084,0.34775024936605753,0.19762012876544324,-9.81898827259262
10,32768,swap_ancilla,16384,exact,2000,0.004407697096559839,0.49796675986941996,0.49762554303891837,0.5001713637346857,0.5193019784124638,0.0004276551526411742,-4.515449934974489
10,32768,swap_destructive,16384,exact,2000,0.004407697096559839,0.49796675986941996,0.49762554303891837,0.5001713637346857,0.519301978412464,0.0004276551526411742,-4.515449934974489
10,32768,hadamard_u,8192,monte_carlo_20000,300,0.00035,0.5082249999999999,0.491225,0.5085156893247971,0.6030506666666665,0.023366296078294928,-7.4974627654957455
14,32,loschmidt,16,exact,2000,0.9999995675405926,3.5102980466827916e-07,3.5726891265869085e-08,0.8562923710225776,0.001372658813573249,0.0003680517219421095,-9.374354620879174
14,32,swap_ancilla,16,exact,2000,0.13994993409141904,0.4300250495656241,0.43002501634295676,0.5000000193143799,0.43010876879154786,4.1964960802539265e-08,-1.505149978319906
14,32,swap_destructive,16,exact,2000,0.13994993409141904,0.4300250495656241,0.43002501634295676,0.5000000193143799,0.43010876879154786,4.1964960802539265e-08,-1.505149978319906
14,32,hadamard_u,8,exact,300,0.15770764866339632,0.4211461933752417,0.4211461632534891,0.500000019688989,0.42117466517258045,4.6045852199501624e-08,-1.447157995124607
14,128,loschmidt,64,exact,2000,0.9999982701637511,1.4041181828350346e-06,1.429071591313669e-07,0.8564099676933274,0.004632494709070604,0.000736103443884219,-9.976414612207137
14,128,swap_ancilla,64,exact,2000,0.07038609217001394,0.4648069873328564,0.4648069204971287,0.5000000359481109,0.46497535131748613,8.392992160507853e-08,-2.1072099696478683
14,128,swap_destructive,64,exact,2000,0.07038609217001394,0.4648069873328564,0.4648069204971287,0.5000000359481109,0.46497535131748613,8.392992160507853e-08,-2.1072099696478683
14,128,hadamard_u,32,exact,300,0.05702506412851997,0.4714875413723274,0.4714874063877179,0.5000000730830713,0.47159399381051176,1.9379930427947393e-07,-2.695481495402166
14,512,loschmidt,256,exact,2000,0.9999930806770942,5.616456153600957e-06,5.716221416829956e-07,0.8573477733730392,0.013149971832692415,0.001472206887768438,-10.5784746035351
14,512,swap_ancilla,256,exact,2000,0.035244635485835576,0.48237774919077436,0.482377615323387,0.5000000693789287,0.4827143549925696,1.6785984321015706e-07,-2.709269960975831
14,512,swap_destructive,256,exact,2000,0.035244635485835576,0.48237774919077436,0.482377615323387,0.5000000693789287,0.4827143549925697,1.6785984321015706e-07,-2.709269960975831
14,512,hadamard_u,128,exact,300,0.0186756286491737,0.49066246843675554,0.49066192800240344,0.5000002831199128,0.4910608030616044,7.845176641510296e-07,-3.9099829343706203
14,2048,loschmidt,1024,exact,2000,0.9999723230618138,2.246555937318595e-05,2.255465126938638e-06,0.8581115879828326,0.02967025279058771,0.002944413775536876,-11.180534594863062
14,2048,swap_ancilla,1024,exact,2000,0.0176287724048606,0.49118574771359247,0.49118547988154754,0.500000136319162,0.49185436203056426,3.357196864203141e-07,-3.3113299523037933
14,2048,swap_destructive,1024,exact,2000,0.0176287724048606,0.49118574771359247,0.49118547988154754,0.500000136319162,0.4918543620305646,3.357196864203141e-07,-3.3113299523037933
14,2048,hadamard_u,512,exact,300,0.005769785216027135,0.49711622699090674,0.4971140379789976,0.5000011197072807,0.49857516433988497,3.1473085872838867e-06,-5.1166577869603
14,8192,loschmidt,4096,exact,2000,0.999889297901974,8.985799383981474e-05,8.54579932296941e-06,0.8604417718890023,0.05712699748421225,0.005888827551073752,-11.782594586191024
14,8192,swap_ancilla,4096,exact,2000,0.008815193220585573,0.4955926712410649,0.49559213553834924,0.5000002702335185,0.49689571720741915,6.714393728406282e-07,-3.913389943631756
14,8192,swap_destructive,4096,exact,2000,0.008815193220585573,0.4955926712410649,0.49559213553834924,0.5000002702335185,0.4968957172074196,6.714393728406282e-07,-3.913389943631756
14,8192,hadamard_u,2048,monte_carlo_20000,300,0.00165,0.499925,0.498325,0.5008387374512271,0.5039855,1.2598239299278547e-05,-6.321405449271616
14,32768,loschmidt,16384,exact,2000,0.999557282066188,0.0003593640902246342,2.86079184058535e-05,0.8656344484067479,0.0972521362790663,0.011777655102147504,-12.384654577518987
14,32768,swap_ancilla,16384,exact,2000,0.00440769749331559,0.49779668697552026,0.4977956155311656,0.5000005380939326,0.500219866335889,1.3428787456812565e-06,-4.515449934959718
14,32768,swap_destructive,16384,exact,2000,0.00440769749331559,0.49779668697552026,0.4977956155311656,0.5000005380939326,0.5002198663358894,1.3428787456812565e-06,-4.515449934959718
14,32768,hadamard_u,8192,monte_carlo_20000,300,0.0004,0.50095,0.4985,0.5012505627563681,0.5118831666666666,5.039850267342483e-05,-7.525647439671252
18,32,loschmidt,16,exact,2000,0.9999999978110656,1.672845321849548e-09,1.6701715098043053e-10,0.8452814810916836,9.228366467051765e-05,2.0587332174463586e-05,-11.670077265000984
18,32,swap_ancilla,16,exact,2000,0.13994993409141915,0.4300250330201802,0.43002503288840055,0.5000000000766116,0.4300305891345878,1.6645826413643803e-10,-1.505149978319906
18,32,swap_destructive,16,exact,2000,0.13994993409141915,0.4300250330201802,0.43002503288840055,0.5000000000766116,0.4300305891345878,1.6645826413643803e-10,-1.505149978319906
18,32,hadamard_u,8,exact,300,0.15770765392216513,0.42114617308642033,0.421146173016572,0.5000000000576676,0.42114731658574495,1.3486485197781437e-10,-1.4471580312216927
18,128,loschmidt,64,exact,2000,0.9999999912442628,6.6913812534677215e-09,6.680686032381616e-10,0.8469774872907667,0.00034310948831087315,4.117466434892717e-05,-12.272137256328946
18,128,swap_ancilla,64,exact,2000,0.07038609217001511,0.4648069540475428,0.46480695378244147,0.5000000001425868,0.4648181311002735,3.3291652827287606e-10,-2.1072099696478683
18,128,swap_destructive,64,exact,2000,0.07038609217001511,0.4648069540475428,0.46480695378244147,0.5000000001425868,0.4648181311002735,3.3291652827287606e-10,-2.1072099696478683
18,128,hadamard_u,32,exact,300,0.057025073742800775,0.4714874633264139,0.4714874630072913,0.5000000002140548,0.4714918473559942,5.67623807414641e-10,-2.6954816758875655
18,512,loschmidt,256,exact,2000,0.9999999649770517,2.6765524470983462e-08,2.6722744020156783e-09,0.8464087839583232,0.0010858518690629092,8.234932869785434e-05,-12.874197247656909
18,512,swap_ancilla,256,exact,2000,0.03524463548583819,0.4823776825226086,0.4823776819915546,0.5000000002752272,0.4824000636147637,6.658330565457521e-10,-2.709269960975831
18,512,swap_destructive,256,exact,2000,0.03524463548583819,0.4823776825226086,0.4823776819915546,0.5000000002752272,0.4824000636147637,6.658330565457521e-10,-2.709269960975831
18,512,hadamard_u,128,exact,300,0.018675642331594987,0.4906621796422125,0.49066217802419,0.5000000008292376,0.4906790889516122,2.2977967506308996e-09,-3.9099836924087903
18,2048,loschmidt,1024,exact,2000,0.9999998599082162,1.0706208919773546e-07,1.068909676693742e-08,0.8468534032552412,0.0027631079196610777,0.00016469865739570869,-13.47625723898487
18,2048,swap_ancilla,1024,exact,2000,0.017628772404862394,0.4911856143283092,0.4911856132668282,0.5000000005402647,0.4912303457310518,1.3316661130915043e-09,-3.3113299523037933
18,2048,swap_destructive,1024,exact,2000,0.017628772404862394,0.4911856143283092,0.4911856132668282,0.5000000005402647,0.4912303457310518,1.3316661130915043e-09,-3.3113299523037933
18,2048,hadamard_u,512,exact,300,0.005769802849419218,0.4971151018285181,0.49711509530726494,0.5000000032795489,0.4971815380015543,9.218286323093656e-09,-5.11666085520182
18,8192,loschmidt,4096,exact,2000,0.9999994396330156,4.2824821781181065e-07,4.1194450518880395e-08,0.8465804667000028,0.006883287079277232,0.00032939731479141737,-14.078317230312832
18,8192,swap_ancilla,4096,exact,2000,0.008815193220588994,0.49559240444611347,0.4955924023332978,0.5000000010658031,0.49568150063673605,2.6633322261830085e-09,-3.9133899436317554
18,8192,swap_destructive,4096,exact,2000,0.008815193220588994,0.49559240444611347,0.4955924023332978,0.5000000010658031,0.49568150063673605,2.6633322261830085e-09,-3.9133899436317554
18,8192,hadamard_u,2048,monte_carlo_20000,300,0.00165,0.49925,0.499175,0.5000500776214417,0.4992815,3.690019394141232e-08,-6.3214177582028235
18,32768,loschmidt,16384,exact,2000,0.9999977585344791,1.712990647584099e-06,1.6260598697591764e-07,0.8474831733679203,0.016301464673262035,0.0006587946295828347,-14.680377221640795
18,32768,swap_ancilla,16384,exact,2000,0.004407697493322294,0.49779615337317384,0.4977961491335051,0.5000000021292194,0.49797144874107674,5.326664452366017e-09,-4.515449934959718
18,32768,swap_destructive,16384,exact,2000,0.004407697493322294,0.49779615337317384,0.4977961491335051,0.5000000021292194,0.4979714487410769,5.326664452366017e-09,-4.515449934959718
18,32768,hadamard_u,8192,monte_carlo_20000,300,0.0004,0.4999,0.49970000000000003,0.5001000300090027,0.5008933333333333,1.4762779734684137e-07,-7.525696709381919
