x,y,M,F_hat,prob
0.0,0.0,2,-2.0,0.2500000000000002
0.0,0.0,2,0.0,0.5000000000000002
0.0,0.0,2,2.0,0.25
0.0,0.0,3,-0.6666666666666666,0.562500000000001
0.0,0.0,3,0.6666666666666666,0.37500000000000033
0.0,0.0,3,2.0,0.0625
0.0,0.0,4,-0.6666666666666666,0.14062500000000014
0.0,0.0,4,-0.3333333333333333,0.3750000000000001
0.0,0.0,4,0.0,0.24999999999999994
0.0,0.0,4,0.6666666666666666,0.09375000000000004
0.0,0.0,4,1.0,0.12499999999999999
0.0,0.0,4,2.0,0.015625
0.0,0.0,8,-0.2857142857142857,0.07476806640624994
0.0,0.0,8,-0.21428571428571427,0.23925781249999978
0.0,0.0,8,-0.14285714285714285,0.1914062499999998
0.0,0.0,8,0.0,0.11962890625000001
0.0,0.0,8,0.07142857142857142,0.19140625
0.0,0.0,8,0.2857142857142857,0.04785156250000005
0.0,0.0,8,0.35714285714285715,0.03417968749999996
0.0,0.0,8,0.42857142857142855,0.05468749999999993
0.0,0.0,8,0.6428571428571429,0.027343749999999993
0.0,0.0,8,0.8571428571428571,0.004272460937500001
0.0,0.0,8,0.9285714285714286,0.006835937500000001
0.0,0.0,8,1.0,0.003906249999999994
0.0,0.0,8,1.1428571428571428,0.003417968750000004
0.0,0.0,8,1.5,0.0009765624999999999
0.0,0.0,8,2.0,6.103515625000008e-05
0.31,-0.42,2,-2.0,0.18611301000000008
0.31,-0.42,2,0.0,0.4915239800000001
0.31,-0.42,2,2.0,0.32236301
0.31,-0.42,3,-0.6666666666666666,0.4187542725000005
0.31,-0.42,3,0.6666666666666666,0.4581164550000002
0.31,-0.42,3,2.0,0.12312927249999997
0.31,-0.42,4,-0.6666666666666666,0.07793561810533531
0.31,-0.42,4,-0.3333333333333333,0.2744370222149395
0.31,-0.42,4,0.0,0.23998380041504028
0.31,-0.42,4,0.6666666666666666,0.13044880532439018
0.31,-0.42,4,1.0,0.2254192919549797
0.31,-0.42,4,2.0,0.051775461985315005
0.31,-0.42,8,-0.2857142857142857,0.022964820054287984
0.31,-0.42,8,-0.21428571428571427,0.09704004897297568
0.31,-0.42,8,-0.14285714285714285,0.10182900057889616
0.31,-0.42,8,0.0,0.09225255656090475
0.31,-0.42,8,0.07142857142857142,0.19129808904834222
0.31,-0.42,8,0.2857142857142857,0.08787665733032256
0.31,-0.42,8,0.35714285714285715,0.057038540768450774
0.31,-0.42,8,0.42857142857142855,0.11699880012089595
0.31,-0.42,8,0.6428571428571429,0.1052900019343472
0.31,-0.42,8,0.8571428571428571,0.016083863129081135
0.31,-0.42,8,0.9285714285714286,0.03268609918913754
0.31,-0.42,8,1.0,0.03090883136997919
0.31,-0.42,8,1.1428571428571428,0.028883099421501107
0.31,-0.42,8,1.5,0.016647178795510923
0.31,-0.42,8,2.0,0.002202412725366571
0.9,0.1,2,-2.0,0.04702500000000006
0.9,0.1,2,0.0,0.4959500000000002
0.9,0.1,2,2.0,0.4570250000000001
0.9,0.1,3,-0.6666666666666666,0.10580625000000014
0.9,0.1,3,0.6666666666666666,0.6733875000000001
0.9,0.1,3,2.0,0.22080624999999998
0.9,0.1,4,-0.6666666666666666,0.004975538906250014
0.9,0.1,4,-0.3333333333333333,0.06996614625000014
0.9,0.1,4,0.0,0.08596640250000015
0.9,0.1,4,0.6666666666666666,0.3011577759375001
0.9,0.1,4,1.0,0.43000104875000017
0.9,0.1,4,2.0,0.10793308765624998
0.9,0.1,8,-0.2857142857142857,9.35990264639482e-05
0.9,0.1,8,-0.21428571428571427,0.001579430079312538
0.9,0.1,8,-0.14285714285714285,0.002328747759242868
0.9,0.1,8,0.0,0.013596794319211281
0.9,0.1,8,0.07142857142857142,0.023296635653647254
0.9,0.1,8,0.2857142857142857,0.011695217141494605
0.9,0.1,8,0.35714285714285715,0.07339633065068651
0.9,0.1,8,0.42857142857142855,0.12015207954784961
0.9,0.1,8,0.6428571428571429,0.06715408968993455
0.9,0.1,8,0.8571428571428571,0.17425956486661168
0.9,0.1,8,0.9285714285714286,0.28449670045070485
0.9,0.1,8,1.0,0.019902368769075595
0.9,0.1,8,1.1428571428571428,0.15130100042921785
0.9,0.1,8,1.5,0.0500768113233782
0.9,0.1,8,2.0,0.006670630293168581
-0.05,0.02,2,-2.0,0.2492752500000001
-0.05,0.02,2,0.0,0.49999950000000015
-0.05,0.02,2,2.0,0.25072525000000007
-0.05,0.02,3,-0.6666666666666666,0.5608693125000006
-0.05,0.02,3,0.6666666666666666,0.3760863750000002
-0.05,0.02,3,2.0,0.0630443125
-0.05,0.02,4,-0.6666666666666666,0.13981083809076583
-0.05,0.02,4,-0.3333333333333333,0.37391250108712526
-0.05,0.02,4,0.0,0.24999839750024994
-0.05,0.02,4,0.6666666666666666,0.09429322648134382
-0.05,0.02,4,1.0,0.12608749891237497
-0.05,0.02,4,2.0,0.015897537928140623
-0.05,0.02,8,-0.2857142857142857,0.07390481882210434
-0.05,0.02,8,-0.21428571428571427,0.23718277660469061
-0.05,0.02,8,-0.14285714285714285,0.19029686536856194
-0.05,0.02,8,0.0,0.11962546963172475
-0.05,0.02,8,0.07142857142857142,0.19195367686437223
-0.05,0.02,8,0.2857142857142857,0.04840433642859589
-0.05,0.02,8,0.35714285714285715,0.03467403551852119
-0.05,0.02,8,0.42857142857142855,0.05563752610971941
-0.05,0.02,8,0.6428571428571429,0.02805806906205849
-0.05,0.02,8,0.8571428571428571,0.0044217048579494635
-0.05,0.02,8,0.9285714285714286,0.007094803394867982
-0.05,0.02,8,1.0,0.004065608511946612
-0.05,0.02,8,1.1428571428571428,0.003577603446078545
-0.05,0.02,8,1.5,0.0010366385554897214
-0.05,0.02,8,2.0,6.606682331925442e-05
0.6,0.6,2,-2.0,0.1024
0.6,0.6,2,0.0,0.43520000000000003
0.6,0.6,2,2.0,0.4624000000000001
0.6,0.6,3,-0.6666666666666666,0.2304000000000002
0.6,0.6,3,0.6666666666666666,0.4992000000000003
0.6,0.6,3,2.0,0.27040000000000014
0.6,0.6,4,-0.6666666666666666,0.023592959999999996
0.6,0.6,4,-0.3333333333333333,0.13369343999999997
0.6,0.6,4,0.0,0.18939904
0.6,0.6,4,0.6666666666666666,0.12632064
0.6,0.6,4,1.0,0.35790848000000003
0.6,0.6,4,2.0,0.16908544000000006
0.6,0.6,8,-0.2857142857142857,0.002104533975039998
0.6,0.6,8,-0.21428571428571427,0.014310831030271982
0.6,0.6,8,-0.14285714285714285,0.02432841275146237
0.6,0.6,8,0.0,0.027043261579263986
0.6,0.6,8,0.07142857142857142,0.09194708936949753
0.6,0.6,8,0.2857142857142857,0.08687647782338559
0.6,0.6,8,0.35714285714285715,0.030793841770495985
0.6,0.6,8,0.42857142857142855,0.10469906201968633
0.6,0.6,8,0.6428571428571429,0.1978504333754368
0.6,0.6,8,0.8571428571428571,0.015393397669888
0.6,0.6,8,0.9285714285714286,0.0523375520776192
0.6,0.6,8,1.0,0.11264497297653761
0.6,0.6,8,1.1428571428571428,0.09890258002903045
0.6,0.6,8,1.5,0.11261919688130567
0.6,0.6,8,2.0,0.028148356671078432
