seed,n,rho,estimator,n_samples,median_log10_M_internal,median_log10_total_executions,q25_log10_total,q75_log10_total,nonfinite
0,2,1.0,loschmidt,100000,0.7781512503836436,1.0791812460476249,0.6020599913279624,1.9242792860618818,0
0,2,1.0,swap_ancilla,100000,1.5440680443502757,1.845098040014257,1.0791812460476249,3.097604328874411,0
0,2,1.0,swap_destructive,100000,1.5440680443502757,1.845098040014257,1.0791812460476249,3.097604328874411,0
0,2,1.0,hadamard_u,100000,1.4313637641589874,2.03342375548695,1.5051499783199058,2.878521795501207,0
0,4,1.0,loschmidt,100000,2.0755469613925306,2.376576957056512,1.505149978319906,3.525563058270067,0
0,4,1.0,swap_ancilla,100000,3.906981149896186,4.208011145560167,2.7075701760979363,6.253965847615709,0
0,4,1.0,swap_destructive,100000,3.906981149896186,4.208011145560167,2.7075701760979363,6.253965847615709,0
0,4,1.0,hadamard_u,100000,2.7489628612561616,3.351022852584124,2.4885507165004443,4.490169244701182,0
0,6,1.0,loschmidt,100000,3.3027637084729817,3.603793704136963,2.4885507165004443,5.000353805049765,0
0,6,1.0,swap_ancilla,100000,6.316768336060187,6.617798331724169,4.565517249517444,9.22938709340725,0
0,6,1.0,swap_destructive,100000,6.316768336060187,6.617798331724169,4.565517249517444,9.22938709340725,0
0,6,1.0,hadamard_u,100000,3.9744656357372423,4.576525627065204,3.4753805931433615,5.966848703720236,0
0,8,1.0,loschmidt,100000,4.490372894747184,4.791402890411165,3.4762517960070336,6.4029480527644695,0
0,8,1.0,swap_ancilla,100000,8.691579062216912,8.992609057880893,6.507353647289769,12.044003998001877,0
0,8,1.0,swap_destructive,100000,8.691579062216912,8.992609057880893,6.507353647289769,12.044003998001877,0
0,8,1.0,hadamard_u,100000,5.164935488794319,5.766995480122281,4.463459970353275,7.368590858890226,0
0,10,1.0,loschmidt,100000,5.696998172354978,5.998028168018959,4.501415309539274,7.80111348483739,0
0,10,1.0,swap_ancilla,100000,11.108644848167692,11.409674843831674,8.54105198769105,14.881829003389724,0
0,10,1.0,swap_destructive,100000,11.108644848167692,11.409674843831674,8.54105198769105,14.881829003390123,0
0,10,1.0,hadamard_u,100000,6.372788413868288,6.9748484051962505,5.485884610503068,8.770202751746114,0
0,12,1.0,loschmidt,100000,6.9030470161823985,7.20407701184638,5.540042770714315,9.14993885920441,0
0,12,1.0,swap_ancilla,100000,13.516792300885356,13.817822296549338,10.601521244464879,17.58157805118929,0
0,12,1.0,swap_destructive,100000,13.51679230088537,13.817822296549352,10.601521244464879,17.581578051189318,0
0,12,1.0,hadamard_u,100000,7.581480243127387,8.183540234455348,6.525708575625179,10.12161804688261,0
0,14,1.0,loschmidt,100000,8.113323408113406,8.414353403777387,6.616487801736991,10.5098326808959,0
0,14,1.0,swap_ancilla,100000,15.936924213655894,16.237954209319874,12.75151818330459,20.334510478720006,0
0,14,1.0,swap_destructive,100000,15.936924213655892,16.237954209319874,12.75151818330459,20.334510478720002,0
0,14,1.0,hadamard_u,100000,8.79219416105216,9.394254152380123,7.600793164793789,11.478787231085846,0
0,16,1.0,loschmidt,100000,9.321520110193955,9.622550105857936,7.665955284340624,11.875356411983574,0
0,16,1.0,swap_ancilla,100000,18.34268492104151,18.64371491670549,14.827604215906419,23.029248836103903,0
0,16,1.0,swap_destructive,100000,18.342684921041517,18.6437149167055,14.827604215906444,23.029248836103836,0
0,16,1.0,hadamard_u,100000,9.997691434935827,10.59975142626379,8.64889134359838,12.84354443478856,0
0,18,1.0,loschmidt,100000,10.539917831217934,10.840947826881916,8.746589453266512,13.227992022995279,0
0,18,1.0,swap_ancilla,100000,20.78908615347273,21.090116149136712,16.998708222438324,25.745163564617105,0
0,18,1.0,swap_destructive,100000,20.789086153472727,21.09011614913671,16.99870822243832,25.7451635646171,0
0,18,1.0,hadamard_u,100000,11.216033231136812,11.818093222464775,9.732565211721294,14.195755952012997,0
0,20,1.0,loschmidt,100000,11.724711263500204,12.025741259164185,9.817160900745208,14.515672426469123,0
0,20,1.0,swap_ancilla,100000,23.14208910861266,23.44311910427664,19.134466030004425,28.356315103826923,0
0,20,1.0,swap_destructive,100000,23.14208910861249,23.44311910427647,19.13446603000444,28.356315103826475,0
0,20,1.0,hadamard_u,100000,12.398855594540843,13.000915585868805,10.801610093253887,15.49082103167417,0
0,2,2.0,loschmidt,100000,1.3424226808222062,1.6434526764861874,1.0,2.5185139398778875,0
0,2,2.0,swap_ancilla,100000,2.143014800254095,2.444044795918076,1.6434526764861874,3.6993173010213822,0
0,2,2.0,swap_destructive,100000,2.143014800254095,2.444044795918076,1.6434526764861874,3.6993173010213822,0
0,2,2.0,hadamard_u,100000,1.9637878273455553,2.5658478186735176,1.9444826721501687,3.4396484295634737,0
0,4,2.0,loschmidt,100000,2.6748611407378116,2.975891136401793,2.0863598306747484,4.127444969577894,0
0,4,2.0,swap_ancilla,100000,4.509027688494166,4.8100576841581475,3.3087777736647213,6.856025506188006,0
0,4,2.0,swap_destructive,100000,4.509027688494166,4.8100576841581475,3.3087777736647213,6.856025506188006,0
0,4,2.0,hadamard_u,100000,3.299942900022767,3.9020028913507296,3.0220157398177205,5.0506697022137566,0
0,6,2.0,loschmidt,100000,3.904715545278681,4.205745540942662,3.089198366805149,5.602411084295012,0
0,6,2.0,swap_ancilla,100000,6.918828248855348,7.21985824451933,5.1675728111072505,9.831447084415085,0
0,6,2.0,swap_destructive,100000,6.918828248855348,7.21985824451933,5.1675728111072505,9.831447084415085,0
0,6,2.0,hadamard_u,100000,4.527951958343942,5.130011949671904,4.020029633542699,6.524761708847457,0
0,8,2.0,loschmidt,100000,5.092427621240175,5.393457616904156,4.078166708168154,7.005007915287992,0
0,8,2.0,swap_ancilla,100000,9.29363905288225,9.594669048546232,7.109413638617731,12.64606398932974,0
0,8,2.0,swap_destructive,100000,9.29363905288225,9.594669048546232,7.109413638617731,12.64606398932974,0
0,8,2.0,hadamard_u,100000,5.7176642629266325,6.319724254254595,5.0079439745012655,7.927422798617835,0
0,10,2.0,loschmidt,100000,6.299057836458225,6.600087832122206,5.103468456356032,8.403173467583242,0
0,10,2.0,swap_ancilla,100000,11.710704839493541,12.011734835157522,9.143111977457199,15.483888994717686,0
0,10,2.0,swap_destructive,100000,11.710704839493541,12.011734835157522,9.143111977457199,15.483888994718086,0
0,10,2.0,hadamard_u,100000,6.926945587706631,7.529005579034593,6.0316943984328795,9.324783687870337,0
0,12,2.0,loschmidt,100000,7.505106993937314,7.8061369896012955,6.1421011965581345,9.751998850301751,0
0,12,2.0,swap_ancilla,100000,14.118852292213315,14.419882287877297,11.203581235787407,18.183638042517252,0
0,12,2.0,swap_destructive,100000,14.118852292213326,14.419882287877307,11.203581235787407,18.18363804251728,0
0,12,2.0,hadamard_u,100000,8.132644790027996,8.734704781355958,7.072411486031907,10.676985686138332,0
0,14,2.0,loschmidt,100000,8.715383399441368,9.01641339510535,7.218547753681153,11.11189267220708,0
0,14,2.0,swap_ancilla,100000,16.538984204983855,16.840014200647836,13.353578174632503,20.93657047004797,0
0,14,2.0,swap_destructive,100000,16.538984204983855,16.840014200647836,13.353578174632503,20.936570470047965,0
0,14,2.0,hadamard_u,100000,9.342651962903304,9.944711954231266,8.148617760715814,12.034010807772024,0
0,16,2.0,loschmidt,100000,9.923580101496025,10.224610097160006,8.268015273325545,12.477416403311102,0
0,16,2.0,swap_ancilla,100000,18.944744912369472,19.245774908033454,15.42966420723438,23.631308827431866,0
0,16,2.0,swap_destructive,100000,18.94474491236948,19.24577490803346,15.429664207234406,23.6313088274318,0
0,16,2.0,hadamard_u,100000,10.551199992697297,11.15325998402526,9.197243597377302,13.400000245536088,0
0,18,2.0,loschmidt,100000,11.141977822545897,11.443007818209878,9.348649444302541,13.830052014323218,0
0,18,2.0,swap_ancilla,100000,21.391146144800693,21.692176140464674,17.600768213766287,26.347223555945067,0
0,18,2.0,swap_destructive,100000,21.39114614480069,21.69217614046467,17.600768213766283,26.347223555945064,0
0,18,2.0,hadamard_u,100000,11.767057583220751,12.369117574548714,10.278947103712605,14.753789168104483,0
0,20,2.0,loschmidt,100000,12.326771254827964,12.627801250491945,10.419220892031817,15.117732417797086,0
0,20,2.0,swap_ancilla,100000,23.74414909994062,24.045179095604603,19.736526021332388,28.958375095154885,0
0,20,2.0,swap_destructive,100000,23.74414909994045,24.045179095604432,19.736526021332402,28.958375095154437,0
0,20,2.0,hadamard_u,100000,12.951475240523326,13.553535231851289,11.349824594932567,16.04429963679161,0
12000,2,1.0,loschmidt,25000,0.7781512503836436,1.0791812460476249,0.6020599913279624,1.8920946026904804,0
12000,2,1.0,swap_ancilla,25000,1.5185139398778875,1.8195439355418688,1.0791812460476249,3.05307844348342,0
12000,2,1.0,swap_destructive,25000,1.5185139398778875,1.8195439355418688,1.0791812460476249,3.05307844348342,0
12000,2,1.0,hadamard_u,25000,1.414973347970818,2.0170333392987803,1.5051499783199058,2.845098040014257,0
12000,4,1.0,loschmidt,25000,2.0827853703164503,2.3838153659804315,1.505149978319906,3.5300074757947724,0
12000,4,1.0,swap_ancilla,25000,3.9148982328725994,4.215928228536581,2.693726948923647,6.2924835590583665,0
12000,4,1.0,swap_destructive,25000,3.9148982328725994,4.215928228536581,2.693726948923647,6.2924835590583665,0
12000,4,1.0,hadamard_u,25000,2.7551122663950713,3.357172257723034,2.482873583608754,4.489409993870299,0
12000,6,1.0,loschmidt,25000,3.2973227142053028,3.598352709869284,2.494154594018443,4.99524238991936,0
12000,6,1.0,swap_ancilla,25000,6.317557438210019,6.6185874338740005,4.589720652943537,9.215908165160014,0
12000,6,1.0,swap_destructive,25000,6.317557438210019,6.6185874338740005,4.589720652943537,9.215908165160014,0
12000,6,1.0,hadamard_u,25000,3.9750639741738074,4.5771239655017695,3.4855794073370983,5.96277261256027,0
12000,8,1.0,loschmidt,25000,4.488973450705951,4.790003446369933,3.496583717941289,6.39687119687661,0
12000,8,1.0,swap_ancilla,25000,8.714294839552768,9.015324835216749,6.55141137651953,12.083635089261584,0
12000,8,1.0,swap_destructive,25000,8.714294839552768,9.015324835216749,6.55141137651953,12.083635089261584,0
12000,8,1.0,hadamard_u,25000,5.16609380070159,5.768153792029553,4.484982737237335,7.362142935608998,0
12000,10,1.0,loschmidt,25000,5.702955402120742,6.0039853977847235,4.510879984136487,7.762639085372227,0
12000,10,1.0,swap_ancilla,25000,11.137614025539474,11.438644021203455,8.55360845308407,14.844474524075409,0
12000,10,1.0,swap_destructive,25000,11.137614025539474,11.438644021203455,8.55360845308407,14.844474524075434,0
12000,10,1.0,hadamard_u,25000,6.3820621816230085,6.984122172950971,5.502164824328087,8.738399864919598,0
12000,12,1.0,loschmidt,25000,6.874491268282371,7.175521263946353,5.513904462723414,9.15337483470004,0
12000,12,1.0,swap_ancilla,25000,13.469498402462094,13.770528398126075,10.553245646077528,17.58470416649122,0
12000,12,1.0,swap_destructive,25000,13.4694984024621,13.770528398126082,10.553245646077528,17.584704166491356,0
12000,12,1.0,hadamard_u,25000,7.549186768752452,8.151246760080415,6.5022637285379785,10.12182685211603,0
12000,14,1.0,loschmidt,25000,8.12329256480827,8.424322560472252,6.59702076548971,10.524157737049427,0
12000,14,1.0,swap_ancilla,25000,15.962340171147556,16.263370166811534,12.70539367644205,20.329918410808954,0
12000,14,1.0,swap_destructive,25000,15.962340171147613,16.26337016681159,12.70539367644205,20.32991841080893,0
12000,14,1.0,hadamard_u,25000,8.804978045179094,9.407038036507057,7.585368479949144,11.497470679935093,0
12000,16,1.0,loschmidt,25000,9.370664520267628,9.671694515931609,7.749546279977137,11.92801998689814,0
12000,16,1.0,swap_ancilla,25000,18.42275832600052,18.7237883216645,14.983374785668476,23.105102622010246,0
12000,16,1.0,swap_destructive,25000,18.422758326000523,18.723788321664504,14.983374785668474,23.10510262201026,0
12000,16,1.0,hadamard_u,25000,10.047803278323236,10.649863269651199,8.738702970760441,12.897947803579893,0
12000,18,1.0,loschmidt,25000,10.549504797903037,10.850534793567018,8.740367257104973,13.210329744848629,0
12000,18,1.0,swap_ancilla,25000,20.8022846569123,21.10331465257628,16.96931640020719,25.717811654895037,0
12000,18,1.0,swap_destructive,25000,20.802284656912306,21.103314652576287,16.96931640020719,25.717811654895154,0
12000,18,1.0,hadamard_u,25000,11.22560990870854,11.827669900036502,9.720393492755694,14.17175702016004,0
12000,20,1.0,loschmidt,25000,11.71257022720138,12.013600222865362,9.817374201181453,14.465794131292329,0
12000,20,1.0,swap_ancilla,25000,23.118125992831636,23.419155988495618,19.150927773107117,28.262046754480018,0
12000,20,1.0,swap_destructive,25000,23.118125992831644,23.419155988495625,19.15092777310712,28.26204675448001,0
12000,20,1.0,hadamard_u,25000,12.389312332303767,12.99137232363173,10.804144474000877,15.442141413714019,0
12001,2,1.0,loschmidt,25000,0.7781512503836436,1.0791812460476249,0.6020599913279624,1.9444826721501687,0
12001,2,1.0,swap_ancilla,25000,1.5563025007672873,1.8573324964312685,1.0791812460476249,3.129850861273227,0
12001,2,1.0,swap_destructive,25000,1.5563025007672873,1.8573324964312685,1.0791812460476249,3.129850861273227,0
12001,2,1.0,hadamard_u,25000,1.4471580313422192,2.0492180226701815,1.5051499783199058,2.8987251815894934,0
12001,4,1.0,loschmidt,25000,2.0827853703164503,2.3838153659804315,1.505149978319906,3.5545496128871457,0
12001,4,1.0,swap_ancilla,25000,3.938994781084098,4.240024776748079,2.7193312869837265,6.338085291310582,0
12001,4,1.0,swap_destructive,25000,3.938994781084098,4.240024776748079,2.7193312869837265,6.338085291310582,0
12001,4,1.0,hadamard_u,25000,2.760045164056421,3.3621051553843837,2.499687082618404,4.517327860646423,0
12001,6,1.0,loschmidt,25000,3.302114376956201,3.603144372620182,2.4800069429571505,4.999611131986606,0
12001,6,1.0,swap_ancilla,25000,6.327812305261909,6.62884230092589,4.565883217342828,9.250577564221471,0
12001,6,1.0,swap_destructive,25000,6.327812305261909,6.62884230092589,4.565883217342828,9.250577564221471,0
12001,6,1.0,hadamard_u,25000,3.9767854158038745,4.578845407131837,3.4693800608066256,5.972434273123582,0
12001,8,1.0,loschmidt,25000,4.502194874140579,4.80322486980456,3.484442137629023,6.437362213938544,0
12001,8,1.0,swap_ancilla,25000,8.730351838658182,9.031381834322163,6.541046547296148,12.13006914198263,0
12001,8,1.0,swap_destructive,25000,8.730351838658182,9.031381834322163,6.541046547296148,12.13006914198263,0
12001,8,1.0,hadamard_u,25000,5.180962674648331,5.7830226659762936,4.469321157497219,7.400520048815248,0
12001,10,1.0,loschmidt,25000,5.723336192636615,6.024366188300596,4.503068511825246,7.812893805803134,0
12001,10,1.0,swap_ancilla,25000,11.146275674772829,11.44730567043681,8.551668845555238,14.88785870458631,0
12001,10,1.0,swap_destructive,25000,11.146275674772829,11.44730567043681,8.551668845555238,14.887858704586314,0
12001,10,1.0,hadamard_u,25000,6.396558989195212,6.998618980523174,5.493202830266597,8.781050906568339,0
12001,12,1.0,loschmidt,25000,6.915053002742228,7.216082998406209,5.559826456815499,9.144372502079364,0
12001,12,1.0,swap_ancilla,25000,13.557330678617308,13.85836067428129,10.65566027513129,17.596626678259042,0
12001,12,1.0,swap_destructive,25000,13.557330678617308,13.85836067428129,10.65566027513129,17.59662667825892,0
12001,12,1.0,hadamard_u,25000,7.590507489841895,8.192567481169856,6.544536205108127,10.112798726522756,0
12001,14,1.0,loschmidt,25000,8.081499327973107,8.382529323637089,6.575470273901339,10.515695304361095,0
12001,14,1.0,swap_ancilla,25000,15.894803774807457,16.195833770471438,12.659736677421423,20.329585463067424,0
12001,14,1.0,swap_destructive,25000,15.894803774807462,16.195833770471445,12.659736677421423,20.329585463067364,0
12001,14,1.0,hadamard_u,25000,8.751385456345485,9.353445447673447,7.556658981696794,11.482194037387856,0
12001,16,1.0,loschmidt,25000,9.348143007626664,9.649173003290645,7.659833172661063,11.888943286346231,0
12001,16,1.0,swap_ancilla,25000,18.3937457619902,18.69477575765418,14.820731257257272,23.05641211783863,0
12001,16,1.0,swap_destructive,25000,18.393745761990193,18.694775757654174,14.82073125725726,23.056412117838637,0
12001,16,1.0,hadamard_u,25000,10.026322792834812,10.628382784162774,8.640458893899176,12.862816767638794,0
12001,18,1.0,loschmidt,25000,10.484241835530238,10.785271831194219,8.771777377371674,13.181801750514007,0
12001,18,1.0,swap_ancilla,25000,20.688682257598103,20.989712253262084,17.015151736483666,25.636606544947206,0
12001,18,1.0,swap_destructive,25000,20.688682257598845,20.989712253262827,17.015151736483677,25.63660654494722,0
12001,18,1.0,hadamard_u,25000,11.163061747716416,11.765121739044378,9.751588902231152,14.150017863283642,0
12001,20,1.0,loschmidt,25000,11.73276819370204,12.03379818936602,9.81335079692783,14.556616127237104,0
12001,20,1.0,swap_ancilla,25000,23.177813582881093,23.478843578545074,19.112523838724137,28.435306901801084,0
12001,20,1.0,swap_destructive,25000,23.177813582881097,23.478843578545078,19.112523838724144,28.435306901801116,0
12001,20,1.0,hadamard_u,25000,12.409440662417623,13.011500653745586,10.796898046354318,15.531553338810603,0
12002,2,1.0,loschmidt,25000,0.7781512503836436,1.0791812460476249,0.6020599913279624,1.9138138523837167,0
12002,2,1.0,swap_ancilla,25000,1.5440680443502757,1.845098040014257,1.0791812460476249,3.0914909874611163,0
12002,2,1.0,swap_destructive,25000,1.5440680443502757,1.845098040014257,1.0791812460476249,3.0914909874611163,0
12002,2,1.0,hadamard_u,25000,1.4471580313422192,2.0492180226701815,1.5051499783199058,2.8692317197309762,0
12002,4,1.0,loschmidt,25000,2.0588013458450423,2.3598313415090235,1.4771212547196626,3.5010592622177517,0
12002,4,1.0,swap_ancilla,25000,3.8837181685782625,4.184748164242244,2.6972293427597176,6.201308326535203,0
12002,4,1.0,swap_destructive,25000,3.8837181685782625,4.184748164242244,2.6972293427597176,6.201308326535203,0
12002,4,1.0,hadamard_u,25000,2.73559889969818,3.3376588910261424,2.4771212547196626,4.4619484920992125,0
12002,6,1.0,loschmidt,25000,3.3191060093589995,3.6201360050229807,2.494154594018443,5.018652593961171,0
12002,6,1.0,swap_ancilla,25000,6.336882607635731,6.637912603299712,4.590061230803743,9.27470072577972,0
12002,6,1.0,swap_destructive,25000,6.336882607635731,6.637912603299712,4.590061230803743,9.27470072577972,0
12002,6,1.0,hadamard_u,25000,3.9888039194762728,4.590863910804234,3.484584529282843,5.983324473350626,0
12002,8,1.0,loschmidt,25000,4.473486958042575,4.774516953706557,3.483373288503146,6.401035874063194,0
12002,8,1.0,swap_ancilla,25000,8.651905485039677,8.952935480703658,6.505842871364583,12.054495084217972,0
12002,8,1.0,swap_destructive,25000,8.651905485039677,8.952935480703658,6.505842871364583,12.054495084217972,0
12002,8,1.0,hadamard_u,25000,5.14603954667984,5.748099538007803,4.471789917151133,7.366636076979712,0
12002,10,1.0,loschmidt,25000,5.686534822244621,5.987564817908602,4.510243311892609,7.729482492258357,0
12002,10,1.0,swap_ancilla,25000,11.081369212586678,11.382399208250659,8.557486078762778,14.732538916864764,0
12002,10,1.0,swap_destructive,25000,11.081369212586678,11.382399208250659,8.557486078762778,14.732538916864772,0
12002,10,1.0,hadamard_u,25000,6.359966099863003,6.962026091190966,5.500745415443077,8.695406928362958,0
12002,12,1.0,loschmidt,25000,6.945023153908654,7.246053149572635,5.559730117770997,9.159103870378532,0
12002,12,1.0,swap_ancilla,25000,13.589890035036335,13.890920030700316,10.633355069583676,17.594444552171147,0
12002,12,1.0,swap_destructive,25000,13.58989003503634,13.890920030700322,10.633355069583676,17.594444552171147,0
12002,12,1.0,hadamard_u,25000,7.615610254204855,8.217670245532815,6.537909449967022,10.126633193095843,0
12002,14,1.0,loschmidt,25000,8.12922667536644,8.43025667103042,6.610368374952923,10.537453263102424,0
12002,14,1.0,swap_ancilla,25000,15.96642943977894,16.26745943544292,12.737481664891924,20.380889224067715,0
12002,14,1.0,swap_destructive,25000,15.966429439778945,16.267459435442927,12.737481664891924,20.380889224067687,0
12002,14,1.0,hadamard_u,25000,8.807543361722598,9.40960335305056,7.594912541888672,11.50521255009827,0
12002,16,1.0,loschmidt,25000,9.308502072474038,9.60953206813802,7.6500759247492915,11.86802444259595,0
12002,16,1.0,swap_ancilla,25000,18.310907571936724,18.611937567600705,14.80582856600832,23.014448206264632,0
12002,16,1.0,swap_destructive,25000,18.31090757193673,18.611937567600712,14.80582856600832,23.014448206264632,0
12002,16,1.0,hadamard_u,25000,9.98567386126869,10.587733852596653,8.632167804351807,12.832850805125124,0
12002,18,1.0,loschmidt,25000,10.50404398190502,10.805073977569002,8.741251883062771,13.208536838672734,0
12002,18,1.0,swap_ancilla,25000,20.711606217572626,21.012636213236608,16.984887156820108,25.743014414192444,0
12002,18,1.0,swap_destructive,25000,20.71160621757263,21.01263621323661,16.984887156820115,25.743014414192448,0
12002,18,1.0,hadamard_u,25000,11.179502175705792,11.781562167033755,9.72523782484838,14.178945787730058,0
12002,20,1.0,loschmidt,25000,11.73944244564251,12.040472441306491,9.79763396653809,14.488961136489209,0
12002,20,1.0,swap_ancilla,25000,23.180576609618818,23.4816066052828,19.084695401980806,28.302577248486593,0
12002,20,1.0,swap_destructive,25000,23.18057660961883,23.48160660528281,19.084695401980838,28.30257724848669,0
12002,20,1.0,hadamard_u,25000,12.420384923757645,13.022444915085607,10.782390805854568,15.461568387315104,0
12003,2,1.0,loschmidt,25000,0.7781512503836436,1.0791812460476249,0.6020599913279624,1.9344984512435677,0
12003,2,1.0,swap_ancilla,25000,1.5314789170422551,1.8325089127062364,1.0791812460476249,3.109240968588203,0
12003,2,1.0,swap_destructive,25000,1.5314789170422551,1.8325089127062364,1.0791812460476249,3.109240968588203,0
12003,2,1.0,hadamard_u,25000,1.4313637641589874,2.03342375548695,1.5051499783199058,2.8808135922807914,0
12003,4,1.0,loschmidt,25000,2.089905111439398,2.3909351071033793,1.505149978319906,3.554912937923621,0
12003,4,1.0,swap_ancilla,25000,3.938944787474817,4.239974783138798,2.7259116322950483,6.277676406274492,0
12003,4,1.0,swap_destructive,25000,3.938944787474817,4.239974783138798,2.7259116322950483,6.277676406274492,0
12003,4,1.0,hadamard_u,25000,2.7664128471123997,3.368472838440362,2.499687082618404,4.513497269636709,0
12003,6,1.0,loschmidt,25000,3.306746594858635,3.6077765905226165,2.4913616938342726,5.009057581083373,0
12003,6,1.0,swap_ancilla,25000,6.328501718461039,6.6295317141250205,4.573619914778702,9.23323244370593,0
12003,6,1.0,swap_destructive,25000,6.328501718461039,6.6295317141250205,4.573619914778702,9.23323244370593,0
12003,6,1.0,hadamard_u,25000,3.9871521343737193,4.589212125701682,3.480581786829169,5.9787080697939,0
12003,8,1.0,loschmidt,25000,4.506592867378058,4.807622863042039,3.4935277388084205,6.422580641351788,0
12003,8,1.0,swap_ancilla,25000,8.710605435528112,9.011635431192094,6.551872070680481,12.097574886335263,0
12003,8,1.0,swap_destructive,25000,8.710605435528112,9.011635431192094,6.551872070680481,12.09757488633509,0
12003,8,1.0,hadamard_u,25000,5.17955322731944,5.7816132186474025,4.479891882820856,7.394635080490265,0
12003,10,1.0,loschmidt,25000,5.678342151948716,5.979372147612697,4.494502430338982,7.777117503979991,0
12003,10,1.0,swap_ancilla,25000,11.077878634294361,11.378908629958342,8.52314919261186,14.875621940788072,0
12003,10,1.0,swap_destructive,25000,11.077878634294361,11.378908629958342,8.52314919261186,14.875621940788085,0
12003,10,1.0,hadamard_u,25000,6.350822857609997,6.95288284893796,5.484425124903045,8.748176903238383,0
12003,12,1.0,loschmidt,25000,6.915047350334758,7.216077345998739,5.577282635893925,9.187926399026358,0
12003,12,1.0,swap_ancilla,25000,13.539440057782851,13.840470053446833,10.69447156774231,17.66619390712227,0
12003,12,1.0,swap_destructive,25000,13.539440057782869,13.84047005344685,10.69447156774231,17.66619390712239,0
12003,12,1.0,hadamard_u,25000,7.5894557318195535,8.191515723147516,6.566484150852236,10.164342126284776,0
12003,14,1.0,loschmidt,25000,8.131182272433662,8.432212268097643,6.597476502452836,10.498087259134412,0
12003,14,1.0,swap_ancilla,25000,15.931209595905106,16.232239591569087,12.701582288843165,20.252989768954503,0
12003,14,1.0,swap_destructive,25000,15.93120959590511,16.23223959156909,12.701582288843165,20.25298976895451,0
12003,14,1.0,hadamard_u,25000,8.805362455286694,9.407422446614657,7.584996219883363,11.46488097429627,0
12003,16,1.0,loschmidt,25000,9.279197167816296,9.580227163480277,7.628243210067073,11.83024545993013,0
12003,16,1.0,swap_ancilla,25000,18.276832000873206,18.577861996537187,14.762301897850927,22.976846165219328,0
12003,16,1.0,swap_destructive,25000,18.276832000873213,18.577861996537194,14.762301897850929,22.976846165219342,0
12003,16,1.0,hadamard_u,25000,9.958295104670448,10.56035509599841,8.612580103454825,12.804795587791663,0
12003,18,1.0,loschmidt,25000,10.519059557302281,10.820089552966262,8.761678448331134,13.196384859858018,0
12003,18,1.0,swap_ancilla,25000,20.751291901942245,21.052321897606227,16.987794733498383,25.75548245389808,0
12003,18,1.0,swap_destructive,25000,20.751291901942267,21.052321897606248,16.98779473349842,25.755482453898104,0
12003,18,1.0,hadamard_u,25000,11.194692550057809,11.796752541385771,9.74695462006796,14.170485275161175,0
12003,20,1.0,loschmidt,25000,11.793531938529926,12.094561934193907,9.89460695934881,14.599059296759808,0
12003,20,1.0,swap_ancilla,25000,23.308614285370453,23.609644281034434,19.26255032952976,28.52202685590002,0
12003,20,1.0,swap_destructive,25000,23.308614285370446,23.609644281034427,19.262550329529766,28.522026855899774,0
12003,20,1.0,hadamard_u,25000,12.466474718192051,13.068534709520014,10.875733899104853,15.572042717935481,0
12004,2,1.0,loschmidt,25000,0.7781512503836436,1.0791812460476249,0.6020599913279624,1.9344984512435677,0
12004,2,1.0,swap_ancilla,25000,1.5563025007672873,1.8573324964312685,1.0791812460476249,3.117436930501734,0
12004,2,1.0,swap_destructive,25000,1.5563025007672873,1.8573324964312685,1.0791812460476249,3.117436930501734,0
12004,2,1.0,hadamard_u,25000,1.4471580313422192,2.0492180226701815,1.5051499783199058,2.8898617212581885,0
12004,4,1.0,loschmidt,25000,2.0681858617461617,2.369215857410143,1.505149978319906,3.5321170600830785,0
12004,4,1.0,swap_ancilla,25000,3.8932900416529366,4.194320037316917,2.714329759745233,6.26337801860042,0
12004,4,1.0,swap_destructive,25000,3.8932900416529366,4.194320037316917,2.714329759745233,6.26337801860042,0
12004,4,1.0,hadamard_u,25000,2.7427251313046983,3.344785122632661,2.494154594018443,4.4926067522001425,0
12004,6,1.0,loschmidt,25000,3.3109056293761414,3.6119356250401227,2.496929648073215,4.989890103159123,0
12004,6,1.0,swap_ancilla,25000,6.344525391049313,6.645555386713294,4.605612064017365,9.201431008106994,0
12004,6,1.0,swap_destructive,25000,6.344525391049313,6.645555386713294,4.605612064017365,9.201431008106994,0
12004,6,1.0,hadamard_u,25000,3.985897784081631,4.587957775409594,3.485153349903652,5.953708957446015,0
12004,8,1.0,loschmidt,25000,4.480567424764217,4.781597420428199,3.5018121009210015,6.390491933671921,0
12004,8,1.0,swap_ancilla,25000,8.666690863912788,8.967720859576769,6.554936972824076,12.055161675638221,0
12004,8,1.0,swap_destructive,25000,8.666690863912788,8.967720859576769,6.554936972824076,12.055161675638221,0
12004,8,1.0,hadamard_u,25000,5.157453744116307,5.759513735444269,4.487435342106511,7.3554806364398795,0
12004,10,1.0,loschmidt,25000,5.710933941709293,6.011963937373274,4.523642422372058,7.789577857080468,0
12004,10,1.0,swap_ancilla,25000,11.125002143985672,11.426032139649653,8.584205349618635,14.858761114755033,0
12004,10,1.0,swap_destructive,25000,11.125002143985672,11.426032139649653,8.584205349618635,14.858761114755048,0
12004,10,1.0,hadamard_u,25000,6.385583124439796,6.987643115767758,5.508063520842211,8.752712532539256,0
12004,12,1.0,loschmidt,25000,6.897700450154195,7.1987304458181764,5.536711806133437,9.133184717252094,0
12004,12,1.0,swap_ancilla,25000,13.50088379630219,13.801913791966172,10.579885944511117,17.543486278852743,0
12004,12,1.0,swap_destructive,25000,13.500883796302196,13.801913791966177,10.579885944511117,17.54348627885271,0
12004,12,1.0,hadamard_u,25000,7.5725710152667185,8.17463100659468,6.519354598299054,10.10149739065059,0
12004,14,1.0,loschmidt,25000,8.099792635218453,8.400822630882434,6.581640912782437,10.511194335790144,0
12004,14,1.0,swap_ancilla,25000,15.928290080789541,16.22932007645352,12.667835326082889,20.329907699042096,0
12004,14,1.0,swap_destructive,25000,15.928290080789544,16.229320076453526,12.667835326082889,20.329907699042206,0
12004,14,1.0,hadamard_u,25000,8.776130381013205,9.378190372341168,7.5672391593430195,11.484090757860216,0
12004,16,1.0,loschmidt,25000,9.332520740077111,9.633550735741093,7.721931946665715,11.827189901005271,0
12004,16,1.0,swap_ancilla,25000,18.39953643884184,18.70056643450582,14.950919681649168,22.933136270398123,0
12004,16,1.0,swap_destructive,25000,18.399536438841842,18.700566434505824,14.950919681649175,22.93313627039816,0
12004,16,1.0,hadamard_u,25000,10.011727216228032,10.613787207555994,8.70884741020959,12.800103957005597,0
12004,18,1.0,loschmidt,25000,10.558216211335512,10.859246206999494,8.744191539432446,13.209480733289736,0
12004,18,1.0,swap_ancilla,25000,20.79268458991333,21.09371458557731,16.99065586487272,25.732962362331488,0
12004,18,1.0,swap_destructive,25000,20.792684589913332,21.093714585577313,16.990655864872725,25.732962362331453,0
12004,18,1.0,hadamard_u,25000,11.23168286440687,11.833742855734833,9.728474948084362,14.181478515384686,0
12004,20,1.0,loschmidt,25000,11.721665423715958,12.02269541937994,9.82038326300616,14.502330659678917,0
12004,20,1.0,swap_ancilla,25000,23.150602116578483,23.451632112242464,19.121532041804652,28.315196178889295,0
12004,20,1.0,swap_destructive,25000,23.150602116578526,23.451632112242507,19.121532041804677,28.31519617888929,0
12004,20,1.0,hadamard_u,25000,12.403324257173612,13.005384248501574,10.802633827155294,15.473860487099351,0
12005,2,1.0,loschmidt,25000,0.7781512503836436,1.0791812460476249,0.6020599913279624,1.9344984512435677,0
12005,2,1.0,swap_ancilla,25000,1.568201724066995,1.8692317197309762,1.0791812460476249,3.1283992687178066,0
12005,2,1.0,swap_destructive,25000,1.568201724066995,1.8692317197309762,1.0791812460476249,3.1283992687178066,0
12005,2,1.0,hadamard_u,25000,1.4471580313422192,2.0492180226701815,1.5051499783199058,2.8876173003357364,0
12005,4,1.0,loschmidt,25000,2.073714484349328,2.3747444800133093,1.505149978319906,3.5340895808433714,0
12005,4,1.0,swap_ancilla,25000,3.9223880542564045,4.223418049920385,2.714329759745233,6.277197990286476,0
12005,4,1.0,swap_destructive,25000,3.9223880542564045,4.223418049920385,2.714329759745233,6.277197990286476,0
12005,4,1.0,hadamard_u,25000,2.749736315569061,3.3517963068970236,2.4885507165004443,4.498227799513707,0
12005,6,1.0,loschmidt,25000,3.3267453313412805,3.6277753270052617,2.4913616938342726,5.018546541303631,0
12005,6,1.0,swap_ancilla,25000,6.365347181746602,6.666377177410583,4.543863174037937,9.267186537986042,0
12005,6,1.0,swap_destructive,25000,6.365347181746602,6.666377177410583,4.543863174037937,9.267186537986042,0
12005,6,1.0,hadamard_u,25000,4.002338861558174,4.604398852886137,3.476396754068678,5.989070525153976,0
12005,8,1.0,loschmidt,25000,4.505353488999591,4.806383484663573,3.496583717941289,6.408508004293369,0
12005,8,1.0,swap_ancilla,25000,8.705662574281408,9.00669256994539,6.562701237284971,12.103897246457096,0
12005,8,1.0,swap_destructive,25000,8.705662574281408,9.00669256994539,6.562701237284971,12.103897246457096,0
12005,8,1.0,hadamard_u,25000,5.17976716023805,5.781827151566013,4.480969376042819,7.375747033058382,0
12005,10,1.0,loschmidt,25000,5.719392610872987,6.020422606536968,4.5254465004356135,7.791916260829686,0
12005,10,1.0,swap_ancilla,25000,11.142221949906325,11.443251945570307,8.618969691805704,14.827726166650441,0
12005,10,1.0,swap_destructive,25000,11.142221949906325,11.443251945570307,8.618969691805704,14.82772616665045,0
12005,10,1.0,hadamard_u,25000,6.394202853286005,6.996262844613968,5.512091764328883,8.766100665787366,0
12005,12,1.0,loschmidt,25000,6.912021682462495,7.213051678126476,5.539089165940447,9.152667469196,0
12005,12,1.0,swap_ancilla,25000,13.521164389404241,13.822194385068222,10.599947824669933,17.582948578681876,0
12005,12,1.0,swap_destructive,25000,13.521164389404273,13.822194385068254,10.599947824669933,17.582948578681872,0
12005,12,1.0,hadamard_u,25000,7.580323568809948,8.182383560137911,6.52284599575323,10.12146182329602,0
12005,14,1.0,loschmidt,25000,8.123214046968307,8.424244042632289,6.603352747399116,10.507155826375723,0
12005,14,1.0,swap_ancilla,25000,15.960561613134004,16.261591608797985,12.716648649782043,20.333361925421535,0
12005,14,1.0,swap_destructive,25000,15.960561613134937,16.261591608798916,12.716648649782043,20.333361925421535,0
12005,14,1.0,hadamard_u,25000,8.796761290514592,9.398821281842554,7.589671992937338,11.48582283901177,0
12005,16,1.0,loschmidt,25000,9.337178911504289,9.63820890716827,7.679901809860702,11.862997843192598,0
12005,16,1.0,swap_ancilla,25000,18.373501176637824,18.674531172301805,14.836085066198546,23.001535493804177,0
12005,16,1.0,swap_destructive,25000,18.37350117663783,18.674531172301812,14.83608506619855,23.00153549380419,0
12005,16,1.0,hadamard_u,25000,10.009549537987727,10.61160952931569,8.658180331836348,12.8335757458584,0
12005,18,1.0,loschmidt,25000,10.540354526028239,10.84138452169222,8.771195351788773,13.186205385587193,0
12005,18,1.0,swap_ancilla,25000,20.778789933601175,21.079819929265156,17.044793216740008,25.664162929585068,0
12005,18,1.0,swap_destructive,25000,20.77878993360118,21.07981992926516,17.04479321674001,25.664162929585324,0
12005,18,1.0,hadamard_u,25000,11.220460946055518,11.82252093738348,9.753007220337205,14.1583972355476,0
12005,20,1.0,loschmidt,25000,11.733415210305527,12.034445205969508,9.832809101827294,14.495288329680351,0
12005,20,1.0,swap_ancilla,25000,23.13035117494214,23.431381170606123,19.115924459705923,28.337457464391207,0
12005,20,1.0,swap_destructive,25000,23.130351174942156,23.431381170606137,19.115924459705923,28.337457464391164,0
12005,20,1.0,hadamard_u,25000,12.406068773313503,13.008128764641466,10.816286549017097,15.47428949234775,0
12006,2,1.0,loschmidt,25000,0.7781512503836436,1.0791812460476249,0.6020599913279624,1.9344984512435677,0
12006,2,1.0,swap_ancilla,25000,1.5314789170422551,1.8325089127062364,1.0791812460476249,3.1065308538223815,0
12006,2,1.0,swap_destructive,25000,1.5314789170422551,1.8325089127062364,1.0791812460476249,3.1065308538223815,0
12006,2,1.0,hadamard_u,25000,1.4313637641589874,2.03342375548695,1.5051499783199058,2.8898617212581885,0
12006,4,1.0,loschmidt,25000,2.0718820073061255,2.3729120029701067,1.4771212547196626,3.5281450782531065,0
12006,4,1.0,swap_ancilla,25000,3.917820478823302,4.218850474487283,2.6954816764901977,6.214600542504585,0
12006,4,1.0,swap_destructive,25000,3.917820478823302,4.218850474487283,2.6954816764901977,6.214600542504585,0
12006,4,1.0,hadamard_u,25000,2.751279103983342,3.3533390953113047,2.482873583608754,4.487378797027566,0
12006,6,1.0,loschmidt,25000,3.3073890424732797,3.608419038137261,2.4885507165004443,5.007559935840491,0
12006,6,1.0,swap_ancilla,25000,6.331521838910222,6.632551834574203,4.578375573492751,9.244079472388332,0
12006,6,1.0,swap_destructive,25000,6.331521838910222,6.632551834574203,4.578375573492751,9.244079472388332,0
12006,6,1.0,hadamard_u,25000,3.985179385171108,4.58723937649907,3.474798818800631,5.9752198939385055,0
12006,8,1.0,loschmidt,25000,4.479359332806972,4.780389328470953,3.469527479187014,6.404521718054586,0
12006,8,1.0,swap_ancilla,25000,8.687437562769668,8.98846755843365,6.50731552926484,12.052702404320792,0
12006,8,1.0,swap_destructive,25000,8.687437562769668,8.98846755843365,6.50731552926484,12.052702404320792,0
12006,8,1.0,hadamard_u,25000,5.156633897936622,5.758693889264585,4.458516981894247,7.378165990192718,0
12006,10,1.0,loschmidt,25000,5.713393025644336,6.014423021308318,4.529205704170706,7.846062741377235,0
12006,10,1.0,swap_ancilla,25000,11.130466651018182,11.431496646682163,8.591788624217404,14.933834373744666,0
12006,10,1.0,swap_destructive,25000,11.130466651018182,11.431496646682163,8.591788624217404,14.933834373744663,0
12006,10,1.0,hadamard_u,25000,6.38748605480767,6.989546046135633,5.509022313018138,8.81330556233372,0
12006,12,1.0,loschmidt,25000,6.895393646831554,7.196423642495535,5.544618605655684,9.149675595405604,0
12006,12,1.0,swap_ancilla,25000,13.511543139672975,13.812573135336956,10.59925641779749,17.578442593343816,0
12006,12,1.0,swap_destructive,25000,13.511543139672975,13.812573135336956,10.59925641779749,17.578442593343826,0
12006,12,1.0,hadamard_u,25000,7.569034748544149,8.17109473987211,6.52301645857636,10.121530151033923,0
12006,14,1.0,loschmidt,25000,8.130743134718704,8.431773130382686,6.639031875614363,10.558190399866316,0
12006,14,1.0,swap_ancilla,25000,15.954750764931223,16.2557807605952,12.781519885130324,20.384282905928075,0
12006,14,1.0,swap_destructive,25000,15.954750764931227,16.255780760595208,12.781519885130324,20.384282905928938,0
12006,14,1.0,hadamard_u,25000,8.808219693591443,9.410279684919406,7.621721445230678,11.530152715336852,0
12006,16,1.0,loschmidt,25000,9.361688885383352,9.662718881047333,7.679269278766903,11.899807750547225,0
12006,16,1.0,swap_ancilla,25000,18.455541706374312,18.756571702038293,14.872891253196052,23.051490541220574,0
12006,16,1.0,swap_destructive,25000,18.45554170637433,18.75657170203831,14.872891253196055,23.051490541220584,0
12006,16,1.0,hadamard_u,25000,10.04116829155322,10.643228282881182,8.668879498696393,12.857246682041815,0
12006,18,1.0,loschmidt,25000,10.49936339593049,10.800393391594472,8.699963038899782,13.187604020411765,0
12006,18,1.0,swap_ancilla,25000,20.699130864278477,21.000160859942458,16.896203081361392,25.6956206235903,0
12006,18,1.0,swap_destructive,25000,20.69913086427848,21.00016085994246,16.896203081361396,25.695620623590322,0
12006,18,1.0,hadamard_u,25000,11.169141359889021,11.771201351216984,9.683455522461651,14.15831215406119,0
12006,20,1.0,loschmidt,25000,11.709149159041257,12.010179154705238,9.799429955170268,14.549567116023487,0
12006,20,1.0,swap_ancilla,25000,23.09507422711421,23.39610422277819,19.076658553312612,28.340826268809092,0
12006,20,1.0,swap_destructive,25000,23.095074227114257,23.396104222778238,19.076658553312626,28.340826268808655,0
12006,20,1.0,hadamard_u,25000,12.392292306112198,12.99435229744016,10.781195931875224,15.52154515865256,0
12007,2,1.0,loschmidt,25000,0.7781512503836436,1.0791812460476249,0.6020599913279624,1.9242792860618818,0
12007,2,1.0,swap_ancilla,25000,1.5440680443502757,1.845098040014257,1.0791812460476249,3.1051694279993316,0
12007,2,1.0,swap_destructive,25000,1.5440680443502757,1.845098040014257,1.0791812460476249,3.1051694279993316,0
12007,2,1.0,hadamard_u,25000,1.4471580313422192,2.0492180226701815,1.5051499783199058,2.878521795501207,0
12007,4,1.0,loschmidt,25000,2.060697840353612,2.361727836017593,1.505149978319906,3.513750150081824,0
12007,4,1.0,swap_ancilla,25000,3.8952843817761273,4.196314377440109,2.6972293427597176,6.259092043633333,0
12007,4,1.0,swap_destructive,25000,3.8952843817761273,4.196314377440109,2.6972293427597176,6.259092043633333,0
12007,4,1.0,hadamard_u,25000,2.73559889969818,3.3376588910261424,2.4885507165004443,4.479071160664493,0
12007,6,1.0,loschmidt,25000,3.2782962080912736,3.579326203755255,2.4771212547196626,4.998790979760782,0
12007,6,1.0,swap_ancilla,25000,6.2722101954392215,6.573240191103203,4.551358492552663,9.214680082632224,0
12007,6,1.0,swap_destructive,25000,6.2722101954392215,6.573240191103203,4.551358492552663,9.214680082632224,0
12007,6,1.0,hadamard_u,25000,3.953807997665307,4.55586798899327,3.4658287390764717,5.964209169614533,0
12007,8,1.0,loschmidt,25000,4.48522438129839,4.786254376962371,3.5023588132061647,6.408681655381503,0
12007,8,1.0,swap_ancilla,25000,8.704277152736001,9.005307148399982,6.534661843711729,12.073147040286697,0
12007,8,1.0,swap_destructive,25000,8.704277152736001,9.005307148399982,6.534661843711729,12.073147040286697,0
12007,8,1.0,hadamard_u,25000,5.159661921070949,5.761721912398912,4.4897335437824095,7.3754928790292995,0
12007,10,1.0,loschmidt,25000,5.711682365571148,6.012712361235129,4.500421733880075,7.793317891198088,0
12007,10,1.0,swap_ancilla,25000,11.127206887537579,11.42823688320156,8.541482071828556,14.827489258786695,0
12007,10,1.0,swap_destructive,25000,11.127206887537579,11.42823688320156,8.541482071828556,14.827489258786699,0
12007,10,1.0,hadamard_u,25000,6.388448110163043,6.990508101491005,5.488743826102597,8.75067635457552,0
12007,12,1.0,loschmidt,25000,6.886654795388532,7.187684791052513,5.535031249641808,9.134400047192763,0
12007,12,1.0,swap_ancilla,25000,13.486217742367408,13.78724773803139,10.60401290297678,17.558691627733666,0
12007,12,1.0,swap_destructive,25000,13.486217742367408,13.78724773803139,10.60401290297678,17.558691627733673,0
12007,12,1.0,hadamard_u,25000,7.564613251126042,8.166673242454005,6.518051822733024,10.105369332143944,0
12007,14,1.0,loschmidt,25000,8.14789766080412,8.4489276564681,6.623274051701193,10.547633846592017,0
12007,14,1.0,swap_ancilla,25000,15.997123015954692,16.298153011618673,12.747682861262765,20.41031053748449,0
12007,14,1.0,swap_destructive,25000,15.997123015954772,16.29815301161875,12.747682861262765,20.410310537484605,0
12007,14,1.0,hadamard_u,25000,8.821997350340219,9.424057341668181,7.603485949338435,11.525026428576984,0
12007,16,1.0,loschmidt,25000,9.321798259173008,9.622828254836989,7.676073813940454,11.848101555353603,0
12007,16,1.0,swap_ancilla,25000,18.326592692554694,18.627622688218676,14.837761574581329,22.975857127041042,0
12007,16,1.0,swap_destructive,25000,18.326592692554694,18.627622688218676,14.83776157458135,22.975857127041046,0
12007,16,1.0,hadamard_u,25000,9.994780725615527,10.59684071694349,8.652153210840682,12.825092403133457,0
12007,18,1.0,loschmidt,25000,10.484170284490158,10.78520028015414,8.712487145883223,13.208796125065868,0
12007,18,1.0,swap_ancilla,25000,20.708049868798376,21.009079864462358,16.940512703905316,25.723478920965885,0
12007,18,1.0,swap_destructive,25000,20.70804986879834,21.009079864462322,16.94051270390531,25.72347892096591,0
12007,18,1.0,hadamard_u,25000,11.158369526288702,11.760429517616664,9.700253048554352,14.176640825204114,0
12007,20,1.0,loschmidt,25000,11.73672528823953,12.037755283903511,9.823805149839853,14.546337565497318,0
12007,20,1.0,swap_ancilla,25000,23.174148142849326,23.475178138513307,19.13271947561305,28.359819358712606,0
12007,20,1.0,swap_destructive,25000,23.17414814284939,23.47517813851337,19.132719475613058,28.359819358712564,0
12007,20,1.0,hadamard_u,25000,12.411497026057933,13.013557017385896,10.80759499377488,15.522191099195098,0
12008,2,1.0,loschmidt,25000,0.7781512503836436,1.0791812460476249,0.6020599913279624,1.9242792860618818,0
12008,2,1.0,swap_ancilla,25000,1.5563025007672873,1.8573324964312685,1.0791812460476249,3.103803720955957,0
12008,2,1.0,swap_destructive,25000,1.5563025007672873,1.8573324964312685,1.0791812460476249,3.103803720955957,0
12008,2,1.0,hadamard_u,25000,1.4471580313422192,2.0492180226701815,1.5051499783199058,2.878521795501207,0
12008,4,1.0,loschmidt,25000,2.0863598306747484,2.3873898263387296,1.4771212547196626,3.536621548426533,0
12008,4,1.0,swap_ancilla,25000,3.9092617571695807,4.210291752833562,2.690196080028514,6.283378462486185,0
12008,4,1.0,swap_destructive,25000,3.9092617571695807,4.210291752833562,2.690196080028514,6.283378462486185,0
12008,4,1.0,hadamard_u,25000,2.7611758131557314,3.363235804483694,2.4771212547196626,4.506085417004629,0
12008,6,1.0,loschmidt,25000,3.3078167082756256,3.608846703939607,2.48572142648158,5.007779702473266,0
12008,6,1.0,swap_ancilla,25000,6.346719843931247,6.647749839595228,4.565564488815447,9.268103669525491,0
12008,6,1.0,swap_destructive,25000,6.346719843931247,6.647749839595228,4.565564488815447,9.268103669525491,0
12008,6,1.0,hadamard_u,25000,3.9853141801642504,4.587374171492213,3.473632926873841,5.974678764157546,0
12008,8,1.0,loschmidt,25000,4.516793095325267,4.817823090989248,3.481729196960016,6.438353356004645,0
12008,8,1.0,swap_ancilla,25000,8.739130796483218,9.0401607921472,6.526547242545518,12.12100048405857,0
12008,8,1.0,swap_destructive,25000,8.739130796483218,9.0401607921472,6.526547242545518,12.12100048405857,0
12008,8,1.0,hadamard_u,25000,5.192068200622327,5.794128191950289,4.466986134311144,7.4070437801047575,0
12008,10,1.0,loschmidt,25000,5.741188641322132,6.042218636986113,4.520830560366507,7.8181509976699095,0
12008,10,1.0,swap_ancilla,25000,11.196162748812043,11.497192744476024,8.589146619319797,14.895650341191207,0
12008,10,1.0,swap_destructive,25000,11.196162748812043,11.497192744476024,8.589146619319797,14.89565034119125,0
12008,10,1.0,hadamard_u,25000,6.423154895817056,7.025214887145019,5.508302075538686,8.787352775823212,0
12008,12,1.0,loschmidt,25000,6.890779764334419,7.1918097599984,5.538356909330597,9.152099751489489,0
12008,12,1.0,swap_ancilla,25000,13.492333914632933,13.793363910296915,10.585617095899602,17.592259874550148,0
12008,12,1.0,swap_destructive,25000,13.492333914632933,13.793363910296915,10.585617095899602,17.592259874550447,0
12008,12,1.0,hadamard_u,25000,7.5704562803334206,8.172516271661383,6.524285489493991,10.121288572846579,0
12008,14,1.0,loschmidt,25000,8.109904349526456,8.410934345190437,6.594466339933082,10.52382418920256,0
12008,14,1.0,swap_ancilla,25000,15.928136005781166,16.229166001445144,12.695552296032782,20.337049707711987,0
12008,14,1.0,swap_destructive,25000,15.928136005781171,16.22916600144515,12.695552296032782,20.337049707711994,0
12008,14,1.0,hadamard_u,25000,8.786127744327505,9.388187735655467,7.575360430713436,11.494336217866314,0
12008,16,1.0,loschmidt,25000,9.329130744168644,9.630160739832625,7.664334203789073,11.858481401159601,0
12008,16,1.0,swap_ancilla,25000,18.343378615002962,18.644408610666943,14.829354529294074,22.980767294391338,0
12008,16,1.0,swap_destructive,25000,18.343378615002955,18.644408610666936,14.829354529294072,22.980767294391352,0
12008,16,1.0,hadamard_u,25000,10.00299134198782,10.605051333315782,8.647386649507652,12.821367617732003,0
12008,18,1.0,loschmidt,25000,10.545347852349419,10.8463778480134,8.756088230544067,13.226957854924237,0
12008,18,1.0,swap_ancilla,25000,20.803017189109703,21.104047184773684,17.030796970784724,25.761042175695405,0
12008,18,1.0,swap_destructive,25000,20.8030171891097,21.10404718477368,17.03079697078473,25.761042175695327,0
12008,18,1.0,hadamard_u,25000,11.221749196543307,11.82380918787127,9.741312944889597,14.198711499891296,0
12008,20,1.0,loschmidt,25000,11.719511504836838,12.02054150050082,9.789719525005468,14.494108671617655,0
12008,20,1.0,swap_ancilla,25000,23.154481858359688,23.45551185402367,19.089175776576177,28.31378135495583,0
12008,20,1.0,swap_destructive,25000,23.154481858359684,23.455511854023666,19.089175776576184,28.31378135495553,0
12008,20,1.0,hadamard_u,25000,12.395771374822761,12.997831366150724,10.774372294968941,15.467707241495258,0
12009,2,1.0,loschmidt,25000,0.7781512503836436,1.0791812460476249,0.6020599913279624,1.9344984512435677,0
12009,2,1.0,swap_ancilla,25000,1.5440680443502757,1.845098040014257,1.0791812460476249,3.1212314551496214,0
12009,2,1.0,swap_destructive,25000,1.5440680443502757,1.845098040014257,1.0791812460476249,3.1212314551496214,0
12009,2,1.0,hadamard_u,25000,1.4313637641589874,2.03342375548695,1.5051499783199058,2.885361220031512,0
12009,4,1.0,loschmidt,25000,2.0644579892269186,2.3654879848909,1.505149978319906,3.519302849235429,0
12009,4,1.0,swap_ancilla,25000,3.891286508143141,4.192316503807122,2.7226339225338125,6.252283220220723,0
12009,4,1.0,swap_destructive,25000,3.891286508143141,4.192316503807122,2.7226339225338125,6.252283220220723,0
12009,4,1.0,hadamard_u,25000,2.741151598851785,3.3432115901797474,2.505149978319906,4.482830722780818,0
12009,6,1.0,loschmidt,25000,3.317750016276314,3.618780011940295,2.494154594018443,5.032278198562699,0
12009,6,1.0,swap_ancilla,25000,6.3677568814321095,6.668786877096091,4.580280432643085,9.251827903419638,0
12009,6,1.0,swap_destructive,25000,6.3677568814321095,6.668786877096091,4.580280432643085,9.251827903419638,0
12009,6,1.0,hadamard_u,25000,3.9940970695064086,4.596157060834371,3.4794313371977363,5.994961726932205,0
12009,8,1.0,loschmidt,25000,4.507666999401413,4.808696995065394,3.4771212547196626,6.40021666908356,0
12009,8,1.0,swap_ancilla,25000,8.714193317679722,9.015223313343704,6.512809973441703,12.057634670074274,0
12009,8,1.0,swap_destructive,25000,8.714193317679722,9.015223313343704,6.512809973441703,12.057634670074464,0
12009,8,1.0,hadamard_u,25000,5.183584414005622,5.785644405333585,4.460987995223613,7.369337117404327,0
12009,10,1.0,loschmidt,25000,5.684484039126287,5.985514034790269,4.5061055368014395,7.797892289227515,0
12009,10,1.0,swap_ancilla,25000,11.090613099115066,11.391643094779047,8.534459491454523,14.876478090066291,0
12009,10,1.0,swap_destructive,25000,11.090613099115066,11.391643094779047,8.534459491454523,14.87647809006629,0
12009,10,1.0,hadamard_u,25000,6.3619449725098836,6.964004963837846,5.491046365643156,8.766693188183709,0
12009,12,1.0,loschmidt,25000,6.924724057683127,7.225754053347108,5.554333463921671,9.195670373933254,0
12009,12,1.0,swap_ancilla,25000,13.527627038261564,13.828657033925545,10.631601435685164,17.660459096691476,0
12009,12,1.0,swap_destructive,25000,13.52762703826157,13.828657033925552,10.631601435685164,17.66045909669149,0
12009,12,1.0,hadamard_u,25000,7.601035417121356,8.203095408449318,6.540839438411927,10.16914037949049,0
12009,14,1.0,loschmidt,25000,8.143359207528754,8.444389203192735,6.622288383086454,10.519806894560382,0
12009,14,1.0,swap_ancilla,25000,15.981747643324468,16.28277763898845,12.740335592977996,20.31490851421035,0
12009,14,1.0,swap_destructive,25000,15.981747643324479,16.28277763898846,12.740335592977996,20.314908514210394,0
12009,14,1.0,hadamard_u,25000,8.81589170437185,9.417951695699813,7.607999932869683,11.487914203599324,0
12009,16,1.0,loschmidt,25000,9.291777591586984,9.592807587250965,7.667935341197163,11.802217742733704,0
12009,16,1.0,swap_ancilla,25000,18.284560527237225,18.585590522901207,14.839034696292362,22.87859767274692,0
12009,16,1.0,swap_destructive,25000,18.284560527237588,18.58559052290157,14.83903469629237,22.878597672746874,0
12009,16,1.0,hadamard_u,25000,9.9677015361731,10.569761527501063,8.645846935638117,12.770158553085471,0
12009,18,1.0,loschmidt,25000,10.510927762461712,10.811957758125693,8.746353119416774,13.20372144252904,0
12009,18,1.0,swap_ancilla,25000,20.737440690167332,21.038470685831314,16.96825775241266,25.712235026304157,0
12009,18,1.0,swap_destructive,25000,20.737440690167343,21.038470685831324,16.968257752412665,25.71223502630741,0
12009,18,1.0,hadamard_u,25000,11.187839050585442,11.789899041913404,9.729446913939524,14.180768050472649,0
12009,20,1.0,loschmidt,25000,11.754534782766079,12.05556477843006,9.88723896352343,14.584105324467743,0
12009,20,1.0,swap_ancilla,25000,23.204156897666685,23.505186893330666,19.267890681109417,28.458867982428696,0
12009,20,1.0,swap_destructive,25000,23.20415689766665,23.50518689333063,19.267890681109414,28.458867982428703,0
12009,20,1.0,hadamard_u,25000,12.431432815008248,13.033492806336211,10.872039340207213,15.556736773165744,0
