seed,rho,estimator,fit_range,quantity,slope,intercept,r2,max_abs_residual,n_points,residuals
0,1.0,loschmidt,primary_2_20,median_log10_total_executions,0.6058736927253267,-0.068945362658693,0.9999444009296076,0.06362077674433553,10,-0.06362 0.02203 0.03750 0.01336 0.00824 0.00254 0.00107 -0.00248 0.00417 -0.02279
0,1.0,loschmidt,n_ge_8,median_log10_total_executions,0.6037022771070809,-0.03796035579085328,0.9999934790097519,0.012267194745312793,7,-0.00025 -0.00103 -0.00239 0.00048 0.00127 0.01227 -0.01034
0,1.0,swap_ancilla,primary_2_20,median_log10_total_executions,1.20251724374345,-0.5970978716780331,0.9999900194779676,0.04190363343264636,10,0.03716 -0.00496 -0.00021 -0.03043 -0.01840 -0.01529 -0.00019 0.00054 0.04190 -0.01013
0,1.0,swap_ancilla,n_ge_8,median_log10_total_executions,1.2060411673205973,-0.6510034028168415,0.9999888279159432,0.032378540182801174,7,-0.00472 0.00027 -0.00367 0.00438 -0.00194 0.03238 -0.02670
0,1.0,swap_destructive,primary_2_20,median_log10_total_executions,1.2025172437434455,-0.5970978716779982,0.9999900194779676,0.04190363343268899,10,0.03716 -0.00496 -0.00021 -0.03043 -0.01840 -0.01529 -0.00019 0.00054 0.04190 -0.01013
0,1.0,swap_destructive,n_ge_8,median_log10_total_executions,1.2060411673205882,-0.6510034028167342,0.9999888279159432,0.032378540182854465,7,-0.00472 0.00027 -0.00367 0.00438 -0.00194 0.03238 -0.02670
0,1.0,hadamard_u,primary_2_20,median_log10_total_executions,0.6066167148625053,0.8971532107012031,0.9999212308445677,0.07696288493926406,10,-0.07696 0.02740 0.03967 0.01691 0.01153 0.00699 0.00447 -0.00327 0.00184 -0.02857
0,1.0,hadamard_u,n_ge_8,median_log10_total_executions,0.603651091849733,0.9400845007825088,0.9999921841291789,0.012289068387071111,7,-0.00230 -0.00175 -0.00036 0.00305 0.00125 0.01229 -0.01219
0,2.0,loschmidt,primary_2_20,median_log10_total_executions,0.6069642218541753,0.517053994946618,0.9998988996818566,0.08752976216878117,10,-0.08753 0.03098 0.04691 0.02069 0.01339 0.00551 0.00186 -0.00387 0.00060 -0.02854
0,2.0,loschmidt,n_ge_8,median_log10_total_executions,0.603702571080311,0.5640947191034835,0.9999934789318272,0.012266819660796457,7,-0.00026 -0.00103 -0.00239 0.00048 0.00127 0.01227 -0.01034
0,2.0,swap_ancilla,primary_2_20,median_log10_total_executions,1.2026024367209684,0.0037123201620574264,0.9999904921767307,0.04161995932518181,10,0.03513 -0.00406 0.00053 -0.02986 -0.01800 -0.01506 -0.00013 0.00042 0.04162 -0.01058
0,2.0,swap_ancilla,n_ge_8,median_log10_total_executions,1.2060411673561706,-0.048943412081869635,0.9999888279159055,0.03237854013547192,7,-0.00472 0.00027 -0.00367 0.00438 -0.00194 0.03238 -0.02670
0,2.0,swap_destructive,primary_2_20,median_log10_total_executions,1.202602436720964,0.0037123201620911303,0.9999904921767307,0.041619959325227995,10,0.03513 -0.00406 0.00053 -0.02986 -0.01800 -0.01506 -0.00013 0.00042 0.04162 -0.01058
0,2.0,swap_destructive,n_ge_8,median_log10_total_executions,1.2060411673561613,-0.04894341208175818,0.9999888279159055,0.03237854013552521,7,-0.00472 0.00027 -0.00367 0.00438 -0.00194 0.03238 -0.02670
0,2.0,hadamard_u,primary_2_20,median_log10_total_executions,0.6071390665909212,1.4416624693996476,0.9998938057530375,0.09009278390797215,10,-0.09009 0.03178 0.04552 0.02095 0.01595 0.00737 0.00310 -0.00263 -0.00105 -0.03091
0,2.0,hadamard_u,n_ge_8,median_log10_total_executions,0.6035752165444217,1.4933840197069075,0.9999932652880231,0.011379657042215996,7,-0.00226 -0.00013 -0.00158 0.00127 0.00267 0.01138 -0.01135
12000,1.0,loschmidt,primary_2_20,median_log10_total_executions,0.6064182091613514,-0.07149914849140808,0.9999139347249972,0.0621560237836698,10,-0.06216 0.02964 0.03134 0.01016 0.01130 -0.03000 0.00597 0.04050 0.00651 -0.04326
12000,1.0,loschmidt,n_ge_8,median_log10_total_executions,0.6046439709470736,-0.04649242169656311,0.999893329767593,0.04388340247499478,7,-0.00066 0.00404 -0.03371 0.00580 0.04388 0.01344 -0.03279
12000,1.0,swap_ancilla,primary_2_20,median_log10_total_executions,1.2036673886530942,-0.6015226769793747,0.9999697758000542,0.07195758873168145,10,0.01373 0.00278 -0.00189 -0.01249 0.00349 -0.07196 0.01355 0.06663 0.03882 -0.05267
12000,1.0,swap_ancilla,n_ge_8,median_log10_total_executions,1.2052516901092978,-0.625791320945276,0.9999143293416107,0.06670056224022325,7,-0.00090 0.01192 -0.06670 0.01564 0.06555 0.03458 -0.06009
12000,1.0,swap_destructive,primary_2_20,median_log10_total_executions,1.2036673886530953,-0.6015226769793792,0.9999697758000542,0.07195758873168323,10,0.01373 0.00278 -0.00189 -0.01249 0.00349 -0.07196 0.01355 0.06663 0.03882 -0.05267
12000,1.0,swap_destructive,n_ge_8,median_log10_total_executions,1.205251690109298,-0.6257913209452707,0.9999143293416107,0.06670056224022325,7,-0.00090 0.01192 -0.06670 0.01564 0.06555 0.03458 -0.06009
12000,1.0,hadamard_u,primary_2_20,median_log10_total_executions,0.6076060854439391,0.8894126418577695,0.9998644618052336,0.08759147344686768,10,-0.08759 0.03734 0.04207 0.01789 0.01865 -0.02944 0.01114 0.03875 0.00135 -0.05016
12000,1.0,hadamard_u,n_ge_8,median_log10_total_executions,0.604560134974078,0.9332247182039694,0.9998869108958165,0.04367639186198069,7,-0.00155 0.00530 -0.03670 0.00997 0.04368 0.01236 -0.03306
12001,1.0,loschmidt,primary_2_20,median_log10_total_executions,0.6047318820342957,-0.0559919635124984,0.9998983379173045,0.07429055450846822,10,-0.07429 0.02088 0.03075 0.02136 0.03304 0.01529 -0.02773 0.02945 -0.04391 -0.00485
12001,1.0,loschmidt,n_ge_8,median_log10_total_executions,0.6008325223099295,0.0018370310894641711,0.999911135417627,0.03401561524231056,7,-0.00527 0.01420 0.00426 -0.03096 0.03402 -0.03155 0.01531
12001,1.0,swap_ancilla,primary_2_20,median_log10_total_executions,1.200228758092594,-0.5602750277107126,0.9999793624891229,0.05413036469389709,10,0.01715 -0.00062 -0.01226 -0.01017 0.00529 0.01589 -0.04709 0.05139 -0.05413 0.03454
12001,1.0,swap_ancilla,n_ge_8,median_log10_total_executions,1.201135955030217,-0.5735871505697439,0.9999426256011195,0.057147786712079096,7,-0.00412 0.00953 0.01832 -0.04648 0.05019 -0.05715 0.02971
12001,1.0,swap_destructive,primary_2_20,median_log10_total_executions,1.2002287580926099,-0.5602750277108125,0.999979362489123,0.05413036469333932,10,0.01715 -0.00062 -0.01226 -0.01017 0.00529 0.01589 -0.04709 0.05139 -0.05413 0.03454
12001,1.0,swap_destructive,n_ge_8,median_log10_total_executions,1.2011359550302436,-0.5735871505700071,0.99994262560112,0.057147786711553294,7,-0.00412 0.00953 0.01832 -0.04648 0.05019 -0.05715 0.02971
12001,1.0,hadamard_u,primary_2_20,median_log10_total_executions,0.6049532227157316,0.9177973838751406,0.9998881712817881,0.07848580663642224,10,-0.07849 0.02449 0.03133 0.02560 0.03129 0.01533 -0.03370 0.03133 -0.04183 -0.00536
12001,1.0,hadamard_u,n_ge_8,median_log10_total_executions,0.6009688354168427,0.97681626877785,0.999903246143144,0.03693451694019956,7,-0.00154 0.01211 0.00413 -0.03693 0.03607 -0.02913 0.01531
12002,1.0,loschmidt,primary_2_20,median_log10_total_executions,0.6058818394210923,-0.06943836645088239,0.9999127539537495,0.06314406634367731,10,-0.06314 0.00574 0.05428 -0.00310 -0.00182 0.04491 0.01735 -0.01514 -0.03136 -0.00773
12002,1.0,loschmidt,n_ge_8,median_log10_total_executions,0.6035064946551068,-0.03573805670981858,0.9999272026748344,0.03971327042117245,7,-0.01780 -0.01176 0.03971 0.01690 -0.01083 -0.02230 0.00608
12002,1.0,swap_ancilla,primary_2_20,median_log10_total_executions,1.2025636695107569,-0.6014350297409459,0.9999650601981604,0.06613884564145067,10,0.04141 -0.02407 0.02397 -0.06614 -0.04180 0.06159 0.03300 -0.02765 -0.03207 0.03177
12002,1.0,swap_ancilla,n_ge_8,median_log10_total_executions,1.2065625878680302,-0.6633198671213228,0.9999278055364303,0.07548884340527806,7,-0.03625 -0.01991 0.07549 0.03890 -0.02974 -0.04217 0.01367
12002,1.0,swap_destructive,primary_2_20,median_log10_total_executions,1.2025636695107575,-0.6014350297409481,0.9999650601981604,0.06613884564145422,10,0.04141 -0.02407 0.02397 -0.06614 -0.04180 0.06159 0.03300 -0.02765 -0.03207 0.03177
12002,1.0,swap_destructive,n_ge_8,median_log10_total_executions,1.206562587868031,-0.6633198671213323,0.9999278055364303,0.07548884340528161,7,-0.03625 -0.01991 0.07549 0.03890 -0.02974 -0.04217 0.01367
12002,1.0,hadamard_u,primary_2_20,median_log10_total_executions,0.606335970521892,0.9009924229590595,0.9999142865580937,0.06444634133266192,10,-0.06445 0.01132 0.05186 -0.00358 -0.00233 0.04065 0.01991 -0.01463 -0.03348 -0.00527
12002,1.0,hadamard_u,n_ge_8,median_log10_total_executions,0.6041459266068361,0.9318341935754612,0.999929262652221,0.03608493267532076,7,-0.01690 -0.01127 0.03608 0.01973 -0.01044 -0.02490 0.00769
12003,1.0,loschmidt,primary_2_20,median_log10_total_executions,0.6064097987657511,-0.06970216451674462,0.9998954278549891,0.06393618696713266,10,-0.06394 0.03500 0.03902 0.02605 -0.01502 0.00886 0.01218 -0.05263 -0.02558 0.03607
12003,1.0,loschmidt,n_ge_8,median_log10_total_executions,0.6054714614579333,-0.05800570678369875,0.9998601477678845,0.04931051306295764,7,0.02186 -0.01734 0.00843 0.01362 -0.04931 -0.02039 0.04314
12003,1.0,swap_ancilla,primary_2_20,median_log10_total_executions,1.204683858887594,-0.6110127186321148,0.9999367097638232,0.1269798219146665,10,0.03415 0.03225 0.01244 -0.01482 -0.05692 -0.00472 -0.02232 -0.08607 -0.02097 0.12698
12003,1.0,swap_ancilla,n_ge_8,median_log10_total_executions,1.2121115183555915,-0.7262638453576726,0.9998731016555527,0.09367775928027555,7,0.04101 -0.01594 0.02140 -0.01106 -0.08966 -0.03942 0.09368
12003,1.0,swap_destructive,primary_2_20,median_log10_total_executions,1.2046838588875948,-0.6110127186321148,0.9999367097638232,0.12697982191464519,10,0.03415 0.03225 0.01244 -0.01482 -0.05692 -0.00472 -0.02232 -0.08607 -0.02097 0.12698
12003,1.0,swap_destructive,n_ge_8,median_log10_total_executions,1.2121115183555915,-0.7262638453576699,0.9998731016555527,0.09367775928026845,7,0.04101 -0.01594 0.02140 -0.01106 -0.08966 -0.03942 0.09368
12003,1.0,hadamard_u,primary_2_20,median_log10_total_executions,0.6069264603530619,0.8988274665043893,0.9998704525458916,0.07925663172356323,10,-0.07926 0.04194 0.04883 0.02737 -0.01521 0.00957 0.01162 -0.04930 -0.02675 0.03118
12003,1.0,hadamard_u,n_ge_8,median_log10_total_executions,0.6056668433993632,0.9148179901591654,0.9998751889211264,0.045132388550564784,7,0.02146 -0.01860 0.00870 0.01327 -0.04513 -0.02007 0.04038
12004,1.0,loschmidt,primary_2_20,median_log10_total_executions,0.6062859324255416,-0.07225130416890946,0.9999325163487219,0.061139314634548914,10,-0.06114 0.01632 0.04647 0.00356 0.02136 -0.00445 -0.01493 0.00523 0.01835 -0.03077
12004,1.0,loschmidt,n_ge_8,median_log10_total_executions,0.6045121218934031,-0.047654449847268514,0.9999592080849589,0.025682462765505676,7,-0.00685 0.01450 -0.00776 -0.01469 0.00901 0.02568 -0.01989
12004,1.0,swap_ancilla,primary_2_20,median_log10_total_executions,1.2032733118849483,-0.5991956386911167,0.9999739366918127,0.059269996811702086,10,0.04998 -0.01958 0.02511 -0.05927 -0.00751 -0.03817 -0.01731 0.04739 0.03399 -0.01464
12004,1.0,swap_ancilla,n_ge_8,median_log10_total_executions,1.2086741302212864,-0.6827378231020433,0.9999680117798545,0.044518174067281535,7,-0.01893 0.02203 -0.01944 -0.00938 0.04452 0.02032 -0.03911
12004,1.0,swap_destructive,primary_2_20,median_log10_total_executions,1.2032733118849495,-0.5991956386911257,0.9999739366918127,0.05926999681170031,10,0.04998 -0.01958 0.02511 -0.05927 -0.00751 -0.03817 -0.01731 0.04739 0.03399 -0.01464
12004,1.0,swap_destructive,n_ge_8,median_log10_total_executions,1.2086741302212884,-0.6827378231020662,0.9999680117798545,0.04451817406727443,7,-0.01893 0.02203 -0.01944 -0.00938 0.04452 0.02032 -0.03911
12004,1.0,hadamard_u,primary_2_20,median_log10_total_executions,0.6066677731104465,0.9001398420503552,0.9999300545057523,0.06425736560106676,10,-0.06426 0.01797 0.04781 0.00603 0.02083 -0.00552 -0.01530 0.00696 0.01358 -0.02811
12004,1.0,hadamard_u,n_ge_8,median_log10_total_executions,0.6048029860726317,0.9260285581174836,0.9999666086572312,0.02126054830997859,7,-0.00494 0.01358 -0.00903 -0.01508 0.01091 0.02126 -0.01670
12005,1.0,loschmidt,primary_2_20,median_log10_total_executions,0.6059461653859395,-0.05942366925978535,0.9999211424693915,0.07328741546446871,10,-0.07329 0.01038 0.05152 0.01824 0.02038 0.00112 0.00042 0.00249 -0.00622 -0.02505
12005,1.0,loschmidt,n_ge_8,median_log10_total_executions,0.6027011825583944,-0.012367920561903993,0.9999944844162436,0.007357906795862235,7,-0.00286 0.00578 -0.00699 -0.00120 0.00736 0.00513 -0.00721
12005,1.0,swap_ancilla,primary_2_20,median_log10_total_executions,1.2007229325569744,-0.5601032852650286,0.9999878258729382,0.038987605245376145,10,0.02789 -0.01937 0.02214 -0.03899 -0.00387 -0.02638 0.01157 0.02307 0.02691 -0.02297
12005,1.0,swap_ancilla,n_ge_8,median_log10_total_executions,1.203563188510812,-0.604247098929222,0.9999808246675651,0.035635500680896826,7,-0.01757 0.01187 -0.01632 0.01595 0.02177 0.01993 -0.03564
12005,1.0,swap_destructive,primary_2_20,median_log10_total_executions,1.2007229325569835,-0.560103285265032,0.9999878258729382,0.03898760524544542,10,0.02789 -0.01937 0.02214 -0.03899 -0.00387 -0.02638 0.01157 0.02307 0.02691 -0.02297
12005,1.0,swap_destructive,n_ge_8,median_log10_total_executions,1.203563188510812,-0.6042470989290797,0.999980824667565,0.03563550068102472,7,-0.01757 0.01187 -0.01632 0.01595 0.02177 0.01993 -0.03564
12005,1.0,hadamard_u,primary_2_20,median_log10_total_executions,0.6060558350898427,0.9140825392071701,0.9999124420393024,0.07697618671667383,10,-0.07698 0.01349 0.05398 0.01930 0.02162 -0.00437 -0.00004 0.00063 -0.00057 -0.02707
12005,1.0,hadamard_u,n_ge_8,median_log10_total_executions,0.6028686963204134,0.9600602614429418,0.9999891429313335,0.012101057149992656,7,-0.00118 0.00752 -0.01210 -0.00140 0.00565 0.01082 -0.00931
12006,1.0,loschmidt,primary_2_20,median_log10_total_executions,0.605390915575036,-0.06361878760944506,0.9999067658445284,0.06798179749300215,10,-0.06798 0.01497 0.03969 0.00088 0.02413 -0.00465 0.01992 0.04008 -0.03302 -0.03402
12006,1.0,loschmidt,n_ge_8,median_log10_total_executions,0.602278668889767,-0.01814414302751721,0.9999078038537806,0.04440432183857723,7,-0.01970 0.00978 -0.01278 0.01802 0.04440 -0.02248 -0.01725
12006,1.0,swap_ancilla,primary_2_20,median_log10_total_executions,1.2010443815796779,-0.5789815866189982,0.9999570010438031,0.11884318338244526,10,0.00940 -0.00635 0.00527 -0.04091 0.00003 -0.02098 0.02014 0.11884 -0.03966 -0.04580
12006,1.0,swap_ancilla,n_ge_8,median_log10_total_executions,1.201861374754563,-0.591608548591467,0.9998749790347707,0.11839825455675168,7,-0.03481 0.00449 -0.01815 0.02133 0.11840 -0.04174 -0.04951
12006,1.0,swap_destructive,primary_2_20,median_log10_total_executions,1.2010443815796799,-0.5789815866190107,0.9999570010438031,0.11884318338244526,10,0.00940 -0.00635 0.00527 -0.04091 0.00003 -0.02098 0.02014 0.11884 -0.03966 -0.04580
12006,1.0,swap_destructive,n_ge_8,median_log10_total_executions,1.2018613747545661,-0.5916085485914926,0.9998749790347707,0.11839825455674458,7,-0.03481 0.00449 -0.01815 0.02133 0.11840 -0.04174 -0.04951
12006,1.0,hadamard_u,primary_2_20,median_log10_total_executions,0.606029222065243,0.9049184091850629,0.9998737212283896,0.08355309782859921,10,-0.08355 0.02430 0.04615 0.00554 0.02434 -0.00617 0.02095 0.04184 -0.04224 -0.03115
12006,1.0,hadamard_u,n_ge_8,median_log10_total_executions,0.6025432031731874,0.9555946258225307,0.9998962282237307,0.046942406287652005,7,-0.01725 0.00852 -0.01502 0.01908 0.04694 -0.03017 -0.01211
12007,1.0,loschmidt,primary_2_20,median_log10_total_executions,0.605975684767885,-0.07557270340341503,0.9999273940999152,0.057197420084730055,10,-0.05720 0.01340 0.01904 0.01402 0.02853 -0.00845 0.04084 0.00279 -0.04679 -0.00619
12007,1.0,loschmidt,n_ge_8,median_log10_total_executions,0.6024039646865342,-0.022032219238224706,0.9999146610548634,0.03730437009484611,7,-0.01095 0.01070 -0.01913 0.03730 0.00640 -0.03604 0.01171
12007,1.0,swap_ancilla,primary_2_20,median_log10_total_executions,1.202634970380941,-0.6044368660900036,0.999975768583275,0.06570029237550656,10,0.04426 -0.00979 -0.03813 -0.01134 0.00632 -0.03994 0.06570 -0.01010 -0.03391 0.02692
12007,1.0,swap_ancilla,n_ge_8,median_log10_total_executions,1.2037798907687292,-0.6199434032699274,0.9999512793176454,0.06517794412639333,7,-0.00499 0.01038 -0.03817 0.06518 -0.01291 -0.03901 0.01952
12007,1.0,swap_destructive,primary_2_20,median_log10_total_executions,1.2026349703809425,-0.6044368660900126,0.999975768583275,0.06570029237556696,10,0.04426 -0.00979 -0.03813 -0.01134 0.00632 -0.03994 0.06570 -0.01010 -0.03391 0.02692
12007,1.0,swap_destructive,n_ge_8,median_log10_total_executions,1.2037798907687312,-0.6199434032699367,0.9999512793176453,0.06517794412645017,7,-0.00499 0.01038 -0.03817 0.06518 -0.01291 -0.03901 0.01952
12007,1.0,hadamard_u,primary_2_20,median_log10_total_executions,0.6060802436578697,0.8987705950282059,0.9999210034072865,0.06171305967376384,10,-0.06171 0.01457 0.02062 0.01431 0.03094 -0.00506 0.04016 0.00079 -0.04779 -0.00682
12007,1.0,hadamard_u,n_ge_8,median_log10_total_executions,0.6022413503875311,0.9563050731400169,0.9999168029831539,0.03637336310272765,7,-0.01251 0.01179 -0.01653 0.03637 0.00467 -0.03622 0.01242
12008,1.0,loschmidt,primary_2_20,median_log10_total_executions,0.6052141015360073,-0.053826747112382126,0.9999048060972886,0.0774202099120076,10,-0.07742 0.02036 0.03139 0.02994 0.04390 -0.01693 -0.00824 0.00056 0.00635 -0.02991
12008,1.0,loschmidt,n_ge_8,median_log10_total_executions,0.6009790112575626,0.009131831181419319,0.9999502918095917,0.029070206273770438,7,0.00086 0.02330 -0.02907 -0.01190 0.00536 0.01962 -0.00817
12008,1.0,swap_ancilla,primary_2_20,median_log10_total_executions,1.2014738875484416,-0.5682902443638994,0.9999793778193292,0.056032495920485204,10,0.02267 -0.02731 0.00720 -0.00334 0.05074 -0.05603 -0.02318 -0.01088 0.04581 -0.00568
12008,1.0,swap_ancilla,n_ge_8,median_log10_total_executions,1.2019786922606202,-0.5757229633873124,0.9999475809200895,0.054657433443216163,7,0.00005 0.05313 -0.05466 -0.02281 -0.01153 0.04415 -0.00834
12008,1.0,swap_destructive,primary_2_20,median_log10_total_executions,1.2014738875484414,-0.5682902443638972,0.9999793778193292,0.056032495920485204,10,0.02267 -0.02731 0.00720 -0.00334 0.05074 -0.05603 -0.02318 -0.01088 0.04581 -0.00568
12008,1.0,swap_destructive,n_ge_8,median_log10_total_executions,1.2019786922606197,-0.5757229633873018,0.9999475809200895,0.054657433443219716,7,0.00005 0.05313 -0.05466 -0.02281 -0.01153 0.04415 -0.00834
12008,1.0,hadamard_u,primary_2_20,median_log10_total_executions,0.6053921199993565,0.9213433772466773,0.9998919285350254,0.08290959457520897,10,-0.08291 0.02032 0.03368 0.02965 0.04995 -0.01353 -0.00865 -0.00257 0.00541 -0.03135
12008,1.0,hadamard_u,n_ge_8,median_log10_total_executions,0.6007291640305035,0.9907544141086567,0.9999481393858769,0.027168832731327974,7,-0.00246 0.02717 -0.02699 -0.01277 0.00263 0.01993 -0.00751
12009,1.0,loschmidt,primary_2_20,median_log10_total_executions,0.6058490749199325,-0.06552645881115444,0.9999088785476363,0.06699044498108564,10,-0.06699 0.00762 0.04921 0.02743 -0.00745 0.02109 0.02803 -0.03525 -0.02780 0.00411
12009,1.0,loschmidt,n_ge_8,median_log10_total_executions,0.6028668630476552,-0.0223240240668531,0.9999248349967034,0.030738197444666326,7,0.00809 -0.02083 0.01368 0.02658 -0.03074 -0.01732 0.02055
12009,1.0,swap_ancilla,primary_2_20,median_log10_total_executions,1.2020835578761313,-0.5875440762357097,0.9999714703161197,0.06020232688118554,10,0.02848 -0.02847 0.04383 -0.01390 -0.04165 -0.00880 0.04115 -0.06020 -0.01149 0.05106
12009,1.0,swap_ancilla,n_ge_8,median_log10_total_executions,1.2057228466257333,-0.6447556837459869,0.9999489997830152,0.06121933936453772,7,0.01420 -0.02083 0.00474 0.04741 -0.06122 -0.01978 0.03549
12009,1.0,swap_destructive,primary_2_20,median_log10_total_executions,1.2020835578761362,-0.5875440762357277,0.9999714703161198,0.06020232688088356,10,0.02848 -0.02847 0.04383 -0.01390 -0.04165 -0.00880 0.04115 -0.06020 -0.01149 0.05106
12009,1.0,swap_destructive,n_ge_8,median_log10_total_executions,1.2057228466257384,-0.6447556837460084,0.9999489997830155,0.061219339364235736,7,0.01420 -0.02083 0.00474 0.04741 -0.06122 -0.01978 0.03549
12009,1.0,hadamard_u,primary_2_20,median_log10_total_executions,0.6064589947540077,0.902615283263143,0.9998825546363355,0.08210951728420834,10,-0.08211 0.01476 0.05479 0.03136 -0.00320 0.02297 0.02491 -0.03620 -0.02898 0.00170
12009,1.0,hadamard_u,n_ge_8,median_log10_total_executions,0.6028928478251917,0.9543358231717811,0.9999300520163773,0.030859860873786005,7,0.00817 -0.01926 0.01405 0.02312 -0.03086 -0.01651 0.02130
0,1.0,loschmidt,primary_2_20,median_log10_M_internal,0.6058736927253268,-0.3699753583226752,0.9999444009296076,0.06362077674433464,10,-0.06362 0.02203 0.03750 0.01336 0.00824 0.00254 0.00107 -0.00248 0.00417 -0.02279
0,1.0,loschmidt,n_ge_8,median_log10_M_internal,0.6037022771070807,-0.3389903514548334,0.9999934790097519,0.012267194745316345,7,-0.00025 -0.00103 -0.00239 0.00048 0.00127 0.01227 -0.01034
0,1.0,swap_ancilla,primary_2_20,median_log10_M_internal,1.2025172437434501,-0.8981278673420159,0.9999900194779676,0.041903633432642806,10,0.03716 -0.00496 -0.00021 -0.03043 -0.01840 -0.01529 -0.00019 0.00054 0.04190 -0.01013
0,1.0,swap_ancilla,n_ge_8,median_log10_M_internal,1.2060411673205977,-0.9520333984808264,0.9999888279159432,0.03237854018279762,7,-0.00472 0.00027 -0.00367 0.00438 -0.00194 0.03238 -0.02670
0,1.0,swap_destructive,primary_2_20,median_log10_M_internal,1.2025172437434453,-0.8981278673419799,0.9999900194779676,0.041903633432692544,10,0.03716 -0.00496 -0.00021 -0.03043 -0.01840 -0.01529 -0.00019 0.00054 0.04190 -0.01013
0,1.0,swap_destructive,n_ge_8,median_log10_M_internal,1.2060411673205882,-0.9520333984807149,0.9999888279159432,0.032378540182854465,7,-0.00472 0.00027 -0.00367 0.00438 -0.00194 0.03238 -0.02670
0,1.0,hadamard_u,primary_2_20,median_log10_M_internal,0.6066167148625055,0.2950932193732398,0.9999212308445677,0.0769628849392634,10,-0.07696 0.02740 0.03967 0.01691 0.01153 0.00699 0.00447 -0.00327 0.00184 -0.02857
0,1.0,hadamard_u,n_ge_8,median_log10_M_internal,0.6036510918497331,0.3380245094545446,0.9999921841291789,0.012289068387071111,7,-0.00230 -0.00175 -0.00036 0.00305 0.00125 0.01229 -0.01219
0,2.0,loschmidt,primary_2_20,median_log10_M_internal,0.6069642218541751,0.21602399928263805,0.9998988996818566,0.08752976216878205,10,-0.08753 0.03098 0.04691 0.02069 0.01339 0.00551 0.00186 -0.00387 0.00060 -0.02854
0,2.0,loschmidt,n_ge_8,median_log10_M_internal,0.6037025710803109,0.26306472343950477,0.9999934789318272,0.012266819660794681,7,-0.00026 -0.00103 -0.00239 0.00048 0.00127 0.01227 -0.01034
0,2.0,swap_ancilla,primary_2_20,median_log10_M_internal,1.2026024367209684,-0.29731767550192084,0.9999904921767307,0.04161995932518181,10,0.03513 -0.00406 0.00053 -0.02986 -0.01800 -0.01506 -0.00013 0.00042 0.04162 -0.01058
0,2.0,swap_ancilla,n_ge_8,median_log10_M_internal,1.2060411673561706,-0.34997340774585045,0.9999888279159055,0.03237854013547192,7,-0.00472 0.00027 -0.00367 0.00438 -0.00194 0.03238 -0.02670
0,2.0,swap_destructive,primary_2_20,median_log10_M_internal,1.202602436720964,-0.29731767550188715,0.9999904921767307,0.04161995932522444,10,0.03513 -0.00406 0.00053 -0.02986 -0.01800 -0.01506 -0.00013 0.00042 0.04162 -0.01058
0,2.0,swap_destructive,n_ge_8,median_log10_M_internal,1.2060411673561615,-0.3499734077457363,0.9999888279159055,0.03237854013551811,7,-0.00472 0.00027 -0.00367 0.00438 -0.00194 0.03238 -0.02670
0,2.0,hadamard_u,primary_2_20,median_log10_M_internal,0.6071390665909211,0.8396024780716836,0.9998938057530375,0.0900927839079706,10,-0.09009 0.03178 0.04552 0.02095 0.01595 0.00737 0.00310 -0.00263 -0.00105 -0.03091
0,2.0,hadamard_u,n_ge_8,median_log10_M_internal,0.6035752165444218,0.8913240283789451,0.9999932652880231,0.01137965704221422,7,-0.00226 -0.00013 -0.00158 0.00127 0.00267 0.01138 -0.01135
12000,1.0,loschmidt,primary_2_20,median_log10_M_internal,0.6064182091613514,-0.37252914415538974,0.9999139347249972,0.062156023783669356,10,-0.06216 0.02964 0.03134 0.01016 0.01130 -0.03000 0.00597 0.04050 0.00651 -0.04326
12000,1.0,loschmidt,n_ge_8,median_log10_M_internal,0.6046439709470736,-0.34752241736054323,0.999893329767593,0.04388340247499478,7,-0.00066 0.00404 -0.03371 0.00580 0.04388 0.01344 -0.03279
12000,1.0,swap_ancilla,primary_2_20,median_log10_M_internal,1.2036673886530944,-0.9025526726433575,0.9999697758000542,0.07195758873168145,10,0.01373 0.00278 -0.00189 -0.01249 0.00349 -0.07196 0.01355 0.06663 0.03882 -0.05267
12000,1.0,swap_ancilla,n_ge_8,median_log10_M_internal,1.2052516901092976,-0.9268213166092487,0.9999143293416107,0.06670056224022858,7,-0.00090 0.01192 -0.06670 0.01564 0.06555 0.03458 -0.06009
12000,1.0,swap_destructive,primary_2_20,median_log10_M_internal,1.2036673886530953,-0.9025526726433564,0.9999697758000542,0.07195758873168678,10,0.01373 0.00278 -0.00189 -0.01249 0.00349 -0.07196 0.01355 0.06663 0.03882 -0.05267
12000,1.0,swap_destructive,n_ge_8,median_log10_M_internal,1.2052516901092982,-0.92682131660925,0.9999143293416107,0.06670056224022858,7,-0.00090 0.01192 -0.06670 0.01564 0.06555 0.03458 -0.06009
12000,1.0,hadamard_u,primary_2_20,median_log10_M_internal,0.6076060854439392,0.28735265052980563,0.9998644618052336,0.08759147344686613,10,-0.08759 0.03734 0.04207 0.01789 0.01865 -0.02944 0.01114 0.03875 0.00135 -0.05016
12000,1.0,hadamard_u,n_ge_8,median_log10_M_internal,0.6045601349740778,0.3311647268760105,0.9998869108958165,0.04367639186198069,7,-0.00155 0.00530 -0.03670 0.00997 0.04368 0.01236 -0.03306
12001,1.0,loschmidt,primary_2_20,median_log10_M_internal,0.6047318820342957,-0.35702195917647833,0.9998983379173045,0.07429055450846955,10,-0.07429 0.02088 0.03075 0.02136 0.03304 0.01529 -0.02773 0.02945 -0.04391 -0.00485
12001,1.0,loschmidt,n_ge_8,median_log10_M_internal,0.6008325223099295,-0.29919296457451466,0.999911135417627,0.03401561524230701,7,-0.00527 0.01420 0.00426 -0.03096 0.03402 -0.03155 0.01531
12001,1.0,swap_ancilla,primary_2_20,median_log10_M_internal,1.2002287580925939,-0.8613050233746932,0.9999793624891229,0.05413036469389354,10,0.01715 -0.00062 -0.01226 -0.01017 0.00529 0.01589 -0.04709 0.05139 -0.05413 0.03454
12001,1.0,swap_ancilla,n_ge_8,median_log10_M_internal,1.201135955030217,-0.8746171462337247,0.9999426256011195,0.057147786712079096,7,-0.00412 0.00953 0.01832 -0.04648 0.05019 -0.05715 0.02971
12001,1.0,swap_destructive,primary_2_20,median_log10_M_internal,1.20022875809261,-0.861305023374792,0.999979362489123,0.05413036469334287,10,0.01715 -0.00062 -0.01226 -0.01017 0.00529 0.01589 -0.04709 0.05139 -0.05413 0.03454
12001,1.0,swap_destructive,n_ge_8,median_log10_M_internal,1.2011359550302436,-0.8746171462339946,0.99994262560112,0.05714778671154619,7,-0.00412 0.00953 0.01832 -0.04648 0.05019 -0.05715 0.02971
12001,1.0,hadamard_u,primary_2_20,median_log10_M_internal,0.6049532227157316,0.31573739254718075,0.9998881712817881,0.07848580663642468,10,-0.07849 0.02449 0.03133 0.02560 0.03129 0.01533 -0.03370 0.03133 -0.04183 -0.00536
12001,1.0,hadamard_u,n_ge_8,median_log10_M_internal,0.6009688354168428,0.37475627744988305,0.999903246143144,0.036934516940196005,7,-0.00154 0.01211 0.00413 -0.03693 0.03607 -0.02913 0.01531
12002,1.0,loschmidt,primary_2_20,median_log10_M_internal,0.6058818394210923,-0.37046836211486517,0.9999127539537495,0.06314406634367575,10,-0.06314 0.00574 0.05428 -0.00310 -0.00182 0.04491 0.01735 -0.01514 -0.03136 -0.00773
12002,1.0,loschmidt,n_ge_8,median_log10_M_internal,0.6035064946551068,-0.3367680523737981,0.9999272026748344,0.03971327042117068,7,-0.01780 -0.01176 0.03971 0.01690 -0.01083 -0.02230 0.00608
12002,1.0,swap_ancilla,primary_2_20,median_log10_M_internal,1.202563669510757,-0.9024650254049265,0.9999650601981604,0.06613884564145422,10,0.04141 -0.02407 0.02397 -0.06614 -0.04180 0.06159 0.03300 -0.02765 -0.03207 0.03177
12002,1.0,swap_ancilla,n_ge_8,median_log10_M_internal,1.2065625878680302,-0.9643498627853022,0.9999278055364303,0.07548884340527628,7,-0.03625 -0.01991 0.07549 0.03890 -0.02974 -0.04217 0.01367
12002,1.0,swap_destructive,primary_2_20,median_log10_M_internal,1.2025636695107575,-0.9024650254049287,0.9999650601981604,0.06613884564145422,10,0.04141 -0.02407 0.02397 -0.06614 -0.04180 0.06159 0.03300 -0.02765 -0.03207 0.03177
12002,1.0,swap_destructive,n_ge_8,median_log10_M_internal,1.2065625878680308,-0.9643498627853103,0.9999278055364303,0.07548884340527984,7,-0.03625 -0.01991 0.07549 0.03890 -0.02974 -0.04217 0.01367
12002,1.0,hadamard_u,primary_2_20,median_log10_M_internal,0.606335970521892,0.29893243163109606,0.9999142865580937,0.0644463413326608,10,-0.06445 0.01132 0.05186 -0.00358 -0.00233 0.04065 0.01991 -0.01463 -0.03348 -0.00527
12002,1.0,hadamard_u,n_ge_8,median_log10_M_internal,0.6041459266068361,0.32977420224749887,0.999929262652221,0.036084932675322534,7,-0.01690 -0.01127 0.03608 0.01973 -0.01044 -0.02490 0.00769
12003,1.0,loschmidt,primary_2_20,median_log10_M_internal,0.6064097987657512,-0.37073216018072797,0.9998954278549891,0.06393618696713077,10,-0.06394 0.03500 0.03902 0.02605 -0.01502 0.00886 0.01218 -0.05263 -0.02558 0.03607
12003,1.0,loschmidt,n_ge_8,median_log10_M_internal,0.6054714614579333,-0.35903570244767824,0.9998601477678845,0.049310513062959416,7,0.02186 -0.01734 0.00843 0.01362 -0.04931 -0.02039 0.04314
12003,1.0,swap_ancilla,primary_2_20,median_log10_M_internal,1.204683858887594,-0.9120427142960965,0.9999367097638232,0.1269798219146665,10,0.03415 0.03225 0.01244 -0.01482 -0.05692 -0.00472 -0.02232 -0.08607 -0.02097 0.12698
12003,1.0,swap_ancilla,n_ge_8,median_log10_M_internal,1.2121115183555915,-1.0272938410216588,0.9998731016555527,0.09367775928028266,7,0.04101 -0.01594 0.02140 -0.01106 -0.08966 -0.03942 0.09368
12003,1.0,swap_destructive,primary_2_20,median_log10_M_internal,1.2046838588875945,-0.9120427142960976,0.9999367097638232,0.1269798219146523,10,0.03415 0.03225 0.01244 -0.01482 -0.05692 -0.00472 -0.02232 -0.08607 -0.02097 0.12698
12003,1.0,swap_destructive,n_ge_8,median_log10_M_internal,1.212111518355592,-1.0272938410216532,0.9998731016555527,0.09367775928026134,7,0.04101 -0.01594 0.02140 -0.01106 -0.08966 -0.03942 0.09368
12003,1.0,hadamard_u,primary_2_20,median_log10_M_internal,0.606926460353062,0.29676747517642704,0.9998704525458916,0.07925663172356368,10,-0.07926 0.04194 0.04883 0.02737 -0.01521 0.00957 0.01162 -0.04930 -0.02675 0.03118
12003,1.0,hadamard_u,n_ge_8,median_log10_M_internal,0.6056668433993634,0.31275799883119987,0.9998751889211264,0.04513238855056656,7,0.02146 -0.01860 0.00870 0.01327 -0.04513 -0.02007 0.04038
12004,1.0,loschmidt,primary_2_20,median_log10_M_internal,0.6062859324255416,-0.37328129983289393,0.9999325163487219,0.061139314634545694,10,-0.06114 0.01632 0.04647 0.00356 0.02136 -0.00445 -0.01493 0.00523 0.01835 -0.03077
12004,1.0,loschmidt,n_ge_8,median_log10_M_internal,0.6045121218934031,-0.348684445511248,0.9999592080849589,0.0256824627655039,7,-0.00685 0.01450 -0.00776 -0.01469 0.00901 0.02568 -0.01989
12004,1.0,swap_ancilla,primary_2_20,median_log10_M_internal,1.2032733118849483,-0.9002256343550995,0.9999739366918127,0.05926999681170031,10,0.04998 -0.01958 0.02511 -0.05927 -0.00751 -0.03817 -0.01731 0.04739 0.03399 -0.01464
12004,1.0,swap_ancilla,n_ge_8,median_log10_M_internal,1.2086741302212864,-0.9837678187660308,0.9999680117798545,0.04451817406728509,7,-0.01893 0.02203 -0.01944 -0.00938 0.04452 0.02032 -0.03911
12004,1.0,swap_destructive,primary_2_20,median_log10_M_internal,1.2032733118849495,-0.9002256343551052,0.9999739366918127,0.05926999681170386,10,0.04998 -0.01958 0.02511 -0.05927 -0.00751 -0.03817 -0.01731 0.04739 0.03399 -0.01464
12004,1.0,swap_destructive,n_ge_8,median_log10_M_internal,1.2086741302212887,-0.983767818766051,0.9999680117798545,0.04451817406727443,7,-0.01893 0.02203 -0.01944 -0.00938 0.04452 0.02032 -0.03911
12004,1.0,hadamard_u,primary_2_20,median_log10_M_internal,0.6066677731104465,0.29807985072239473,0.9999300545057523,0.06425736560106854,10,-0.06426 0.01797 0.04781 0.00603 0.02083 -0.00552 -0.01530 0.00696 0.01358 -0.02811
12004,1.0,hadamard_u,n_ge_8,median_log10_M_internal,0.6048029860726317,0.32396856678952013,0.9999666086572312,0.02126054830997859,7,-0.00494 0.01358 -0.00903 -0.01508 0.01091 0.02126 -0.01670
12005,1.0,loschmidt,primary_2_20,median_log10_M_internal,0.6059461653859395,-0.36045366492376646,0.9999211424693915,0.07328741546446893,10,-0.07329 0.01038 0.05152 0.01824 0.02038 0.00112 0.00042 0.00249 -0.00622 -0.02505
12005,1.0,loschmidt,n_ge_8,median_log10_M_internal,0.6027011825583946,-0.31339791622588886,0.9999944844162436,0.007357906795864011,7,-0.00286 0.00578 -0.00699 -0.00120 0.00736 0.00513 -0.00721
12005,1.0,swap_ancilla,primary_2_20,median_log10_M_internal,1.2007229325569744,-0.8611332809290114,0.9999878258729382,0.03898760524537437,10,0.02789 -0.01937 0.02214 -0.03899 -0.00387 -0.02638 0.01157 0.02307 0.02691 -0.02297
12005,1.0,swap_ancilla,n_ge_8,median_log10_M_internal,1.203563188510812,-0.9052770945932027,0.9999808246675651,0.035635500680896826,7,-0.01757 0.01187 -0.01632 0.01595 0.02177 0.01993 -0.03564
12005,1.0,swap_destructive,primary_2_20,median_log10_M_internal,1.2007229325569835,-0.8611332809290125,0.9999878258729382,0.0389876052454472,10,0.02789 -0.01937 0.02214 -0.03899 -0.00387 -0.02638 0.01157 0.02307 0.02691 -0.02297
12005,1.0,swap_destructive,n_ge_8,median_log10_M_internal,1.2035631885108125,-0.905277094593067,0.999980824667565,0.03563550068102472,7,-0.01757 0.01187 -0.01632 0.01595 0.02177 0.01993 -0.03564
12005,1.0,hadamard_u,primary_2_20,median_log10_M_internal,0.6060558350898426,0.3120225478792067,0.9999124420393024,0.07697618671667272,10,-0.07698 0.01349 0.05398 0.01930 0.02162 -0.00437 -0.00004 0.00063 -0.00057 -0.02707
12005,1.0,hadamard_u,n_ge_8,median_log10_M_internal,0.6028686963204135,0.35800027011497554,0.9999891429313335,0.012101057149989103,7,-0.00118 0.00752 -0.01210 -0.00140 0.00565 0.01082 -0.00931
12006,1.0,loschmidt,primary_2_20,median_log10_M_internal,0.6053909155750359,-0.3646487832734256,0.9999067658445284,0.0679817974930026,10,-0.06798 0.01497 0.03969 0.00088 0.02413 -0.00465 0.01992 0.04008 -0.03302 -0.03402
12006,1.0,loschmidt,n_ge_8,median_log10_M_internal,0.602278668889767,-0.3191741386914967,0.9999078038537806,0.044404321838575456,7,-0.01970 0.00978 -0.01278 0.01802 0.04440 -0.02248 -0.01725
12006,1.0,swap_ancilla,primary_2_20,median_log10_M_internal,1.2010443815796779,-0.8800115822829812,0.9999570010438031,0.11884318338244881,10,0.00940 -0.00635 0.00527 -0.04091 0.00003 -0.02098 0.02014 0.11884 -0.03966 -0.04580
12006,1.0,swap_ancilla,n_ge_8,median_log10_M_internal,1.201861374754563,-0.8926385442554411,0.9998749790347707,0.11839825455674458,7,-0.03481 0.00449 -0.01815 0.02133 0.11840 -0.04174 -0.04951
12006,1.0,swap_destructive,primary_2_20,median_log10_M_internal,1.2010443815796796,-0.8800115822829901,0.9999570010438031,0.11884318338244526,10,0.00940 -0.00635 0.00527 -0.04091 0.00003 -0.02098 0.02014 0.11884 -0.03966 -0.04580
12006,1.0,swap_destructive,n_ge_8,median_log10_M_internal,1.2018613747545661,-0.892638544255472,0.9998749790347707,0.11839825455674458,7,-0.03481 0.00449 -0.01815 0.02133 0.11840 -0.04174 -0.04951
12006,1.0,hadamard_u,primary_2_20,median_log10_M_internal,0.6060292220652428,0.3028584178571013,0.9998737212283896,0.08355309782859965,10,-0.08355 0.02430 0.04615 0.00554 0.02434 -0.00617 0.02095 0.04184 -0.04224 -0.03115
12006,1.0,hadamard_u,n_ge_8,median_log10_M_internal,0.6025432031731874,0.3535346344945685,0.9998962282237307,0.046942406287652005,7,-0.01725 0.00852 -0.01502 0.01908 0.04694 -0.03017 -0.01211
12007,1.0,loschmidt,primary_2_20,median_log10_M_internal,0.605975684767885,-0.3766026990673967,0.9999273940999152,0.05719742008472961,10,-0.05720 0.01340 0.01904 0.01402 0.02853 -0.00845 0.04084 0.00279 -0.04679 -0.00619
12007,1.0,loschmidt,n_ge_8,median_log10_M_internal,0.6024039646865341,-0.32306221490220555,0.9999146610548634,0.03730437009484788,7,-0.01095 0.01070 -0.01913 0.03730 0.00640 -0.03604 0.01171
12007,1.0,swap_ancilla,primary_2_20,median_log10_M_internal,1.202634970380941,-0.905466861753983,0.999975768583275,0.06570029237550301,10,0.04426 -0.00979 -0.03813 -0.01134 0.00632 -0.03994 0.06570 -0.01010 -0.03391 0.02692
12007,1.0,swap_ancilla,n_ge_8,median_log10_M_internal,1.2037798907687294,-0.9209733989339121,0.9999512793176454,0.06517794412639155,7,-0.00499 0.01038 -0.03817 0.06518 -0.01291 -0.03901 0.01952
12007,1.0,swap_destructive,primary_2_20,median_log10_M_internal,1.2026349703809425,-0.905466861753992,0.999975768583275,0.06570029237556696,10,0.04426 -0.00979 -0.03813 -0.01134 0.00632 -0.03994 0.06570 -0.01010 -0.03391 0.02692
12007,1.0,swap_destructive,n_ge_8,median_log10_M_internal,1.2037798907687316,-0.9209733989339242,0.9999512793176453,0.0651779441264555,7,-0.00499 0.01038 -0.03817 0.06518 -0.01291 -0.03901 0.01952
12007,1.0,hadamard_u,primary_2_20,median_log10_M_internal,0.6060802436578697,0.296710603700242,0.9999210034072865,0.06171305967376228,10,-0.06171 0.01457 0.02062 0.01431 0.03094 -0.00506 0.04016 0.00079 -0.04779 -0.00682
12007,1.0,hadamard_u,n_ge_8,median_log10_M_internal,0.602241350387531,0.354245081812056,0.9999168029831539,0.03637336310272765,7,-0.01251 0.01179 -0.01653 0.03637 0.00467 -0.03622 0.01242
12008,1.0,loschmidt,primary_2_20,median_log10_M_internal,0.6052141015360072,-0.3548567427763632,0.9999048060972886,0.0774202099120076,10,-0.07742 0.02036 0.03139 0.02994 0.04390 -0.01693 -0.00824 0.00056 0.00635 -0.02991
12008,1.0,loschmidt,n_ge_8,median_log10_M_internal,0.6009790112575626,-0.2918981644825635,0.9999502918095917,0.02907020627376866,7,0.00086 0.02330 -0.02907 -0.01190 0.00536 0.01962 -0.00817
12008,1.0,swap_ancilla,primary_2_20,median_log10_M_internal,1.2014738875484416,-0.86932024002788,0.9999793778193292,0.056032495920485204,10,0.02267 -0.02731 0.00720 -0.00334 0.05074 -0.05603 -0.02318 -0.01088 0.04581 -0.00568
12008,1.0,swap_ancilla,n_ge_8,median_log10_M_internal,1.2019786922606202,-0.8767529590512919,0.9999475809200895,0.05465743344321794,7,0.00005 0.05313 -0.05466 -0.02281 -0.01153 0.04415 -0.00834
12008,1.0,swap_destructive,primary_2_20,median_log10_M_internal,1.2014738875484414,-0.8693202400278789,0.9999793778193292,0.056032495920485204,10,0.02267 -0.02731 0.00720 -0.00334 0.05074 -0.05603 -0.02318 -0.01088 0.04581 -0.00568
12008,1.0,swap_destructive,n_ge_8,median_log10_M_internal,1.2019786922606197,-0.8767529590512891,0.9999475809200895,0.05465743344321261,7,0.00005 0.05313 -0.05466 -0.02281 -0.01153 0.04415 -0.00834
12008,1.0,hadamard_u,primary_2_20,median_log10_M_internal,0.6053921199993565,0.31928338591871447,0.9998919285350254,0.0829095945752083,10,-0.08291 0.02032 0.03368 0.02965 0.04995 -0.01353 -0.00865 -0.00257 0.00541 -0.03135
12008,1.0,hadamard_u,n_ge_8,median_log10_M_internal,0.6007291640305035,0.38869442278069655,0.9999481393858769,0.02716883273132531,7,-0.00246 0.02717 -0.02699 -0.01277 0.00263 0.01993 -0.00751
12009,1.0,loschmidt,primary_2_20,median_log10_M_internal,0.6058490749199323,-0.36655645447513496,0.9999088785476363,0.06699044498108608,10,-0.06699 0.00762 0.04921 0.02743 -0.00745 0.02109 0.02803 -0.03525 -0.02780 0.00411
12009,1.0,loschmidt,n_ge_8,median_log10_M_internal,0.6028668630476552,-0.32335401973083594,0.9999248349967034,0.03073819744466455,7,0.00809 -0.02083 0.01368 0.02658 -0.03074 -0.01732 0.02055
12009,1.0,swap_ancilla,primary_2_20,median_log10_M_internal,1.2020835578761313,-0.8885740718996914,0.9999714703161197,0.06020232688118554,10,0.02848 -0.02847 0.04383 -0.01390 -0.04165 -0.00880 0.04115 -0.06020 -0.01149 0.05106
12009,1.0,swap_ancilla,n_ge_8,median_log10_M_internal,1.205722846625733,-0.9457856794099596,0.9999489997830152,0.06121933936454482,7,0.01420 -0.02083 0.00474 0.04741 -0.06122 -0.01978 0.03549
12009,1.0,swap_destructive,primary_2_20,median_log10_M_internal,1.2020835578761362,-0.8885740718997094,0.9999714703161198,0.06020232688088356,10,0.02848 -0.02847 0.04383 -0.01390 -0.04165 -0.00880 0.04115 -0.06020 -0.01149 0.05106
12009,1.0,swap_destructive,n_ge_8,median_log10_M_internal,1.2057228466257386,-0.9457856794099891,0.9999489997830155,0.06121933936423929,7,0.01420 -0.02083 0.00474 0.04741 -0.06122 -0.01978 0.03549
12009,1.0,hadamard_u,primary_2_20,median_log10_M_internal,0.6064589947540078,0.30055529193517916,0.9998825546363355,0.08210951728420746,10,-0.08211 0.01476 0.05479 0.03136 -0.00320 0.02297 0.02491 -0.03620 -0.02898 0.00170
12009,1.0,hadamard_u,n_ge_8,median_log10_M_internal,0.6028928478251917,0.3522758318438189,0.9999300520163773,0.030859860873786005,7,0.00817 -0.01926 0.01405 0.02312 -0.03086 -0.01651 0.02130
