estimator,fit_range,quantity,stage7_population_slope,stage7_population_intercept,stage7_population_r2,stage7_population_residuals,replicate_n_seeds,replicate_mean,replicate_sd,replicate_pct_lo,replicate_pct_hi,replicate_boot_lo,replicate_boot_hi
loschmidt,primary_2_20,median_log10_total_executions,0.6058736927253267,-0.068945362658693,0.9999444009296076,-0.06362 0.02203 0.03750 0.01336 0.00824 0.00254 0.00107 -0.00248 0.00417 -0.02279,10,0.6058103603992833,0.0005479185469870992,0.6048403814221809,0.6064163168223413,0.6054705053747754,0.6061171814413794
loschmidt,n_ge_8,median_log10_total_executions,0.6037022771070809,-0.03796035579085328,0.9999934790097519,-0.00025 -0.00103 -0.00239 0.00048 0.00127 0.01227 -0.01034,10,0.603019626170336,0.0015316987234367393,0.600865482323147,0.6052852760929899,0.6021443643096052,0.6039459275913059
swap_ancilla,primary_2_20,median_log10_total_executions,1.20251724374345,-0.5970978716780331,0.9999900194779676,0.03716 -0.00496 -0.00021 -0.03043 -0.01840 -0.01529 -0.00019 0.00054 0.04190 -0.01013,10,1.2022376716971155,0.0014034014589743569,1.2003399473470797,1.2044551530848315,1.2014475614298876,1.2030807508444104
swap_ancilla,n_ge_8,median_log10_total_executions,1.2060411673205973,-0.6510034028168415,0.9999888279159432,-0.00472 0.00027 -0.00367 0.00438 -0.00194 0.03238 -0.02670,10,1.2050641874504882,0.003407874347663763,1.201299174468195,1.211338106025373,1.2032230406765465,1.2072180475973808
swap_destructive,primary_2_20,median_log10_total_executions,1.2025172437434455,-0.5970978716779982,0.9999900194779676,0.03716 -0.00496 -0.00021 -0.03043 -0.01840 -0.01529 -0.00019 0.00054 0.04190 -0.01013,10,1.202237671697119,0.0014034014589709347,1.200339947347094,1.2044551530848324,1.2014475614298943,1.2030807508444112
swap_destructive,n_ge_8,median_log10_total_executions,1.2060411673205882,-0.6510034028167342,0.9999888279159432,-0.00472 0.00027 -0.00367 0.00438 -0.00194 0.03238 -0.02670,10,1.205064187450492,0.0034078743476603766,1.2012991744682162,1.2113381060253734,1.2032230406765538,1.2072180475973817
hadamard_u,primary_2_20,median_log10_total_executions,0.6066167148625053,0.8971532107012031,0.9999212308445677,-0.07696 0.02740 0.03967 0.01691 0.01153 0.00699 0.00447 -0.00327 0.00184 -0.02857,10,0.6062505927711391,0.0007494454602797404,0.6050519746045472,0.6074531697984917,0.6058091500478241,0.6066987392859108
hadamard_u,n_ge_8,median_log10_total_executions,0.603651091849733,0.9400845007825088,0.9999921841291789,-0.00230 -0.00175 -0.00036 0.00305 0.00125 0.01229 -0.01219,10,0.6031419988206579,0.0016331158070898688,0.6007830900924298,0.6054724755008486,0.6022063408297266,0.6041212195804757
loschmidt,primary_2_20,median_log10_M_internal,0.6058736927253268,-0.3699753583226752,0.9999444009296076,-0.06362 0.02203 0.03750 0.01336 0.00824 0.00254 0.00107 -0.00248 0.00417 -0.02279,10,0.6058103603992833,0.0005479185469871346,0.6048403814221808,0.6064163168223413,0.6054705053747754,0.6061171814413794
loschmidt,n_ge_8,median_log10_M_internal,0.6037022771070807,-0.3389903514548334,0.9999934790097519,-0.00025 -0.00103 -0.00239 0.00048 0.00127 0.01227 -0.01034,10,0.603019626170336,0.0015316987234367417,0.600865482323147,0.6052852760929899,0.6021443643096052,0.6039459275913059
swap_ancilla,primary_2_20,median_log10_M_internal,1.2025172437434501,-0.8981278673420159,0.9999900194779676,0.03716 -0.00496 -0.00021 -0.03043 -0.01840 -0.01529 -0.00019 0.00054 0.04190 -0.01013,10,1.2022376716971155,0.0014034014589744232,1.2003399473470795,1.2044551530848318,1.2014475614298876,1.2030807508444106
swap_ancilla,n_ge_8,median_log10_M_internal,1.2060411673205977,-0.9520333984808264,0.9999888279159432,-0.00472 0.00027 -0.00367 0.00438 -0.00194 0.03238 -0.02670,10,1.2050641874504882,0.0034078743476637476,1.201299174468195,1.211338106025373,1.2032230406765465,1.2072180475973808
swap_destructive,primary_2_20,median_log10_M_internal,1.2025172437434453,-0.8981278673419799,0.9999900194779676,0.03716 -0.00496 -0.00021 -0.03043 -0.01840 -0.01529 -0.00019 0.00054 0.04190 -0.01013,10,1.202237671697119,0.0014034014589708772,1.2003399473470941,1.2044551530848322,1.2014475614298943,1.2030807508444112
swap_destructive,n_ge_8,median_log10_M_internal,1.2060411673205882,-0.9520333984807149,0.9999888279159432,-0.00472 0.00027 -0.00367 0.00438 -0.00194 0.03238 -0.02670,10,1.2050641874504922,0.00340787434766046,1.2012991744682162,1.2113381060253736,1.2032230406765543,1.207218047597382
hadamard_u,primary_2_20,median_log10_M_internal,0.6066167148625055,0.2950932193732398,0.9999212308445677,-0.07696 0.02740 0.03967 0.01691 0.01153 0.00699 0.00447 -0.00327 0.00184 -0.02857,10,0.6062505927711391,0.0007494454602797877,0.6050519746045472,0.6074531697984918,0.6058091500478241,0.6066987392859109
hadamard_u,n_ge_8,median_log10_M_internal,0.6036510918497331,0.3380245094545446,0.9999921841291789,-0.00230 -0.00175 -0.00036 0.00305 0.00125 0.01229 -0.01219,10,0.6031419988206579,0.001633115807089874,0.6007830900924298,0.6054724755008488,0.6022063408297267,0.6041212195804757
