scheme,target,n,stage7,b2,abs_diff
loschmidt,snr1,2,0.7781512503836436,0.7781512503836436,0.0
loschmidt,snr1,4,2.0755469613925306,2.0755469613925306,0.0
loschmidt,snr1,6,3.3027637084729817,3.3027637084729817,0.0
loschmidt,snr1,8,4.490372894747184,4.490372894747184,0.0
loschmidt,snr1,10,5.696998172354978,5.696998172354978,0.0
loschmidt,snr1,12,6.9030470161823985,6.9030470161823985,0.0
loschmidt,snr1,14,8.113323408113406,8.113323408113406,0.0
loschmidt,snr1,16,9.321520110193957,9.321520110193955,1.7763568394002505e-15
loschmidt,snr1,18,10.539917831217934,10.539917831217934,0.0
loschmidt,snr1,20,11.724711263500204,11.724711263500204,0.0
loschmidt,snr2,2,1.3424226808222062,1.3424226808222062,0.0
loschmidt,snr2,4,2.6748611407378116,2.6748611407378116,0.0
loschmidt,snr2,6,3.904715545278681,3.904715545278681,0.0
loschmidt,snr2,8,5.092427621240175,5.092427621240175,0.0
loschmidt,snr2,10,6.299057836458225,6.299057836458225,0.0
loschmidt,snr2,12,7.505106993937314,7.505106993937314,0.0
loschmidt,snr2,14,8.715383399441368,8.715383399441368,0.0
loschmidt,snr2,16,9.923580101496023,9.923580101496025,1.7763568394002505e-15
loschmidt,snr2,18,11.141977822545895,11.141977822545897,1.7763568394002505e-15
loschmidt,snr2,20,12.326771254827964,12.326771254827964,0.0
swap,snr1,2,1.5440680443502757,1.5440680443502757,0.0
swap,snr1,4,3.906981149896186,3.906981149896186,0.0
swap,snr1,6,6.316768336060187,6.316768336060187,0.0
swap,snr1,8,8.691579062216912,8.691579062216912,0.0
swap,snr1,10,11.108644848167692,11.108644848167692,0.0
swap,snr1,12,13.516792300885356,13.516792300885356,0.0
swap,snr1,14,15.936924213655894,15.936924213655894,0.0
swap,snr1,16,18.34268492104151,18.34268492104151,0.0
swap,snr1,18,20.78908615347273,20.78908615347273,0.0
swap,snr1,20,23.14208910861266,23.14208910861266,0.0
swap,snr2,2,2.143014800254095,2.143014800254095,0.0
swap,snr2,4,4.509027688494166,4.509027688494166,0.0
swap,snr2,6,6.918828248855348,6.918828248855348,0.0
swap,snr2,8,9.29363905288225,9.29363905288225,0.0
swap,snr2,10,11.71070483949354,11.710704839493541,1.7763568394002505e-15
swap,snr2,12,14.118852292213315,14.118852292213315,0.0
swap,snr2,14,16.538984204983855,16.538984204983855,0.0
swap,snr2,16,18.944744912369472,18.944744912369472,0.0
swap,snr2,18,21.391146144800693,21.391146144800693,0.0
swap,snr2,20,23.74414909994062,23.74414909994062,0.0
