n,median_abs_dlog10,q999_abs_dlog10,max_abs_dlog10,frac_exactly_equal,median_diff
2,0.0,1.0649381820826891e-11,6.360990276732537e-07,0.99779,0.0
4,0.0,9.45939362395733e-11,1.5130799798868111e-05,0.98068,0.0
6,0.0,1.7901176718738043e-10,0.00015789901337370793,0.92937,0.0
8,0.0,3.509010255698221e-10,1.1924104050820006e-06,0.83077,0.0
10,0.0,9.416304536103199e-10,3.796419014179264e-05,0.68849,0.0
12,0.0,6.429676027153204e-10,0.000426607923365907,0.53071,1.4210854715202004e-14
14,3.552713678800501e-15,1.1973862115155806e-09,2.219324304064685e-05,0.38062,-1.7763568394002505e-15
16,7.105427357601002e-15,1.930678941164467e-09,0.00010248010570990118,0.26296,7.105427357601002e-15
18,8.881784197001252e-15,2.427625975798373e-09,1.74282355089872e-05,0.18278,-3.552713678800501e-15
20,1.0658141036401503e-14,2.6687537300063203e-09,1.83304633836201e-05,0.13033,-1.7053025658242404e-13
