family,depth,parameter,a2_cell,a2_n_fit,b1_n_fit,metric,a2,b1_mean,b1_pct_lo,b1_pct_hi,b1_boot_lo,b1_boot_hi,a2_minus_b1_mean,agreement
rx_product,-,k=0,RX product (A2 regression arm),4-20 (all n),4-20 (even n),b_S,0.5945029861398933,0.6017694735648849,0.6004201300366568,0.6034728741847081,0.6011526262014902,0.602420622577092,-0.007266487424991586,False
rx_product,-,k=0,RX product (A2 regression arm),4-20 (all n),4-20 (even n),b_r,3.8904335283681514e-05,-3.198350428245648e-05,-0.00033631355612373797,0.00018107491880215866,-0.0001357780845887684,5.924471675971059e-05,7.0887839566138e-05,True
rx_product,-,k=0,RX product (A2 regression arm),4-20 (all n),4-20 (even n),b_LE,0.595113517921561,0.6021798779003564,0.600628708320279,0.6046408972045841,0.6014270187707714,0.6030402670712826,-0.007066359978795456,False
rx_product,-,k=0,RX product (A2 regression arm),4-20 (all n),4-20 (even n),b_SWAP,1.1888991481830038,1.2016409057787443,1.1988065666056662,1.2056626287611092,1.2003931462601964,1.203033275673319,-0.012741757595740477,False
rx_product,-,k=0,RX product (A2 regression arm),4-20 (all n),4-20 (even n),gap_obs,0.5937856302614428,0.5994610278783881,0.597689047735396,0.601033018568804,0.5987822622967138,0.6001411483675028,-0.005675397616945244,False
rx_product,-,k=0,RX product (A2 regression arm),4-20 (all n),4-20 (even n),ratio_obs,1.997768681738644,1.9954873967574613,1.9932354977299955,1.9985627795231673,1.994351274432557,1.9966936295885769,0.0022812849811826297,True
hea_ring,2,EARLY,"HEA depth 2, first rotation on qubit 0",4-12 (all n),4-12 (even n),b_S,0.3756114284619822,0.3745635340372817,0.3708963814209286,0.3771034613022529,0.37320323323832894,0.3757643594489617,0.0010478944247004907,True
hea_ring,2,EARLY,"HEA depth 2, first rotation on qubit 0",4-12 (all n),4-12 (even n),b_r,-0.0001898431570699868,-0.0014510485168113807,-0.0026857536156834763,-0.00040314128987928923,-0.0019286172679288075,-0.0009974969309106256,0.0012612053597413938,False
hea_ring,2,EARLY,"HEA depth 2, first rotation on qubit 0",4-12 (all n),4-12 (even n),b_LE,0.386702509952584,0.3840289137997785,0.3781878530344667,0.3886484598141512,0.3818432225919862,0.3861975901649875,0.002673596152805491,True
hea_ring,2,EARLY,"HEA depth 2, first rotation on qubit 0",4-12 (all n),4-12 (even n),b_SWAP,0.75905752659534,0.7534033227109552,0.7461882658414519,0.7606198090604813,0.7503121682723001,0.7564236933206612,0.005654203884384756,True
hea_ring,2,EARLY,"HEA depth 2, first rotation on qubit 0",4-12 (all n),4-12 (even n),gap_obs,0.372355016642756,0.3693744089111767,0.3645193228599992,0.373167419017665,0.3676881182138618,0.37088945269290546,0.002980607731579321,True
hea_ring,2,EARLY,"HEA depth 2, first rotation on qubit 0",4-12 (all n),4-12 (even n),ratio_obs,1.9628978531543868,1.9619028629675346,1.9499022185608466,1.976275011065442,1.9562560592993687,1.967921516085263,0.0009949901868522293,True
hea_ring,n,EARLY,"HEA depth n, first rotation on qubit 0",6-12 (all n),6-12 (even n),b_S,0.3022642089225904,0.3020400202758283,0.2995498561119676,0.3046093891990249,0.3011258337975196,0.30297541299484626,0.00022418864676210237,True
hea_ring,n,EARLY,"HEA depth n, first rotation on qubit 0",6-12 (all n),6-12 (even n),b_r,0.0004668289971147929,-0.00026730620952167023,-0.0031331432605782267,0.0024045902277746297,-0.0014045821658719999,0.000820152470302003,0.0007341352066364631,True
hea_ring,n,EARLY,"HEA depth n, first rotation on qubit 0",6-12 (all n),6-12 (even n),b_LE,0.3041446602603953,0.3027777140317152,0.2987923580257643,0.3081439566884331,0.30107103549340697,0.3046894930764867,0.0013669462286801104,True
hea_ring,n,EARLY,"HEA depth n, first rotation on qubit 0",6-12 (all n),6-12 (even n),b_SWAP,0.6063411442097927,0.6024126040225392,0.5983621327928911,0.6095226256135842,0.6001584551135869,0.605019885853689,0.003928540187253526,True
hea_ring,n,EARLY,"HEA depth n, first rotation on qubit 0",6-12 (all n),6-12 (even n),gap_obs,0.30219648394939735,0.29963488999082394,0.29564685154667786,0.3027560426877165,0.2981456928974611,0.30104913357826485,0.002561593958573416,True
hea_ring,n,EARLY,"HEA depth n, first rotation on qubit 0",6-12 (all n),6-12 (even n),ratio_obs,1.9935945733542386,1.9897020965645358,1.9752579011609257,2.010911134800164,1.9828608565719072,1.9972838633756649,0.0038924767897028367,True
