seed,fit_range,metric,b3_published,regenerated,abs_diff
10000,primary_2_20,slope_loschmidt_snr1,0.6073411370096533,0.6073411370096533,0.0
10000,primary_2_20,slope_swap_snr1,1.2064219183403546,1.2064219183403546,0.0
10000,n_ge_8,slope_loschmidt_snr1,0.6041762258671474,0.6041762258671474,0.0
10000,n_ge_8,slope_swap_snr1,1.209020789177732,1.209020789177732,0.0
10001,primary_2_20,slope_loschmidt_snr1,0.6051956151941058,0.6051956151941058,0.0
10001,primary_2_20,slope_swap_snr1,1.2006958464247282,1.2006958464247282,0.0
10001,n_ge_8,slope_loschmidt_snr1,0.6007755861633332,0.6007755861633332,0.0
10001,n_ge_8,slope_swap_snr1,1.1996425146054286,1.1996425146054286,0.0
10002,primary_2_20,slope_loschmidt_snr1,0.6053002940557245,0.6053002940557245,0.0
10002,primary_2_20,slope_swap_snr1,1.1999770547332844,1.1999770547332844,0.0
10002,n_ge_8,slope_loschmidt_snr1,0.6023893687951796,0.6023893687951796,0.0
10002,n_ge_8,slope_swap_snr1,1.1992802990636504,1.1992802990636504,0.0
10003,primary_2_20,slope_loschmidt_snr1,0.6062417994662778,0.6062417994662778,0.0
10003,primary_2_20,slope_swap_snr1,1.203342619503394,1.203342619503394,0.0
10003,n_ge_8,slope_loschmidt_snr1,0.6049046667639381,0.6049046667639381,0.0
10003,n_ge_8,slope_swap_snr1,1.209825987109327,1.2098259871093273,2.220446049250313e-16
10004,primary_2_20,slope_loschmidt_snr1,0.6057306108802322,0.6057306108802322,0.0
10004,primary_2_20,slope_swap_snr1,1.2017538555940068,1.2017538555940068,0.0
10004,n_ge_8,slope_loschmidt_snr1,0.5999429991421878,0.5999429991421878,0.0
10004,n_ge_8,slope_swap_snr1,1.2004558052365113,1.2004558052365113,0.0
10005,primary_2_20,slope_loschmidt_snr1,0.6065367436187931,0.6065367436187931,0.0
10005,primary_2_20,slope_swap_snr1,1.2033661830327749,1.2033661830327749,0.0
10005,n_ge_8,slope_loschmidt_snr1,0.6051313993634787,0.6051313993634787,0.0
10005,n_ge_8,slope_swap_snr1,1.2090762749933548,1.2090762749933548,0.0
10006,primary_2_20,slope_loschmidt_snr1,0.6059584043989683,0.6059584043989683,0.0
10006,primary_2_20,slope_swap_snr1,1.2022998611681213,1.2022998611681213,0.0
10006,n_ge_8,slope_loschmidt_snr1,0.6034714824796944,0.6034714824796944,0.0
10006,n_ge_8,slope_swap_snr1,1.2049360101571,1.2049360101571,0.0
10007,primary_2_20,slope_loschmidt_snr1,0.6057136804865836,0.6057136804865836,0.0
10007,primary_2_20,slope_swap_snr1,1.202319489153856,1.202319489153856,0.0
10007,n_ge_8,slope_loschmidt_snr1,0.6029424447543901,0.6029424447543901,0.0
10007,n_ge_8,slope_swap_snr1,1.2040139746921328,1.2040139746921328,0.0
10008,primary_2_20,slope_loschmidt_snr1,0.6045366962851113,0.6045366962851113,0.0
10008,primary_2_20,slope_swap_snr1,1.19998302602651,1.1999830260265099,2.220446049250313e-16
10008,n_ge_8,slope_loschmidt_snr1,0.6004801182119911,0.6004801182119911,0.0
10008,n_ge_8,slope_swap_snr1,1.2006007308145574,1.2006007308145574,0.0
10009,primary_2_20,slope_loschmidt_snr1,0.6050292709159794,0.6050292709159794,0.0
10009,primary_2_20,slope_swap_snr1,1.2003339692279758,1.2003339692279758,0.0
10009,n_ge_8,slope_loschmidt_snr1,0.6011787527603528,0.6011787527603528,0.0
10009,n_ge_8,slope_swap_snr1,1.2001171201802368,1.2001171201802368,0.0
10010,primary_2_20,slope_loschmidt_snr1,0.6057369421766725,0.6057369421766725,0.0
10010,primary_2_20,slope_swap_snr1,1.2027415310043867,1.2027415310043867,0.0
10010,n_ge_8,slope_loschmidt_snr1,0.6034877893814068,0.6034877893814068,0.0
10010,n_ge_8,slope_swap_snr1,1.2073689478469554,1.2073689478469554,0.0
10011,primary_2_20,slope_loschmidt_snr1,0.6052116455704053,0.6052116455704053,0.0
10011,primary_2_20,slope_swap_snr1,1.1994818332162205,1.1994818332162203,2.220446049250313e-16
10011,n_ge_8,slope_loschmidt_snr1,0.602828266082848,0.602828266082848,0.0
10011,n_ge_8,slope_swap_snr1,1.2028177261756814,1.2028177261756814,0.0
10012,primary_2_20,slope_loschmidt_snr1,0.6053768719735746,0.6053768719735746,0.0
10012,primary_2_20,slope_swap_snr1,1.2019522380656409,1.2019522380656407,2.220446049250313e-16
10012,n_ge_8,slope_loschmidt_snr1,0.601743616346917,0.601743616346917,0.0
10012,n_ge_8,slope_swap_snr1,1.202550642783046,1.202550642783046,0.0
10013,primary_2_20,slope_loschmidt_snr1,0.6052397432049803,0.6052397432049803,0.0
10013,primary_2_20,slope_swap_snr1,1.202427420981342,1.2024274209813421,2.220446049250313e-16
10013,n_ge_8,slope_loschmidt_snr1,0.5995158110359509,0.5995158110359509,0.0
10013,n_ge_8,slope_swap_snr1,1.200227648903411,1.200227648903411,0.0
10014,primary_2_20,slope_loschmidt_snr1,0.6044608808066717,0.6044608808066717,0.0
10014,primary_2_20,slope_swap_snr1,1.1999586567336724,1.1999586567336724,0.0
10014,n_ge_8,slope_loschmidt_snr1,0.5989706412513757,0.5989706412513757,0.0
10014,n_ge_8,slope_swap_snr1,1.1974139762987437,1.1974139762987435,2.220446049250313e-16
10015,primary_2_20,slope_loschmidt_snr1,0.6049044568249293,0.6049044568249293,0.0
10015,primary_2_20,slope_swap_snr1,1.2003999088563928,1.2003999088563928,0.0
10015,n_ge_8,slope_loschmidt_snr1,0.6007446617293938,0.6007446617293938,0.0
10015,n_ge_8,slope_swap_snr1,1.1999896872969715,1.1999896872969715,0.0
10016,primary_2_20,slope_loschmidt_snr1,0.6060706783529716,0.6060706783529716,0.0
10016,primary_2_20,slope_swap_snr1,1.201776302703195,1.201776302703195,0.0
10016,n_ge_8,slope_loschmidt_snr1,0.6044606464205508,0.6044606464205508,0.0
10016,n_ge_8,slope_swap_snr1,1.206312692030751,1.206312692030751,0.0
10017,primary_2_20,slope_loschmidt_snr1,0.604932373957906,0.604932373957906,0.0
10017,primary_2_20,slope_swap_snr1,1.201358662784072,1.201358662784072,0.0
10017,n_ge_8,slope_loschmidt_snr1,0.6012465907806669,0.6012465907806669,0.0
10017,n_ge_8,slope_swap_snr1,1.202375446531977,1.202375446531977,0.0
10018,primary_2_20,slope_loschmidt_snr1,0.60365612000963,0.60365612000963,0.0
10018,primary_2_20,slope_swap_snr1,1.1988138136356552,1.1988138136356552,0.0
10018,n_ge_8,slope_loschmidt_snr1,0.5990363351303162,0.5990363351303162,0.0
10018,n_ge_8,slope_swap_snr1,1.197916439308881,1.197916439308881,0.0
10019,primary_2_20,slope_loschmidt_snr1,0.6031318374119657,0.6031318374119657,0.0
10019,primary_2_20,slope_swap_snr1,1.1982715813482294,1.1982715813482294,0.0
10019,n_ge_8,slope_loschmidt_snr1,0.595811178944755,0.595811178944755,0.0
10019,n_ge_8,slope_swap_snr1,1.1945182368954017,1.1945182368954017,0.0
