family,regime,depth,position,layer,qubit,gate,n,seeds_pooled,n_rows,n_S_zero,n_delta_zero,n_var_le_zero,n_underflow,n_r_numerically_zero,n_nonfinite_log10_M_LE,n_nonfinite_log10_M_SWAP,mean_F_plus,mean_F_minus,median_F_plus,median_F_minus,mean_S,median_S,mean_log10_S,geometric_mean_S,iqr_log10_S,median_abs_r,mean_abs_r,iqr_log10_abs_r,frac_abs_r_lt_1e-1,frac_abs_r_lt_1e-2,frac_abs_r_lt_1e-3,median_log10_R,median_log10_R_times_S,median_log10_S,n_nan_log10_S,median_log10_abs_r,n_nan_log10_abs_r,median_log10_M_LE,n_nan_log10_M_LE,median_log10_M_SWAP,n_nan_log10_M_SWAP
hea_ring,d2,2,EARLY,0,0,RY,4,10,40000,0,0,0,0,0,0,0,0.0627317999454017,0.06267229731237677,0.036072287107757554,0.03578904784345664,0.12540409725777846,0.0959505900089106,-1.0913186542856408,0.08103662507659452,0.5991273351304183,0.5370142257095979,0.5269401825616499,0.4638704521273641,0.092175,0.0084,0.000725,1.3468375905525565,0.32795719943124346,-1.0179523507577564,0,-0.2700142095647064,0,1.6734187085582006,0,3.0940411074891507,0
hea_ring,d2,2,LATE,1,0,RY,4,10,40000,0,0,0,0,0,0,0,0.062491884011637605,0.06259318918859812,0.0356863312024132,0.036143233513879526,0.12508507320023574,0.09766299918853188,-1.0889116950890476,0.08148699543361543,0.5821063770276729,0.5515305321402111,0.5353555997063019,0.455660929872558,0.088175,0.008625,0.000925,1.3403682095168046,0.32837537287371205,-1.0102699428688386,0,-0.25843044054394126,0,1.646059521327822,0,3.063653535953918,0
hea_ring,d2,2,EARLY,0,0,RY,6,10,40000,0,0,0,0,0,0,0,0.015547562508909266,0.015461233692036495,0.006299900646911202,0.006199419023708507,0.03100879620094576,0.01717669951103806,-1.8380215914166467,0.01452039426093504,0.8030545075958009,0.5471464383320763,0.5320452587838663,0.4579487343057824,0.09,0.0085,0.000875,2.071210133803617,0.3059635388474985,-1.7650602819197951,0,-0.2618964238176904,0,2.4474198964101817,0,4.581314544270793,0
hea_ring,d2,2,LATE,1,0,RY,6,10,40000,0,0,0,0,0,0,0,0.015611733446131513,0.015528517897484146,0.006201485509908355,0.006324771491440537,0.03114025134361566,0.017325491972252263,-1.8364285957743436,0.01457375298381212,0.8042425605928152,0.5557473787520757,0.5391360491934714,0.45144554486955824,0.086675,0.00835,0.0008,2.067477788175274,0.3060381239360238,-1.7613144243873862,0,-0.2551225772454949,0,2.4260012577524375,0,4.563620801390581,0
hea_ring,d2,2,EARLY,0,0,RY,8,10,40000,0,0,0,0,0,0,0,0.0038907337631640744,0.0038880622600280345,0.001100766606661815,0.0010998757036401133,0.007778796023192109,0.00307763943268572,-2.586960888606486,0.002588446013146195,0.9824484450850677,0.5522852799680584,0.5352914042593602,0.4572331249273961,0.089025,0.00985,0.00115,2.8136492403461943,0.3019209074114988,-2.5117822727576593,0,-0.2578365318515172,0,3.211730143776691,0,6.094289369534245,0
hea_ring,d2,2,LATE,1,0,RY,8,10,40000,0,0,0,0,0,0,0,0.00390705894391014,0.003923765344916936,0.0011089676332384246,0.0011025742495949348,0.007830824288827077,0.0031002301637743273,-2.584662602071691,0.0026021803793439473,0.9893943121633533,0.5580367308375557,0.5389442533440502,0.4553198173023138,0.0901,0.009675,0.00075,2.8106618493013578,0.30192922930586974,-2.50860606258989,0,-0.25333721426307054,0,3.1956139573482196,0,6.074352547081171,0
hea_ring,d2,2,EARLY,0,0,RY,10,10,40000,0,0,0,0,0,0,0,0.0009972087846077612,0.0010007640977704917,0.00019619693658135472,0.00019661604861545453,0.0019979728823782527,0.0005546116901206551,-3.340393308406957,0.00045667442601770333,1.1501498622254864,0.5488388654267286,0.5346167992406835,0.4547662609811166,0.088375,0.009025,0.00085,3.5572372549334363,0.30118878425340756,-3.256010983492611,0,-0.2605551421612224,0,3.9769288082812793,0,7.592075578770914,0
hea_ring,d2,2,LATE,1,0,RY,10,10,40000,0,0,0,0,0,0,0,0.001007620991679651,0.0010068109059078322,0.00019804465794660847,0.00019655471774698862,0.0020144318975874828,0.0005579176157419489,-3.336868382126811,0.0004603960806997101,1.1462524835821162,0.5594192009737514,0.5395724738152599,0.4485567557348602,0.084725,0.008775,0.00115,3.55465893125223,0.301192206403301,-3.253429927463299,0,-0.2522626315947559,0,3.9562953699647165,0,7.568251590200777,0
hea_ring,d2,2,EARLY,0,0,RY,12,10,40000,0,0,0,0,0,0,0,0.0002453996895485031,0.00024630754158269175,3.3714168856366006e-05,3.395451310691503e-05,0.0004917072311311948,9.570197119446907e-05,-4.096900747609912,8.00017067676181e-05,1.2828452098243828,0.5538504107702353,0.5363705896100536,0.45375243831602996,0.089125,0.009925,0.0009,4.320143523386687,0.3010575918418841,-4.019079118586605,0,-0.25660751786777314,0,4.751088589210463,0,9.123312008380083,0
hea_ring,d2,2,LATE,1,0,RY,12,10,40000,0,0,0,0,0,0,0,0.00024064661342400204,0.00024809852997567894,3.373446905057399e-05,3.431247034163295e-05,0.000488745143399681,9.646601789147307e-05,-4.093892854369394,8.055771621825458e-05,1.2693436709044907,0.5581492083924064,0.5388345964183086,0.45308607595725114,0.088525,0.0088,0.000875,4.316693804978801,0.301058075325755,-4.015625649225713,0,-0.2532496869475311,0,4.735394514025707,0,9.101221642559981,0
hea_ring,d2,2,EARLY,0,0,RY,14,10,40000,0,0,0,0,0,0,0,6.217083418891737e-05,6.207057859059977e-05,5.9942242982628e-06,6.203958164871465e-06,0.00012424141277951714,1.718160076699267e-05,-4.848282909166922,1.4181334168133987e-05,1.403678724545573,0.5502960224428509,0.5349235683400723,0.45832293282688663,0.0891,0.00905,0.001,5.065970522221215,0.3010349890678423,-4.764936376510519,0,-0.25940362627580565,0,5.486506247329178,0,10.59793330071526,0
hea_ring,d2,2,LATE,1,0,RY,14,10,40000,0,0,0,0,0,0,0,6.080645315114416e-05,6.288404112335276e-05,6.1315143566880225e-06,6.020704529389076e-06,0.00012369049427449693,1.7612389393964217e-05,-4.84749171625514,1.4207193114408558e-05,1.4097607507226808,0.5590159807088697,0.5399219149341618,0.4510145595312545,0.08415,0.00765,0.00075,5.0552180768139525,0.3010351086316616,-4.7541817220122535,0,-0.25257577713990953,0,5.478788581392832,0,10.581729367233796,0
hea_ring,d2,2,EARLY,0,0,RY,16,10,40000,0,0,0,0,0,0,0,1.5783233639395826e-05,1.531576854549242e-05,1.0340695265160986e-06,1.0271955891655633e-06,3.1099002184888245e-05,2.8713501804502864e-06,-5.6168057664477535,2.416541365023994e-06,1.5177705980945877,0.549477548922328,0.5341969218753652,0.4573394995376394,0.090025,0.009175,0.000975,5.842944681601924,0.30103083582426393,-5.541913844886924,0,-0.2600500482714013,0,6.266811244943692,0,12.152395885697368,0
hea_ring,d2,2,LATE,1,0,RY,16,10,40000,0,0,0,0,0,0,0,1.5848552798191108e-05,1.513145356593803e-05,1.0268437871505107e-06,1.036366754643769e-06,3.098000636412914e-05,2.9085682704563224e-06,-5.615539893780071,2.423595325714355e-06,1.507169795322814,0.5596093894304413,0.5403115314202591,0.45028784723087634,0.0888,0.008025,0.000725,5.837351515823589,0.30103084846572736,-5.536320757067369,0,-0.25211500729031894,0,6.251716589848712,0,12.129199296577973,0
hea_ring,d4,4,EARLY,0,0,RY,4,10,40000,0,0,0,0,0,0,0,0.06236183880473172,0.06232371823464871,0.045628557202909044,0.04552124602770449,0.1246855570393804,0.1104035000237928,-1.0047442648366407,0.09891353775214085,0.41516367550651,0.49932954970854554,0.49891953388965815,0.4768282530250238,0.101925,0.009875,0.00085,1.2902635226811252,0.3312798564809168,-0.9570171583429287,0,-0.30161273264412436,0,1.6273151762159752,0,2.9896722342391517,0
hea_ring,d4,4,MIDDLE,2,0,RY,4,10,40000,0,0,0,0,0,0,0,0.06279814002285536,0.062019040587552095,0.04569711344478451,0.04512050423392078,0.12481718061040745,0.10927941085139098,-1.0091456893515023,0.09791614587200939,0.42528462431501135,0.4900618547413942,0.49340900103619095,0.48072497123583596,0.1,0.0102,0.001125,1.294229896862155,0.3309480847217918,-0.9614616550353796,0,-0.30974910223014995,0,1.6481408895755174,0,3.0118097766388847,0
hea_ring,d4,4,LATE,3,0,RY,4,10,40000,0,0,0,0,0,0,0,0.06259431887929932,0.06250710904473394,0.045743864321879664,0.045311031589176376,0.12510142792403325,0.11118260170277217,-1.0031404633960281,0.0992794897905647,0.4166258487696911,0.5027932599878973,0.5023887483562428,0.4738406322099261,0.099075,0.00975,0.0012,1.2874213224637627,0.3315247121733647,-0.9539631680087548,0,-0.29861055275537085,0,1.6143879259930718,0,2.9709131178008334,0
hea_ring,d4,4,EARLY,0,0,RY,6,10,40000,0,0,0,0,0,0,0,0.015656621994491637,0.015555419601744665,0.010537569194875512,0.010606265101011914,0.031212041596236303,0.025682580449786392,-1.6313467731131914,0.023369704819063197,0.46562077525888923,0.5038991561450479,0.5028970068309198,0.47479395809850206,0.09925,0.0096,0.000975,1.8987109944274128,0.3082483632081974,-1.5903613428486771,0,-0.29765636947907825,0,2.2672595787201693,0,4.243595902312476,0
hea_ring,d4,4,MIDDLE,2,0,RY,6,10,40000,0,0,0,0,0,0,0,0.015620983875209446,0.015648166894379305,0.010579560163074589,0.010702055648243093,0.03126915076958875,0.025804630020338226,-1.630026966787316,0.023440832588832144,0.46087928350740937,0.49379770460207884,0.49637020447067226,0.4842535095114797,0.10125,0.010675,0.001075,1.8968642431303466,0.3082182553925522,-1.5883023633511788,0,-0.3064509332713219,0,2.2916274351039836,0,4.25977566433323,0
hea_ring,d4,4,LATE,3,0,RY,6,10,40000,0,0,0,0,0,0,0,0.015594089681574325,0.015697859168139813,0.010702699862983726,0.010798476199397822,0.03129194884971414,0.02612469004972945,-1.625870368449796,0.023666260007618577,0.45566419658695345,0.49946490497480767,0.4998749131387889,0.477902551568188,0.10095,0.010125,0.000875,1.8916978210047124,0.30831735042537833,-1.582948853893052,0,-0.301495022229561,0,2.272270916112456,0,4.24258537603292,0
hea_ring,d4,4,EARLY,0,0,RY,8,10,40000,0,0,0,0,0,0,0,0.003920611687383439,0.003889725039024904,0.00248357254130498,0.0024642993119437673,0.007810336726408343,0.006015736272132862,-2.257919211246937,0.00552180147923154,0.5075327355980765,0.5011267582860249,0.5019659032321386,0.4768554725563643,0.09865,0.009975,0.0011,2.5234294322822572,0.302723873704585,-2.2207112117068823,0,-0.3000524070000995,0,2.913759146510022,0,5.514181496207853,0
hea_ring,d4,4,MIDDLE,2,0,RY,8,10,40000,0,0,0,0,0,0,0,0.0038968817243590424,0.0038812358560271184,0.0024512262513256434,0.0024555506768766493,0.00777811758038616,0.005949884256479859,-2.2610590653310583,0.005482024027062203,0.5122998174278317,0.49667225729746034,0.497421067174796,0.4762103001164105,0.1,0.009825,0.0008,2.5281084408173418,0.3027031496373207,-2.225491482829458,0,-0.30393009791128267,0,2.92511608734573,0,5.533891720268686,0
hea_ring,d4,4,LATE,3,0,RY,8,10,40000,0,0,0,0,0,0,0,0.003894921894055132,0.003933908305936991,0.0024580549707036853,0.0024786304506878507,0.007828830199992124,0.006042874632170272,-2.2557011805051856,0.005550074585527494,0.5067563429552195,0.5055100897568203,0.5039309770607233,0.4752373513951965,0.099125,0.01095,0.00125,2.5215275940376403,0.3027400810027019,-2.2187564157027015,0,-0.296270171922146,0,2.901583478111652,0,5.496378298546316,0
hea_ring,d4,4,EARLY,0,0,RY,10,10,40000,0,0,0,0,0,0,0,0.0009856370074971775,0.0009813353800625013,0.0005668074126791416,0.0005651610280808328,0.001966972387559679,0.0013934909625086772,-2.8899738129500374,0.001288327232791765,0.5632490220211519,0.4989428869264949,0.4995832624741521,0.47384358106810925,0.10055,0.01045,0.00095,3.1574515878516687,0.30142349763914544,-2.8558958435611483,0,-0.30194916508013253,0,3.5556005942405506,0,6.7867440270952795,0
hea_ring,d4,4,MIDDLE,2,0,RY,10,10,40000,0,0,0,0,0,0,0,0.0009749530824100993,0.00099427180834289,0.0005670734371023877,0.0005751456965232703,0.0019692248907529895,0.0013872510753127727,-2.89174599114078,0.0012830808077098437,0.5605338713430252,0.49454202169211475,0.4971730790664029,0.4853689653334442,0.101825,0.0107,0.00115,3.159254155276484,0.3014195068289254,-2.857844929905286,0,-0.3057968002020859,0,3.568696684668539,0,6.804659125202419,0
hea_ring,d4,4,LATE,3,0,RY,10,10,40000,0,0,0,0,0,0,0,0.0009762209336673172,0.00097955486362746,0.0005668534958798662,0.0005631186481719269,0.0019557757972947774,0.0013981101626088243,-2.8904056511244853,0.0012870468288400634,0.5610199293462812,0.5030579599404477,0.5023105041898133,0.47732061876347787,0.1001,0.009675,0.001075,3.1558594543282226,0.3014243496490696,-2.8544586123652307,0,-0.29838197550628864,0,3.5528136097635503,0,6.7831180642562074,0
hea_ring,d4,4,EARLY,0,0,RY,12,10,40000,0,0,0,0,0,0,0,0.00024343839587692468,0.0002431314948727489,0.0001282430012567782,0.00012888651814829325,0.00048656989074967347,0.0003171307148673335,-3.5311657722724434,0.00029432979485074574,0.6089159730942431,0.5018580546735762,0.5013655474362086,0.47584578492292645,0.100125,0.0106,0.00085,3.799882966517202,0.30111969389643956,-3.4987616938190667,0,-0.299419101160899,0,4.2046941417110935,0,8.084672911808717,0
hea_ring,d4,4,MIDDLE,2,0,RY,12,10,40000,0,0,0,0,0,0,0,0.00024121834345793784,0.00024402096035636137,0.000126993008900046,0.00012935716030770128,0.0004852393038142992,0.00031324391808545466,-3.532571128258485,0.0002933788971970714,0.6117471025462793,0.4916926057980999,0.49630245383577504,0.47311984674616553,0.101725,0.011275,0.001325,3.8052161876202026,0.30111797680261154,-3.504117352472907,0,-0.3083063235842679,0,4.219324919478489,0,8.107922740975587,0
hea_ring,d4,4,LATE,3,0,RY,12,10,40000,0,0,0,0,0,0,0,0.00024325216835075877,0.00024346063149498104,0.0001283288780283966,0.00012791424434672669,0.00048671279984573986,0.0003172580163731031,-3.5284749391745653,0.0002961590858125493,0.6063193348423428,0.5051102322842919,0.5036997047965222,0.46975862833972176,0.09895,0.0098,0.0011,3.799722491679807,0.30111981341974614,-3.4985873954835958,0,-0.2966138338055979,0,4.201022129714152,0,8.070577152413142,0
hea_ring,d4,4,EARLY,0,0,RY,14,10,40000,0,0,0,0,0,0,0,6.144820027512492e-05,6.107702729462613e-05,2.9305764428690708e-05,2.9027701740243942e-05,0.00012252522756975103,7.23787717663604e-05,-4.165938296681481,6.824356457599483e-05,0.6659890857511397,0.5010178132195131,0.4995663061622454,0.4803826503174315,0.09975,0.0103,0.001025,4.441437700736461,0.3010503734589527,-4.140388790956454,0,-0.300146832929,0,4.854766188613306,0,9.37079453983239,0
hea_ring,d4,4,MIDDLE,2,0,RY,14,10,40000,0,0,0,0,0,0,0,6.120186275922456e-05,6.136105295957174e-05,2.9404276038331934e-05,2.9260551379335135e-05,0.0001225629157187963,7.213649782064545e-05,-4.168458781800823,6.784865115192697e-05,0.6588256827174575,0.48985010954334857,0.4942078132761388,0.48696221336548473,0.10325,0.011675,0.0011,4.442897875096966,0.30105021012053257,-4.1418449463147615,0,-0.30993679085246073,0,4.871731069774189,0,9.38737041102673,0
hea_ring,d4,4,LATE,3,0,RY,14,10,40000,0,0,0,0,0,0,0,6.167133987715134e-05,6.127979784085726e-05,2.921449876753256e-05,2.9058101747535295e-05,0.0001229511377180086,7.333077661704229e-05,-4.163720889325898,6.859289149320023e-05,0.6620320877552475,0.5074219349800024,0.5046155538691988,0.4743509871347795,0.098975,0.010225,0.000825,4.435762969437082,0.30105077806559466,-4.134713718852713,0,-0.29463076294451374,0,4.834830224363561,0,9.350422261867642,0
hea_ring,d4,4,EARLY,0,0,RY,16,10,40000,0,0,0,0,0,0,0,1.5371999056535273e-05,1.5157054829518849e-05,6.69823652998547e-06,6.589229648560836e-06,3.052905388605412e-05,1.6645279099764378e-05,-4.809334834192789,1.551190605332418e-05,0.7088949813846614,0.49814182632419757,0.4988823567297258,0.47746151687504945,0.102075,0.009875,0.00095,5.079743020326556,0.30103467208962265,-4.778708918413594,0,-0.30264699134279527,0,5.506401704870559,0,10.662587626403138,0
hea_ring,d4,4,MIDDLE,2,0,RY,16,10,40000,0,0,0,0,0,0,0,1.530285104838511e-05,1.52419151190824e-05,6.576980164932146e-06,6.633907084571513e-06,3.054476616746751e-05,1.640763034529888e-05,-4.811890199832652,1.5420902814541918e-05,0.7126227495002251,0.49241621047140066,0.49391183571113795,0.4879284126566417,0.102925,0.01045,0.00115,5.085987978330902,0.3010346231690848,-4.784954137049475,0,-0.3076676588190978,0,5.526118740427432,0,10.678751565687108,0
hea_ring,d4,4,LATE,3,0,RY,16,10,40000,0,0,0,0,0,0,0,1.515926237255713e-05,1.5224476037235435e-05,6.532333108675566e-06,6.700892690741776e-06,3.0383738409792567e-05,1.6712976195898458e-05,-4.80495310140633,1.5669202695624782e-05,0.7032320486510164,0.5089301740084899,0.5048159087605639,0.4749412212859295,0.1002,0.009325,0.00105,5.077981379418495,0.3010347217500158,-4.776946205421907,0,-0.29334179972519125,0,5.485831375581406,0,10.638557362490847,0
hea_ring,dn,4,EARLY,0,0,RY,4,10,40000,0,0,0,0,0,0,0,0.06336557485895442,0.06288109549825008,0.04662638168345039,0.0460897512279846,0.1262466703572045,0.11151952910583213,-0.9988326456447733,0.10026915484666724,0.41384264156529116,0.4996089392465184,0.49947622096585853,0.47624772853593655,0.100375,0.01035,0.000975,1.2857910940593738,0.3316707205466743,-0.952649073062171,0,-0.3013697996254494,0,1.6137885168083055,0,2.9691351371305776,0
hea_ring,dn,4,MIDDLE,2,0,RY,4,10,40000,0,0,0,0,0,0,0,0.0628895448206873,0.06310006140884145,0.04558540690491046,0.04545614785143691,0.12598960622952873,0.11027480506663073,-1.0056373433290036,0.09871034201542685,0.43006759046520004,0.48727821809424576,0.49094147031587837,0.4900734076234584,0.104275,0.01015,0.000975,1.2894046745148793,0.33119252484937944,-0.9575237012937363,0,-0.31222300209091036,0,1.6460415415455505,0,3.007369010577995,0
hea_ring,dn,4,LATE,3,0,RY,4,10,40000,0,0,0,0,0,0,0,0.06266928096230381,0.06267342249873054,0.04560900379488396,0.04573678516010518,0.12534270346103435,0.11171994112583092,-1.0026001408775513,0.09940308410194665,0.4175840457739023,0.5013215020114956,0.500384275510577,0.481314838019602,0.10045,0.010875,0.001375,1.284716103087312,0.33149367310695965,-0.9518693019187279,0,-0.2998836678102407,0,1.6219671029120248,0,2.9778415044251254,0
hea_ring,dn,6,EARLY,0,0,RY,6,10,40000,0,0,0,0,0,0,0,0.015620583658353218,0.015635820466020228,0.010960023471324059,0.010856712800312862,0.031256404124373444,0.02649882650149104,-1.6190164703458287,0.024042716177848287,0.442420198659077,0.49671130448899503,0.4980458877440279,0.4832493631793261,0.1033,0.01045,0.00085,1.8854257553359666,0.30841514004434567,-1.5767733583353651,0,-0.3038959587042268,0,2.2670487293659263,0,4.231328737348099,0
hea_ring,dn,6,MIDDLE,3,0,RY,6,10,40000,0,0,0,0,0,0,0,0.01552208718470341,0.0155882717934212,0.010799663916413887,0.010836670939933898,0.03111035897812461,0.02603648636557417,-1.6246825027626866,0.02373107966421404,0.4482381962070292,0.4929016826425159,0.4956582059587727,0.4790328522851171,0.10185,0.009525,0.0011,1.8928899703711841,0.3083150547445991,-1.584417625706028,0,-0.3072396994372584,0,2.277743488530685,0,4.244101555007118,0
hea_ring,dn,6,LATE,5,0,RY,6,10,40000,0,0,0,0,0,0,0,0.015593458447596038,0.01565037711430408,0.010965710854321778,0.01089529970839673,0.031243835561900118,0.026456553814616035,-1.6191445236673494,0.024035628139783077,0.4412761611690583,0.5026918087699228,0.5018489242779577,0.4758321142762835,0.0982,0.0095,0.00115,1.8862034286352118,0.30843243120038133,-1.5774667273897278,0,-0.29869819159700334,0,2.261549907130858,0,4.2219271354031065,0
hea_ring,dn,8,EARLY,0,0,RY,8,10,40000,0,0,0,0,0,0,0,0.0039181862791506615,0.00394297463516071,0.0027069176720989044,0.0027345275119954136,0.00786116091431137,0.006619423800558625,-2.220773109178832,0.006014878939949507,0.44414406805299267,0.49964199111102503,0.5003292649112735,0.4756020093210329,0.09895,0.01025,0.001025,2.482135063788114,0.3028761556725441,-2.1791798128814523,0,-0.3013410696365083,0,2.870887418380997,0,5.43271596102255,0
hea_ring,dn,8,MIDDLE,4,0,RY,8,10,40000,0,0,0,0,0,0,0,0.003892669971624719,0.003950057048500884,0.0026999589815937803,0.0027624907536540066,0.007842727020125602,0.0066026910327103405,-2.222335737297464,0.005993275787287286,0.4453656480372361,0.5039061535102783,0.5015600389903593,0.47624535395543743,0.10055,0.00995,0.00105,2.483171756713448,0.30288255222562044,-2.180279024915905,0,-0.29765033820172965,0,2.8637272070533473,0,5.417165247469453,0
hea_ring,dn,8,LATE,7,0,RY,8,10,40000,0,0,0,0,0,0,0,0.003904938729025487,0.003922897607059794,0.0027220885989265265,0.0027168258580129957,0.00782783633608528,0.0065743778103457854,-2.222480247238819,0.005991281877876108,0.4449547030626799,0.5011909892170168,0.5006738009670304,0.47559369319213296,0.1,0.01115,0.0011,2.4849723627204368,0.302876916734099,-2.18214534210951,0,-0.2999967456779631,0,2.871884780768614,0,5.425764212526058,0
hea_ring,dn,10,EARLY,0,0,RY,10,10,40000,0,0,0,0,0,0,0,0.0009755679061744033,0.0009850308180745892,0.0006750825379220151,0.0006823235930673271,0.0019605987242489924,0.0016488711345939106,-2.8244243532387654,0.0014982201949635416,0.4406822655852305,0.4978571581198672,0.4996355159089321,0.4780210288102044,0.09955,0.0102,0.000725,3.0843982927030074,0.3014890803642645,-2.78281328475692,0,-0.3028952442987669,0,3.475070423211415,0,6.632908249650385,0
hea_ring,dn,10,MIDDLE,5,0,RY,10,10,40000,0,0,0,0,0,0,0,0.0009772068958818375,0.0009848832031672332,0.000671737584552071,0.000684040641120282,0.0019620900990490707,0.0016573487076096953,-2.8257544861614208,0.001493638549477686,0.4494244149456974,0.5014819877319638,0.5002460532426972,0.47726600382203765,0.100275,0.009725,0.001125,3.0820770796184718,0.3014954873013662,-2.7805861063050883,0,-0.2997446613984975,0,3.4761113014972747,0,6.628796739503022,0
hea_ring,dn,10,LATE,9,0,RY,10,10,40000,0,0,0,0,0,0,0,0.000978879807721944,0.0009795779699053708,0.000674598339883494,0.0006795585430088506,0.0019584577776273152,0.001650408380566143,-2.8252659001629605,0.0014953198545978729,0.44514090042597676,0.4965870610119283,0.4983346133525246,0.4838953228682785,0.103625,0.009775,0.001,3.0838804247666647,0.3014909172705871,-2.7824085797380915,0,-0.3040046007182249,0,3.4832859919704617,0,6.645977080734207,0
hea_ring,dn,12,EARLY,0,0,RY,12,10,40000,0,0,0,0,0,0,0,0.00024412467377636754,0.0002430609589784039,0.00016720771862402482,0.00016739852504874976,0.00048718563275477144,0.0004081037008744824,-3.431505848986289,0.00037024921892833283,0.45021037484811366,0.5001137793457808,0.5003413153094716,0.4752342305204401,0.099925,0.01005,0.001,3.690394755818828,0.30114441717735874,-3.389229466825549,0,-0.30093117982056417,0,4.082748753888385,0,7.847580530525558,0
hea_ring,dn,12,MIDDLE,6,0,RY,12,10,40000,0,0,0,0,0,0,0,0.0002444231755693429,0.00024382479884618594,0.00016976301539120098,0.00016820583033592436,0.00048824797441552887,0.0004093069144565217,-3.428395359084913,0.00037291052490072847,0.44615391501132384,0.5010842836083143,0.49986483206341664,0.47837465343800606,0.100775,0.0101,0.00105,3.689096261436412,0.30114477808524565,-3.3879509187218746,0,-0.3000892185902333,0,4.081385229616239,0,7.843582076852315,0
hea_ring,dn,12,LATE,11,0,RY,12,10,40000,0,0,0,0,0,0,0,0.0002422069476663646,0.00024684151290037753,0.0001664329553000494,0.0001710533506614737,0.0004890484605667421,0.00041027079228640176,-3.4286268358757743,0.00037271181841200886,0.4492236906658622,0.5037972085916289,0.5024887504232244,0.4751995044975197,0.0954,0.01025,0.001075,3.6880895189441327,0.3011449364646721,-3.386929399953847,0,-0.297744244913342,0,4.075284080366754,0,7.838154969819058,0
hea_ring,dn,14,EARLY,0,0,RY,14,10,40000,0,0,0,0,0,0,0,6.0350720694827984e-05,6.110280626762014e-05,4.1698116700179135e-05,4.249896771709084e-05,0.00012145352696244813,0.00010156108851528648,-4.034375762792923,9.238984472378254e-05,0.4514405029265349,0.4941455231928502,0.49620714928810505,0.48253639434151546,0.102025,0.010375,0.001,4.294334137753376,0.30105846130288816,-3.9932726531732192,0,-0.3061451348562877,0,4.6975834577439475,0,9.062574329581782,0
hea_ring,dn,14,MIDDLE,7,0,RY,14,10,40000,0,0,0,0,0,0,0,6.069849227697738e-05,6.103790256583767e-05,4.198063261095734e-05,4.236826432836991e-05,0.00012173639484281505,0.00010214969412718328,-4.032849584496121,9.271508813834463e-05,0.44749567989233974,0.4980714179543523,0.4998043592397502,0.4704645254027823,0.097475,0.0094,0.000775,4.29182064595349,0.3010584937253056,-3.990762929573683,0,-0.3027083799742971,0,4.6846994425822555,0,9.04933270545352,0
hea_ring,dn,14,LATE,13,0,RY,14,10,40000,0,0,0,0,0,0,0,6.0898727557412813e-05,6.0256261912200234e-05,4.20637489143046e-05,4.147737551521801e-05,0.00012115498946961305,0.00010074744072299051,-4.035797541296127,9.20878765488466e-05,0.4532244217016932,0.4947879637760181,0.49642774188130845,0.48038492174492253,0.101775,0.009525,0.0011,4.297827953912477,0.3010581827510108,-3.9967659774395328,0,-0.3055808746250702,0,4.696882050606623,0,9.064753355776906,0
rxry_czbrick,d2,2,EARLY,0,0,RX,4,10,40000,0,0,0,0,0,0,0,0.06239348529168169,0.06192354241905375,0.03915357697804817,0.03914111683234363,0.12431702771073543,0.10071157284054304,-1.1087159884539584,0.07785455228135679,0.6089829919010497,0.485535380989298,0.4901385253147448,0.48943300202371604,0.1048,0.01135,0.0011,1.3267711234076422,0.32850508125365663,-0.9969206215467582,0,-0.3137791176631592,0,1.753757441111473,0,3.1558691683861118,0
rxry_czbrick,d2,2,LATE,1,0,RX,4,10,40000,0,0,0,0,0,0,0,0.061647811555005705,0.06236821491136125,0.03875253382315098,0.03932233288180911,0.12401602646636695,0.09061380317091071,-1.1537200445291829,0.07019076172134855,0.6862073650720953,0.30588419215586415,0.37051647120127523,0.7203369685079781,0.227525,0.03665,0.005125,1.3676324031357887,0.3240312816761145,-1.0428056413486382,0,-0.5144429664893,0,2.2071960729859965,0,3.673591957574569,0
rxry_czbrick,d2,2,EARLY,0,0,RX,6,10,40000,0,0,0,0,0,0,0,0.015374507375023458,0.015693654358666147,0.006660418781231534,0.006733879141089687,0.031068161733689603,0.017791786258386257,-1.8737452250750624,0.013373798482403717,0.8903960751686033,0.4767905018608099,0.48723263141121076,0.4932976937425796,0.106925,0.010675,0.0011,2.0557019958871425,0.3059571534657932,-1.7497804475724976,0,-0.3216724056357118,0,2.565491769245745,0,4.689977493378873,0
rxry_czbrick,d2,2,LATE,1,0,RX,6,10,40000,0,0,0,0,0,0,0,0.015572777467097064,0.015566204234836305,0.006673911785946461,0.0067780818729294,0.03113898170193337,0.015745437641531156,-1.9199992363356753,0.012022665486835664,0.9441834891174763,0.3041741598059957,0.36813769664920165,0.7249156902718004,0.2306,0.037025,0.004975,2.108288992891218,0.3051032147084992,-1.8028452637323797,0,-0.5168776829150279,0,3.0279114002712566,0,5.229661137693736,0
rxry_czbrick,d2,2,EARLY,0,0,RX,8,10,40000,0,0,0,0,0,0,0,0.0039710343938874895,0.003944443227515099,0.001177652981436501,0.00112716654069944,0.007915477621402588,0.0030696073337808764,-2.6322920072317766,0.0023318896389266336,1.0853278008171436,0.4844371861867845,0.49021516530093723,0.48890011991330407,0.104525,0.01015,0.001075,2.81475610112427,0.3018888241831248,-2.5129171816169475,0,-0.3147625275736332,0,3.336414897075583,0,6.222175582005606,0
rxry_czbrick,d2,2,LATE,1,0,RX,8,10,40000,0,0,0,0,0,0,0,0.003949685061306289,0.003948033921262582,0.0011597309965839383,0.0011666809512159496,0.00789771898256887,0.002778771283956595,-2.6791441123147126,0.0020934176799782852,1.1307755309744736,0.3066417854277292,0.36872419318167193,0.7184039822044543,0.227475,0.037625,0.00495,2.857939147997873,0.30174744849790924,-2.5561471986661797,0,-0.5133686820028831,0,3.78835776780567,0,6.737553295273496,0
rxry_czbrick,d2,2,EARLY,0,0,RX,10,10,40000,0,0,0,0,0,0,0,0.0009709704438982588,0.0009620822888128857,0.00019584577475954053,0.0001951607320754564,0.001933052732711144,0.0005179815541870273,-3.4102762907305557,0.00038879771983107113,1.2593565943933762,0.4812865722992683,0.4893716927952244,0.4918562138382765,0.103675,0.009725,0.001075,3.586846301773196,0.3011755172188424,-3.2856857119596,0,-0.31759625490238563,0,4.124396919606466,0,7.7612069402273045,0
rxry_czbrick,d2,2,LATE,1,0,RX,10,10,40000,0,0,0,0,0,0,0,0.0009784984615018792,0.0009709505550044421,0.00019482952450280706,0.00019424636656368324,0.0019494490165063215,0.00046422856662002153,-3.456732914095695,0.00034935509862829637,1.3009931858673331,0.3034813491660666,0.36723163472582837,0.7162203739268558,0.22855,0.03665,0.005025,3.6344036074874406,0.3011500985430424,-3.3332681458999396,0,-0.5178679938943874,0,4.589741672174751,0,8.312624202003406,0
rxry_czbrick,d2,2,EARLY,0,0,RX,12,10,40000,0,0,0,0,0,0,0,0.00023806159897561273,0.00023780083683132985,3.311785195015183e-05,3.375229882215933e-05,0.0004758624358069426,8.927583479839995e-05,-4.176893239493626,6.654367171783643e-05,1.413993286147957,0.4849040194032644,0.48875870274747685,0.4913323683067004,0.104575,0.009725,0.001025,4.350321453517768,0.30105494377804964,-4.04926608341935,0,-0.31434421597444084,0,4.890361899420361,0,9.280087040993081,0
rxry_czbrick,d2,2,LATE,1,0,RX,12,10,40000,0,0,0,0,0,0,0,0.00023948580202095933,0.00023728425179093314,3.333491720390894e-05,3.3346885933132745e-05,0.0004767700538118925,7.939421924213052e-05,-4.22429318918037,5.966323682385166e-05,1.4474562317904747,0.3066973324067186,0.3684222071593019,0.7235269010862567,0.229625,0.03755,0.005575,4.401260345520231,0.30105064458864694,-4.100211118277567,0,-0.5132900014863659,0,5.359803905533626,0,9.836594835177277,0
rxry_czbrick,d2,2,EARLY,0,0,RX,14,10,40000,0,0,0,0,0,0,0,5.905481147934505e-05,5.8403058334886925e-05,5.841993675382235e-06,5.706155465825091e-06,0.00011745786981423199,1.5514053104658218e-05,-4.93599895005993,1.158780157591248e-05,1.533155668782813,0.48944534590003047,0.49162723380492335,0.4895291985194946,0.103075,0.010675,0.00115,5.110308308189428,0.30103435961334446,-4.809274726942858,0,-0.3102957969321942,0,5.64633251437361,0,10.803783074674461,0
rxry_czbrick,d2,2,LATE,1,0,RX,14,10,40000,0,0,0,0,0,0,0,5.8391396272052285e-05,5.996291504263822e-05,5.7978873230139615e-06,5.747699662318297e-06,0.00011835431131469054,1.3685685797973897e-05,-4.98525142031284,1.0345430790566429e-05,1.5681554101886954,0.30363225803169336,0.3682200652740341,0.7246789478662351,0.230775,0.03915,0.0052,5.164767214685904,0.30103355974625856,-4.863733435809179,0,-0.5176520907687228,0,6.122797268931652,0,11.348820712753133,0
rxry_czbrick,d2,2,EARLY,0,0,RX,16,10,40000,0,0,0,0,0,0,0,1.5183340650354196e-05,1.5518405195808844e-05,1.0042451925770786e-06,1.0055341452048981e-06,3.0701745846163045e-05,2.7012127116071123e-06,-5.69746310543016,2.006951579106081e-06,1.671185742002943,0.4806412422028119,0.4882382037908068,0.48786404337631073,0.104,0.011275,0.000975,5.869471872235531,0.3010307528254694,-5.568441215226343,0,-0.3181789666793092,0,6.424910533624028,0,12.336049770945417,0
rxry_czbrick,d2,2,LATE,1,0,RX,16,10,40000,0,0,0,0,0,0,0,1.534305826830243e-05,1.553330914767993e-05,1.0016395880643039e-06,9.780110971048552e-07,3.087636741598235e-05,2.3944432578020233e-06,-5.74697043523679,1.7907277543638501e-06,1.698381137539684,0.30462388948674074,0.3680224678869515,0.7094449012144669,0.22655,0.036925,0.0049,5.921825966603927,0.3010306152319875,-5.620795450306375,0,-0.5162360419817094,0,6.8891752549288015,0,12.876500075886508,0
rxry_czbrick,d4,4,EARLY,0,0,RX,4,10,40000,0,0,0,0,0,0,0,0.061966573727614375,0.0625026254563103,0.04177160749633664,0.04185820976641648,0.12446919918392468,0.10426299779703646,-1.04273262220297,0.09062903960371822,0.5007861000949245,0.5063496851751927,0.5024883683154091,0.47487141536054833,0.098375,0.010325,0.00095,1.3127719707972658,0.32972531796464144,-0.9818697922826789,0,-0.29554945573335645,0,1.6639157851712951,0,3.051005199722349,0
rxry_czbrick,d4,4,MIDDLE,2,0,RX,4,10,40000,0,0,0,0,0,0,0,0.062305323735820366,0.06271056090775619,0.042105032737483505,0.041856207014552595,0.12501588464357655,0.10113307514171235,-1.0562237191150725,0.08785698205498278,0.5290619762550762,0.4508035772862041,0.46776790143623137,0.5242503119755153,0.1186,0.011725,0.00105,1.3246787925071353,0.3282191777588318,-0.9951067872114105,0,-0.3460126464926312,0,1.777401124560583,0,3.1748885619530056,0
rxry_czbrick,d4,4,LATE,3,0,RX,4,10,40000,0,0,0,0,0,0,0,0.06232383830288574,0.06245437891965073,0.041934611037049395,0.0416425327718931,0.12477821722253647,0.09385421568300364,-1.0959464970010317,0.08017768323671383,0.5983386593575656,0.30009461479936744,0.36561479953572856,0.731644000978552,0.23525,0.03775,0.004925,1.3534565081581524,0.3248450147531741,-1.027546215271299,0,-0.5227417990015311,0,2.170905360914156,0,3.621437630830822,0
rxry_czbrick,d4,4,EARLY,0,0,RX,6,10,40000,0,0,0,0,0,0,0,0.01585782954447231,0.015620907523130495,0.00858185654148116,0.00868036501418934,0.0314787370676028,0.021825155154687963,-1.7202367249612893,0.019044223736569853,0.6377917142521878,0.49689493567544163,0.4986696327787694,0.48094062235817175,0.09995,0.009575,0.00105,1.9683026553521392,0.30716137918383224,-1.6610426608450362,0,-0.3037354295507928,0,2.3889874306093297,0,4.426832734938886,0
rxry_czbrick,d4,4,MIDDLE,2,0,RX,6,10,40000,0,0,0,0,0,0,0,0.015630369508862107,0.015804993834241124,0.008556167748863525,0.008785135387066987,0.031435363343103234,0.02111242861284028,-1.7357565250963984,0.018375682352291863,0.6625237441240437,0.4548157153855313,0.4689263732518328,0.5178114543149103,0.118925,0.0113,0.001025,1.9824252817214378,0.3068593345150331,-1.6754618060961968,0,-0.34216453787394985,0,2.484711826029619,0,4.5477542042652015,0
rxry_czbrick,d4,4,LATE,3,0,RX,6,10,40000,0,0,0,0,0,0,0,0.015771496627722446,0.01576448023223274,0.008584345852823572,0.008612415950392277,0.031535976859955184,0.019481985379806943,-1.7736575949541642,0.016840012326056433,0.7214421735593821,0.300758245740794,0.3638913834696343,0.724539829498181,0.233175,0.037825,0.005025,2.0167985425170496,0.3060514855531371,-1.710366786974951,0,-0.5217824578109778,0,2.8824981707910915,0,5.004899433868054,0
rxry_czbrick,d4,4,EARLY,0,0,RX,8,10,40000,0,0,0,0,0,0,0,0.00389823246928639,0.003921851138533675,0.0017697981086972534,0.0017917365866769348,0.007820083607820065,0.004589756944447137,-2.401510588866111,0.003967248559614227,0.7457134451012335,0.49807248321370445,0.4985570326610833,0.48451457445874213,0.100325,0.00995,0.000825,2.6405585754388405,0.3023191394955844,-2.3382103133203302,0,-0.3027074510358443,0,3.0855675668867835,0,5.8029928314956765,0
rxry_czbrick,d4,4,MIDDLE,2,0,RX,8,10,40000,0,0,0,0,0,0,0,0.00388947904914979,0.003921858221198508,0.001773647447164697,0.0017661194538004616,0.007811337270348298,0.0043867125851948,-2.4166929113839144,0.0038309553352697816,0.7699548629834148,0.455377298879387,0.4694177508564194,0.5136290918210772,0.11725,0.012075,0.001025,2.6600993048722508,0.30223577973282034,-2.3578608194244506,0,-0.34162862337118965,0,3.185784165089741,0,5.919809479958498,0
rxry_czbrick,d4,4,LATE,3,0,RX,8,10,40000,0,0,0,0,0,0,0,0.003906880160101227,0.003893546513764786,0.0017533244194323841,0.0017701729882595922,0.007800426673866013,0.004054498903726627,-2.4563826236476562,0.0034963699288419864,0.8133881691803251,0.29909674136798303,0.3635786227746747,0.7324772093788827,0.237225,0.03955,0.0054,2.6940829517616507,0.30208398510482426,-2.392062814131922,0,-0.5241883185476737,0,3.5758760668357716,0,6.3684978504411305,0
rxry_czbrick,d4,4,EARLY,0,0,RX,10,10,40000,0,0,0,0,0,0,0,0.0009729235574078448,0.0009701579588922215,0.0003666716652367632,0.0003605917446918741,0.0019430815163000662,0.0009479589758448918,-3.085030037275863,0.0008221857828298146,0.8445182110125584,0.49890922124326903,0.49992701964261194,0.4798804242134284,0.101825,0.00955,0.00085,3.3244699133914235,0.30129757578357563,-3.023210458014554,0,-0.30197846929270333,0,3.7798623710889654,0,7.178253361785517,0
rxry_czbrick,d4,4,MIDDLE,2,0,RX,10,10,40000,0,0,0,0,0,0,0,0.000969609615885232,0.0009688886735125198,0.0003672523805512554,0.00036684130309448985,0.0019384982893977522,0.0009136992953059221,-3.0998390494484123,0.0007946226691831098,0.8628344101000507,0.4491202015832526,0.4668196980396622,0.5238156196582371,0.11855,0.010775,0.00115,3.340445839905132,0.30128267492289207,-3.039196711579652,0,-0.34763740983614705,0,3.8853447003789254,0,7.2816493319969515,0
rxry_czbrick,d4,4,LATE,3,0,RX,10,10,40000,0,0,0,0,0,0,0,0.0009744094332449505,0.0009695030550909799,0.00036579656445625305,0.00036473888568551243,0.0019439124883359306,0.0008430581730162957,-3.1388222803489287,0.0007264031514120027,0.91025197507502,0.3007513475074538,0.36388729798657393,0.7226834345411931,0.2324,0.037325,0.00505,3.3754296861328625,0.301247672488945,-3.0741424570086946,0,-0.5217924269241928,0,4.2803310745970995,0,7.7529884085526986,0
rxry_czbrick,d4,4,EARLY,0,0,RX,12,10,40000,0,0,0,0,0,0,0,0.00024247203628450232,0.0002421666549253718,7.609905577403047e-05,7.781354768167136e-05,0.000484638691209874,0.0002005812165456515,-3.7631799460360735,0.0001725122954612476,0.9300721083544872,0.5012688926755148,0.5007882514514812,0.47312860824941605,0.10065,0.010275,0.000975,3.998783488699008,0.3010862648919699,-3.6977097423577088,0,-0.29992924569686036,0,4.460941019702298,0,8.522668119391252,0
rxry_czbrick,d4,4,MIDDLE,2,0,RX,12,10,40000,0,0,0,0,0,0,0,0.00024318384593691094,0.0002385078157727463,7.642040198944603e-05,7.631184084664178e-05,0.0004816916617096572,0.00019183102156054014,-3.7796057289669727,0.0001661094235240598,0.9449175696186791,0.454253875497299,0.4695395719925301,0.5165262243570875,0.1163,0.0122,0.0012,4.0181640408601895,0.3010832858982915,-3.7170811607399568,0,-0.3427013588249021,0,4.559054676700839,0,8.645729827379956,0
rxry_czbrick,d4,4,LATE,3,0,RX,12,10,40000,0,0,0,0,0,0,0,0.00024161414289339085,0.00024309747891343775,7.661814609172395e-05,7.756029993241111e-05,0.00048471162180682866,0.0001781178260676059,-3.8167787998819227,0.00015248292004962664,0.9854986076831613,0.29427205875649476,0.36027258179568633,0.7389168986132488,0.240575,0.04095,0.006075,4.050393256372721,0.30107588778602357,-3.749292614471193,0,-0.531250972425239,0,4.974110200226779,0,9.123635175009422,0
rxry_czbrick,d4,4,EARLY,0,0,RX,14,10,40000,0,0,0,0,0,0,0,5.977377817356748e-05,6.035458865170391e-05,1.584402607714681e-05,1.5800986402217595e-05,0.0001201283668252714,4.1671224178195174e-05,-4.441518420344515,3.618108444132332e-05,1.0072099506950427,0.5013841624588453,0.5008713654338112,0.4802408203856599,0.102025,0.009625,0.00105,4.681205231549173,0.30104166286782164,-4.380163741129989,0,-0.2998293893773867,0,5.154005523126016,0,9.907887888470505,0
rxry_czbrick,d4,4,MIDDLE,2,0,RX,14,10,40000,0,0,0,0,0,0,0,5.985937681350404e-05,6.0093722116792505e-05,1.5783624700437743e-05,1.618957708286363e-05,0.00011995309893029655,4.070316282382104e-05,-4.456425438323256,3.4960252581820636e-05,1.0213297633953067,0.45722919356777514,0.47193906182683315,0.5117772346763216,0.1157,0.0116,0.00115,4.691411591740371,0.30104113480666106,-4.390371843444317,0,-0.3398660487038122,0,5.244965848910011,0,10.01050873363229,0
rxry_czbrick,d4,4,LATE,3,0,RX,14,10,40000,0,0,0,0,0,0,0,5.95354487106719e-05,5.944025497186818e-05,1.588744937604567e-05,1.5983376301671185e-05,0.00011897570368254007,3.752862818520383e-05,-4.496154904864013,3.190399695166574e-05,1.0687089381038146,0.2968567539446165,0.3627554306827915,0.7339285910788018,0.23645,0.037875,0.005525,4.726677630589471,0.3010396121023877,-4.4256373120867565,0,-0.5274530671787234,0,5.657386117499268,0,10.473954749308687,0
rxry_czbrick,d4,4,EARLY,0,0,RX,16,10,40000,0,0,0,0,0,0,0,1.551723793428708e-05,1.5283918012915054e-05,3.3138216655634684e-06,3.283485482343861e-06,3.080115594720214e-05,8.667704869791057e-06,-5.120751648037242,7.572658148390067e-06,1.0979153876155507,0.5013224042034043,0.5006500108657675,0.47493158661065976,0.1012,0.0103,0.001075,5.363127863517024,0.3010324352114826,-5.0620958851847915,0,-0.2998828863232216,0,5.839711531196921,0,11.258089207035534,0
rxry_czbrick,d4,4,MIDDLE,2,0,RX,16,10,40000,0,0,0,0,0,0,0,1.5478671302725654e-05,1.5293115317951295e-05,3.3305375299533138e-06,3.3090337526722583e-06,3.077178662067695e-05,8.427079185698775e-06,-5.136633349138079,7.300736110043178e-06,1.1161785571058847,0.45576878465975457,0.47073742020697756,0.5177357524225152,0.115775,0.01145,0.001125,5.375355314970241,0.3010323349499302,-5.0743229252827,0,-0.3412554227392832,0,5.926560310524268,0,11.359738558529138,0
rxry_czbrick,d4,4,LATE,3,0,RX,16,10,40000,0,0,0,0,0,0,0,1.542882432963255e-05,1.536558311090715e-05,3.2879020139008787e-06,3.308905874816616e-06,3.07944074405397e-05,7.650439236719993e-06,-5.178803915770896,6.625155623731901e-06,1.1466558450940942,0.29655307116076635,0.36365963139448165,0.7415826509009928,0.238475,0.03805,0.005625,5.417345504198754,0.3010319692027763,-5.1163136298738685,0,-0.527897574151706,0,6.350292512056197,0,11.855225311316392,0
rxry_czbrick,dn,4,EARLY,0,0,RX,4,10,40000,0,0,0,0,0,0,0,0.06270507532036199,0.06220415998455111,0.04246419205515033,0.04124325955242557,0.12490923530491312,0.10470807818299595,-1.042395501200762,0.09069941768901409,0.49820961807376274,0.5000155984384945,0.4999843755035924,0.479591937647162,0.098875,0.01015,0.00085,1.3110975463044805,0.32983198672837377,-0.9800198115415413,0,-0.3010164472465905,0,1.6662922372258215,0,3.0564574967117544,0
rxry_czbrick,dn,4,MIDDLE,2,0,RX,4,10,40000,0,0,0,0,0,0,0,0.06242541819132721,0.06294991539863623,0.04195159777526647,0.04263344432873883,0.12537533358996342,0.10134443303080465,-1.0559170030999916,0.08791905206132242,0.527483358701678,0.44852979676217364,0.467114561325033,0.5144246063914947,0.118275,0.012775,0.001225,1.324069412537221,0.3284493572652075,-0.9942001028014993,0,-0.3482087007865418,0,1.7718068867132044,0,3.1667237084841355,0
rxry_czbrick,dn,4,LATE,3,0,RX,4,10,40000,0,0,0,0,0,0,0,0.06264950372378578,0.0626178205508394,0.0416525951815768,0.04226890843982835,0.1252673242746252,0.09469554602763988,-1.0948911187127808,0.08037275982120697,0.5978683221365448,0.29746356732319346,0.3622056025093884,0.7268800931155583,0.234875,0.038475,0.005425,1.3494972578327258,0.3250148946377275,-1.023670449151274,0,-0.5265662186310798,0,2.1763363560287825,0,3.621434230016941,0
rxry_czbrick,dn,6,EARLY,0,0,RX,6,10,40000,0,0,0,0,0,0,0,0.015534108278349647,0.015528544281105078,0.009490247364796452,0.009612277928716717,0.03106265255945473,0.023736932063968486,-1.6703512193831587,0.021362337917438592,0.5388435328333567,0.5000359697478716,0.5004729294982875,0.47736436110350383,0.0993,0.00925,0.0009,1.932235450354423,0.3076506753676962,-1.6245754132498225,0,-0.3009987540272474,0,2.3286031091117265,0,4.337745262291455,0
rxry_czbrick,dn,6,MIDDLE,3,0,RX,6,10,40000,0,0,0,0,0,0,0,0.015545796776801518,0.015584715361265001,0.009614065372869851,0.009587808278625966,0.03113051213806652,0.023037051688311626,-1.6817948237565032,0.020806794423141116,0.5554643693537702,0.4604747549538982,0.47374562692172784,0.5020346527984637,0.11455,0.011275,0.001275,1.9451347514019897,0.30735181746122797,-1.6375731038848202,0,-0.3367941748009553,0,2.4079746337189825,0,4.4318756637910015,0
rxry_czbrick,dn,6,LATE,5,0,RX,6,10,40000,0,0,0,0,0,0,0,0.015434289133913598,0.015454073577543295,0.009606990846260377,0.009514146532296215,0.0308883627114569,0.02134694267235783,-1.723765925080393,0.018890092080804787,0.618242969020359,0.3005345741883069,0.36481468797115346,0.7224852634152791,0.2323,0.0371,0.00515,1.9771006905350474,0.30652139741742956,-1.6706643162192263,0,-0.522105558562373,0,2.8136990983606607,0,4.887179296755316,0
rxry_czbrick,dn,8,EARLY,0,0,RX,8,10,40000,0,0,0,0,0,0,0,0.003931154597302456,0.003913379108236772,0.0023574643030544098,0.002349620934213046,0.007844533705539227,0.005771921634771212,-2.275822960365369,0.005298794045865197,0.5441164899011708,0.5011038567025636,0.500534341890677,0.47742593953130247,0.100225,0.009175,0.000925,2.5413647633745846,0.3026435249789745,-2.238679573959016,0,-0.30007225474452315,0,2.9384078607540545,0,5.559146971346053,0
rxry_czbrick,dn,8,MIDDLE,4,0,RX,8,10,40000,0,0,0,0,0,0,0,0.003931434185859772,0.003893575795192055,0.002340399597773454,0.002331536079937609,0.007825009981051827,0.00559713639360789,-2.2896977782476045,0.005132184039766799,0.5655714386581328,0.4651679888994674,0.4763492367979958,0.5016995309386082,0.111675,0.0114,0.001175,2.554857895044072,0.302575450355437,-2.252034109973504,0,-0.33239017947127014,0,3.0206650600024743,0,5.652101446005828,0
rxry_czbrick,dn,8,LATE,7,0,RX,8,10,40000,0,0,0,0,0,0,0,0.0039085490897163904,0.0038960226879414125,0.0023408621490921796,0.002342492738433416,0.007804571777657804,0.005236034824727237,-2.329095383214859,0.004687104289205834,0.6257352825434217,0.29762121116301793,0.36356951072131305,0.7291766412193625,0.234575,0.038625,0.004925,2.5832780742645722,0.3023805363804988,-2.280997473718383,0,-0.5263361205536934,0,3.4331622017112697,0,6.116880594763003,0
rxry_czbrick,dn,10,EARLY,0,0,RX,10,10,40000,0,0,0,0,0,0,0,0.0009707508051653141,0.0009793712658500836,0.0005829589948979986,0.0005761498343299222,0.001950122071015398,0.00141579407336019,-2.8815638193584077,0.001313518459891932,0.5413540941732973,0.5003148705363998,0.49848924144605306,0.4846286242615077,0.101875,0.009825,0.00105,3.150395677006972,0.30142960670570673,-2.848999910106547,0,-0.3007565886887952,0,3.5531702503364118,0,6.782913992855622,0
rxry_czbrick,dn,10,MIDDLE,5,0,RX,10,10,40000,0,0,0,0,0,0,0,0.0009676471033110652,0.0009684053781639861,0.0005771134244197216,0.0005740041161780621,0.0019360524814750512,0.0013735275270032757,-2.8941721563717837,0.0012759329227486553,0.5561054170173678,0.4759691278922053,0.4833358939151696,0.49518615190380044,0.1073,0.01125,0.00105,3.1635427864819876,0.30141316146487096,-2.8621626326099108,0,-0.3224212154721227,0,3.600847272172927,0,6.834115116582553,0
rxry_czbrick,dn,10,LATE,9,0,RX,10,10,40000,0,0,0,0,0,0,0,0.000968554680769839,0.000972803449074953,0.0005804019510433129,0.0005779639456225562,0.001941358129844792,0.0012845601322888987,-2.935146714644644,0.0011610563161063869,0.6243289211298997,0.2947737785397311,0.3611731857824866,0.7334925961649392,0.2387,0.038375,0.005725,3.1926363380035943,0.30136361448087023,-2.8912455609245793,0,-0.5305111528223008,0,4.048533349027453,0,7.3316737710663045,0
rxry_czbrick,dn,12,EARLY,0,0,RX,12,10,40000,0,0,0,0,0,0,0,0.00024272171355547187,0.0002453742577180432,0.00014684980675260998,0.0001472882635038795,0.00048809597127351514,0.00035859025855183114,-3.4779732926522526,0.0003326800111352299,0.532113382470321,0.5005883347871608,0.500236643583132,0.4728254566436543,0.100875,0.010625,0.00125,3.7465116622492265,0.3011308731633906,-3.4454015133035485,0,-0.300519275229327,0,4.142708923481896,0,7.96530898901028,0
rxry_czbrick,dn,12,MIDDLE,6,0,RX,12,10,40000,0,0,0,0,0,0,0,0.00024434159267244755,0.0002441182586064297,0.00014812135944254656,0.00014657209622988136,0.0004884598512788771,0.0003515429768894474,-3.4851040276754466,0.00032726229550935227,0.5436525562345818,0.47422723604349837,0.48364898783377264,0.49604194363038334,0.1059,0.01065,0.001325,3.7551316606058647,0.3011285946139204,-3.454021574106023,0,-0.3240135071830391,0,4.188763114141528,0,8.020867378688784,0
rxry_czbrick,dn,12,LATE,11,0,RX,12,10,40000,0,0,0,0,0,0,0,0.00024393127733920403,0.0002449977557813077,0.00014793500465456859,0.00014808880050982178,0.0004889290331205118,0.0003297235649704686,-3.5302555905938005,0.0002949472894676761,0.6142424829455391,0.2970655505061746,0.36256596365209526,0.7333501689145606,0.236425,0.0387,0.005175,3.782952629736272,0.3011148565827775,-3.4818500133472168,0,-0.5271477182118618,0,4.639532471550554,0,8.521492266113924,0
rxry_czbrick,dn,14,EARLY,0,0,RX,14,10,40000,0,0,0,0,0,0,0,6.166457304796658e-05,6.212744792412682e-05,3.746762788293915e-05,3.7531492371025655e-05,0.00012379202097209338,9.132490253143036e-05,-4.071501969562103,8.481995357872513e-05,0.5241867265881575,0.49858305163460603,0.49944535688207997,0.47966471611650735,0.09925,0.008825,0.0009,4.340463755555843,0.3010556138649918,-4.039410782718296,0,-0.30226248859707205,0,4.739309306990959,0,9.158084666766355,0
rxry_czbrick,dn,14,MIDDLE,7,0,RX,14,10,40000,0,0,0,0,0,0,0,6.130873943805674e-05,6.143966077214782e-05,3.7463761882506794e-05,3.7329620013623716e-05,0.00012274840021020457,8.970192871330713e-05,-4.07950560154063,8.327111855871591e-05,0.5308565092551154,0.4815200659157851,0.48824214555175965,0.4881874676852329,0.102625,0.010175,0.00115,4.348253563989191,0.30105511238056737,-4.04719821893697,0,-0.3173856127536504,0,4.7723455984758525,0,9.19234139737482,0
rxry_czbrick,dn,14,LATE,13,0,RX,14,10,40000,0,0,0,0,0,0,0,6.182328971788889e-05,6.16181251919015e-05,3.758592070637396e-05,3.7738048466523306e-05,0.0001234414149097904,8.375852481203e-05,-4.123220113824816,7.5297383666548e-05,0.6044763818844707,0.2940902288928941,0.36186983664845557,0.7322533633437643,0.236225,0.03745,0.0049,4.378020620150155,0.3010517395923267,-4.076970981540695,0,-0.5315194046319863,0,5.2391353091737445,0,9.70577515052621,0
