family,regime,position,fit_range,n_fit_range,n_points,n_seeds,b_S,b_S_ci_lo,b_S_ci_hi,b_S_pct_lo,b_S_pct_hi,b_r,b_r_ci_lo,b_r_ci_hi,b_r_pct_lo,b_r_pct_hi,b_LE,b_LE_ci_lo,b_LE_ci_hi,b_LE_pct_lo,b_LE_pct_hi,b_SWAP,b_SWAP_ci_lo,b_SWAP_ci_hi,b_SWAP_pct_lo,b_SWAP_pct_hi,gap_obs,gap_obs_ci_lo,gap_obs_ci_hi,gap_obs_pct_lo,gap_obs_pct_hi,eps_LE,eps_LE_ci_lo,eps_LE_ci_hi,eps_LE_pct_lo,eps_LE_pct_hi,eps_SWAP,eps_SWAP_ci_lo,eps_SWAP_ci_hi,eps_SWAP_pct_lo,eps_SWAP_pct_hi,eps_gap,eps_gap_ci_lo,eps_gap_ci_hi,eps_gap_pct_lo,eps_gap_pct_hi,ratio_obs,ratio_obs_ci_lo,ratio_obs_ci_hi,ratio_obs_pct_lo,ratio_obs_pct_hi,ratio_pred,ratio_pred_ci_lo,ratio_pred_ci_hi,ratio_pred_pct_lo,ratio_pred_pct_hi,ratio_diff,ratio_diff_ci_lo,ratio_diff_ci_hi,ratio_diff_pct_lo,ratio_diff_pct_hi,gap_pred,eps_gap_equivalent_within_margin,eps_LE_equivalent_within_margin,eps_SWAP_equivalent_within_margin,decay_ci_above_0,monotone_decreasing,mean_r2_S,b_S_lower_half,b_S_upper_half,curvature_rel,median_S_first_n,median_S_last_n,median_S_max,r2_ok,curvature_ok,small_S_all_n,small_S_last_n,concentration,gap_ci_contains_0,le_ci_contains_0,swap_ci_contains_0,rule_check,case,br_ci_contains_0,br_over_bS,doubling_test_eligible,ratio_consistent_with_2,ratio_consistent_with_pred
rx_product,product,k=0,primary,2-20,10,10,0.6013007699849295,0.600809607054958,0.6018029181599537,0.600141320959206,0.6025133468577119,-2.26477767337916e-05,-0.00010043133635921919,4.8052663759764315e-05,-0.00024769709222687074,0.0001440643526143782,0.6063597585794429,0.6057620216508012,0.6070182972039906,0.6049589538491731,0.6082328330827117,1.2006429814010295,1.1996889270275064,1.2016849705880268,1.1984659142437677,1.203498282436058,0.5942832228215866,0.5937137864395604,0.5948271615884104,0.5927025926539721,0.595414811207312,0.005104284147980897,0.004836373079597884,0.005379871065234147,0.00451136576401413,0.005697634333749052,-0.0019132630153620544,-0.0022554376334802703,-0.001582931339002513,-0.0028911019281346426,-0.0010423803058753954,-0.007017547163342919,-0.007385623768542509,-0.0065762586788236325,-0.007742999723449065,-0.005746556862540699,1.9800851913729876,1.9790991843820167,1.9811773901485839,1.9780013475527143,1.9830228530710292,2.000075519345402,1.9998401871924594,2.00033448186477,1.999521203968926,2.000825359440657,-0.0199903279724144,-0.020912176707604164,-0.018959001183664177,-0.02192185310381555,-0.017078859437478864,0.6013007699849295,True,True,True,True,True,0.9999782070561227,0.6000151956536602,0.6027504713652776,0.004548930997853058,0.4985978875491587,7.703024408019522e-12,0.4985978875491587,True,True,False,True,TRANSITIONAL,False,False,False,DEVIATES,B,True,-3.7664639502056884e-05,True,False,False
rx_product,product,k=0,secondary_n_ge_8,8-20,7,10,0.6020351500191442,0.601051578944664,0.6030307271220315,0.5999256302246081,0.604432028317408,-0.0001226952640693087,-0.00022669941182544516,-2.4407163655510407e-05,-0.00041453784312655,0.00012331653035896011,0.6015489330992415,0.6006145249499378,0.6025877207533186,0.599406431413737,0.6044134961389795,1.2029487353049857,1.201296524424218,1.2047717279623231,1.1989911836103389,1.2079412001543994,0.6013998022057441,0.6004094447479034,0.6023511198451632,0.5985699308728218,0.603658670717253,-0.00024082639176413733,-0.0006632722777807477,0.00015222201204951244,-0.0013448883869816518,0.0005620619697235818,-0.0008761742051641263,-0.0014636921454025129,-0.00017293810353357535,-0.0021126983781515063,0.0012511252042825445,-0.0006353478134000223,-0.0011969891742463433,-8.361112974819141e-06,-0.001983984349691142,0.001220695193477151,1.9997550787664238,1.9982998231649651,2.001257398637151,1.9960931836299407,2.0034154497784953,2.0004077773414766,2.000081225708988,2.0007534268256166,1.9995913739449267,2.001377366219693,-0.0006526985750526793,-0.0019758308517443426,0.0006854806297553652,-0.0039779513536289,0.002124061188532855,0.6020351500191442,True,True,True,True,True,0.9999521966993894,0.6011888740349408,0.601997478397721,0.0013431181929401837,0.0001274871613118591,7.703024408019522e-12,0.0001274871613118591,True,True,True,True,CLEARLY CONCENTRATED,False,True,False,DEVIATES,D,False,-0.0002038008313391786,False,,True
hea_ring,d2,EARLY,primary,4-16,7,10,0.37640405013958567,0.37566747634642966,0.3770594011053305,0.37442885936830955,0.3778933029268335,-0.0006943204236203069,-0.001031047623262166,-0.000366237714643233,-0.0015516894512234737,6.514608639636199e-05,0.3822178095182808,0.38019631264744236,0.3840911755423302,0.3770075750981957,0.3861797619796906,0.7542864375591166,0.7520194694587369,0.7562272312231204,0.7482649497986146,0.757863135624557,0.3720686280408358,0.3712155916152,0.3728764980706534,0.36973549299212527,0.3739702154482635,0.007202400225935779,0.006110847358533611,0.008169215012424824,0.004026751786547774,0.009406528662721106,0.0028669781271858817,0.0019672399040101905,0.003758721874334841,0.0004040322939150883,0.0053568546786055445,-0.00433542209874988,-0.005424599003450713,-0.003478673364345884,-0.007682452045210699,-0.0028741519181043978,1.9735120503547463,1.9679672225314075,1.9788043475973398,1.9581998344644467,1.9869625864344127,2.003715630653745,2.001953383071244,2.005527347801442,1.9996550572930112,2.008338244382806,-0.030203580298998167,-0.03506465296597086,-0.025784353831912396,-0.044246125270084494,-0.01888621619073019,0.37640405013958567,True,True,True,True,True,0.9998818402249372,0.3729991403004373,0.38020920591604207,0.019155122302565546,0.09606340693336436,2.875487296506453e-06,0.09606340693336436,True,True,True,True,CLEARLY CONCENTRATED,False,False,False,DEVIATES,D,False,-0.001844614645785095,False,,False
hea_ring,d2,EARLY,secondary_n_ge_8,8-16,5,10,0.37854411331156784,0.3772969620750284,0.3798779797128272,0.3755369364991864,0.38194198757617226,0.00010612904666584396,-0.00040262227863133,0.0006968410388159066,-0.0008194100503495363,0.001881409389227586,0.3812735143126052,0.37853350127758195,0.3838588112978412,0.3744808649689643,0.3864575283395149,0.7561241028731455,0.7529683725190995,0.7592101038316911,0.7480391265483756,0.762976408330844,0.3748505885605402,0.3728520376614165,0.37651032755186487,0.368892517897494,0.37841127652258044,0.0025171429077055995,0.0006368694647733605,0.004318686755343385,-0.0017264004537525578,0.006794978077771317,-0.001176381843322083,-0.002900110781188767,0.0005666491749264422,-0.004740384879270973,0.0028815303591854164,-0.0036935247510277045,-0.0055224415692925076,-0.0020933798899809442,-0.008962265517623547,-4.071707219407947e-06,1.9832863764095952,1.9745205066677591,1.992117428415896,1.963244359548648,2.003358355506434,1.999471061364778,1.996380067555678,2.002139755181532,1.9902202240063696,2.0043495677212113,-0.016184684955182972,-0.024286779181421973,-0.008239988579208095,-0.037483267143305285,0.0015606201129048213,0.37854411331156784,True,True,True,True,True,0.9997921959011886,0.3768193795326917,0.3808670192209231,0.010692649934037997,0.0030864343824096663,2.875487296506453e-06,0.0030864343824096663,True,True,True,True,CLEARLY CONCENTRATED,False,False,True,DEVIATES,D,True,0.00028036110702504163,True,False,False
hea_ring,d2,LATE,primary,4-16,7,10,0.3762279441426887,0.37559848343067226,0.3768301822933351,0.3745091958211613,0.3777026615411033,-0.0004302741573081653,-0.000590487951182361,-0.00027920963462404926,-0.000837835036777474,-9.297056615618212e-05,0.3831287115698935,0.38214793749228204,0.3840907008550799,0.3809548224298877,0.3849410427223851,0.7545366583797168,0.7529491523016231,0.755980796283533,0.750585790823836,0.7576902112327831,0.3714079468098233,0.37044828007144737,0.37233166081169544,0.3689378750806348,0.37343184371563826,0.007761315741821146,0.0070263578124307394,0.008520490682931472,0.006258527169315084,0.009873014810188662,0.002941318408955762,0.0017566558980986586,0.004077065436437697,-0.00032385722784265234,0.00536311653288736,-0.004819997332865378,-0.005642710310265679,-0.004005646740995009,-0.006900659062152567,-0.0031214836893481883,1.96941982750335,1.966485121978303,1.972441236109928,1.9627442426311976,1.9764154455620417,2.0022938992398194,2.001486353190522,2.0031492109329183,2.0004955967374944,2.004472141021271,-0.032874071736469904,-0.03555113800807056,-0.03015683207953014,-0.03956668102948652,-0.02585203215472588,0.3762279441426887,True,True,True,True,True,0.9998907180596932,0.37365323122266936,0.3793635196605233,0.015177736068664365,0.09739329031090037,2.911533284296992e-06,0.09739329031090037,True,True,True,True,CLEARLY CONCENTRATED,False,False,False,DEVIATES,D,False,-0.0011436528413343455,False,,False
hea_ring,d2,LATE,secondary_n_ge_8,8-16,5,10,0.3778199242429462,0.376219072188219,0.3795212666055583,0.3738730580004309,0.38270474085682393,-0.00010612374721006743,-0.0006317228869729092,0.0003844980198450625,-0.0015507025044888994,0.001144295060622609,0.3817610114037472,0.3799668356736722,0.3835699443148912,0.37716408062484474,0.38641159891821475,0.7563336891406316,0.7539162660639451,0.7586908100918118,0.750201202321175,0.7619207241429141,0.37457267773688435,0.37305075810152377,0.37631835904758415,0.3717926902005171,0.3792375285774403,0.004153334655221191,0.0027992103604907604,0.0055298018918824255,0.0003873779173084838,0.007920890458545389,0.0009060881491593676,-0.0008940468729408042,0.002578023134032651,-0.00394985926557527,0.004270035361379973,-0.003247246506061807,-0.0049769709417203075,-0.0014404112083305281,-0.0073276039718696544,0.0009909601828513124,1.9812307720388342,1.974850155826243,1.9877663360918452,1.9647905442445828,1.9971890340906056,2.000566255744734,1.9979683515059592,2.003353374190149,1.9939604245346654,2.0082202197169314,-0.01933548370589979,-0.02630002419428835,-0.01264806087513737,-0.03836417537931637,-0.0047619220797668615,0.3778199242429462,True,True,True,True,True,0.9997937763873737,0.37677638944807224,0.3800244008873101,0.008596718253400854,0.0030997375233737493,2.911533284296992e-06,0.0030997375233737493,True,True,True,True,CLEARLY CONCENTRATED,False,False,True,DEVIATES,D,True,-0.0002808844647955295,True,False,False
hea_ring,d4,EARLY,primary,4-16,7,10,0.318627304952021,0.31793752194542235,0.31928479430764783,0.3166785412807593,0.3204419123742802,0.00018186024932898335,-0.00023656998502443586,0.0005856879006862345,-0.0009160069218115607,0.001168532934324735,0.3231757937047924,0.3223141742790157,0.3241125366225705,0.32111083081201963,0.32591675020574623,0.6401869498097071,0.6384472440834293,0.6417875511026837,0.635087378473193,0.6442435140770967,0.3170111561049147,0.31590519068959855,0.3179829727768606,0.31382487499586187,0.3188378827642467,0.004184768254113358,0.0036008350310069177,0.004731077058159999,0.0026480607108130246,0.005395225320871498,0.002568619407007,0.0019587380571186876,0.003219176535565044,0.001365812868390176,0.0042802756280986756,-0.0016161488471063469,-0.0024514216289939807,-0.0007336007805380623,-0.0031753643553525416,0.0005499206056547566,1.9809340140701228,1.977805905911819,1.9842011007025477,1.974886011767232,1.989009601198206,1.9988807986689565,1.9963524421065748,2.001506101386349,1.992713394767056,2.0057847071685444,-0.01794678459883412,-0.021774963828687842,-0.013734507133543258,-0.02434716661285924,-0.0067624276385703,0.318627304952021,True,True,True,True,True,0.9999665996839056,0.316487666217263,0.32038647382009033,0.0122362633152687,0.11052586497290577,1.6661466171240812e-05,0.11052586497290577,True,True,False,True,TRANSITIONAL,False,False,False,DEVIATES,B,True,0.000570761659476635,True,False,False
hea_ring,d4,EARLY,secondary_n_ge_8,8-16,5,10,0.31992783295141847,0.3187853420489227,0.3209340121125518,0.31656399037780386,0.3225372430253088,0.00028336208490642196,-0.0005052183941241147,0.0011065987256972318,-0.0016965654003657353,0.0026084015530836767,0.32421766676356556,0.3222631225867952,0.32600601198909207,0.3190234337868748,0.32808683429158525,0.644381421513626,0.6409042597024651,0.6472892433087635,0.6340468200158867,0.6497704902067876,0.3201637547500605,0.31840606909503577,0.3215766398222146,0.3147837211714994,0.32292717727283676,0.0037231096423341603,0.0029714929507505122,0.004406675229049712,0.0015060765327444092,0.0049229656150765865,0.003959031440976124,0.002916685159321545,0.005011773189468988,0.001363892143352999,0.006745961422830488,0.00023592179864195817,-0.000883131169313733,0.0013430906398228034,-0.002339343645498905,0.0028104817810219664,1.9875319230293615,1.983352796021165,1.991769333421399,1.9768210606767642,1.9984692265827118,1.9983080798328743,1.9932113608702156,2.003231369145891,1.9839573344103878,2.010743902653783,-0.01077615680351247,-0.015355176752406528,-0.005817692991939158,-0.019532609156733455,0.0005968515896650429,0.31992783295141847,True,True,True,True,True,0.9999544574772127,0.31945129965691915,0.31985605348889556,0.0012651410420983116,0.006010943256933054,1.6661466171240812e-05,0.006010943256933054,True,True,True,True,CLEARLY CONCENTRATED,True,False,False,GAP-ONLY,D,True,0.0008857062616038502,True,False,False
hea_ring,d4,MIDDLE,primary,4-16,7,10,0.31886689942511043,0.3182793715555913,0.31940582991269706,0.3171720788956308,0.3201110116228402,8.630795666957398e-05,-0.0003797416231903754,0.0005469781268716492,-0.001047788304712717,0.0012133475088018943,0.32301373807165923,0.32196582783917965,0.3241086528498941,0.3201144360424191,0.32616517424708824,0.6398273798834958,0.6384959587273961,0.6410492345675514,0.6359588932085585,0.64316863636766,0.3168136418118366,0.3161188293061822,0.31749841743289137,0.31480855052585205,0.31872920045364644,0.003974222733209631,0.003476457180647844,0.004496531812340473,0.0029203985595917777,0.005485605427546956,0.0019209651199357358,0.0011727913267401847,0.0026425991221201563,0.00016474443515767382,0.0035264678336520278,-0.0020532576132739123,-0.002802055191911338,-0.0013363621014411133,-0.0040100346802424075,-0.00020640734092797468,1.9808332220162366,1.9767546093771335,1.9846098215478751,1.96980959254794,1.989058277669343,1.999484633222591,1.9966027030245297,2.002411026024311,1.9924752531938164,2.006645810029735,-0.018651411206354652,-0.021824046277378002,-0.015470085307560435,-0.026354476056055724,-0.010762986136212387,0.31886689942511043,True,True,True,True,True,0.9999472540745856,0.3163953757168959,0.320916322713083,0.014178163378945827,0.10937066910420186,1.6426530803783694e-05,0.10937066910420186,True,True,False,True,TRANSITIONAL,False,False,False,DEVIATES,B,True,0.00027067079344133806,True,False,False
hea_ring,d4,MIDDLE,secondary_n_ge_8,8-16,5,10,0.32013181010322034,0.31887406331005136,0.3209878494644339,0.3160566587345995,0.32180034246874833,0.0006469064540215324,1.8405237497205137e-05,0.001213974584737119,-0.0010758332755353183,0.001871081884708166,0.32495199535701264,0.3231567966889014,0.32672065142782075,0.3206158706274421,0.3291884982553743,0.6437611419719457,0.6409856635157521,0.6463112969679236,0.6355284712131709,0.650073211520144,0.3188091466149331,0.31715957541422074,0.32033564497760036,0.3140787547901321,0.3219344778808902,0.003526372345749218,0.0021049287069029045,0.004837065674565081,-7.593920999363205e-05,0.006641253655653866,0.002203708857461917,0.0004083519614751855,0.003953863244222026,-0.0019491249392856235,0.0056450314823441265,-0.0013226634882873012,-0.0027188631105809157,-5.867352811206317e-06,-0.0049288402997724615,0.0015283451080255338,1.9811537519717006,1.9750040180726445,1.9878618474837257,1.9663388557873418,2.000222537063118,1.9960206476725766,1.9925009969883962,1.9999352063119153,1.988469715949473,2.0067527223074695,-0.01486689570087576,-0.020723762253571122,-0.008003190656935971,-0.025682754734103353,0.004096398113130147,0.32013181010322034,True,True,True,True,True,0.9999264181879746,0.31951195670251814,0.32031075924056607,0.0024952301297092856,0.00595438231642126,1.6426530803783694e-05,0.00595438231642126,True,True,True,True,CLEARLY CONCENTRATED,False,False,False,DEVIATES,D,False,0.0020207503084837147,False,,False
hea_ring,d4,LATE,primary,4-16,7,10,0.31873060750998883,0.3179439283077466,0.31940882919117003,0.3164386429788914,0.3204244246654805,-0.0005207584261159812,-0.0010348346706845891,-4.2838986455486264e-06,-0.0017584437395116983,0.0007497396420678294,0.3220532704682692,0.3207804150106572,0.3232156476918748,0.31856833509365806,0.32427692291641874,0.639258111650875,0.6376157851744761,0.6407385911202723,0.6346079612370564,0.6424138061108868,0.3172048411826057,0.3165728782081677,0.3178776856617579,0.31579470760130174,0.3188672621709355,0.0043641798105123475,0.003959792644630428,0.004804614889164388,0.003396081818168344,0.005661529951339787,0.002838413483129287,0.0019440709487564534,0.0038236752314266516,0.0005053861725161314,0.00571878637652914,-0.0015257663273830768,-0.002256614500979603,-0.0008270594716217753,-0.0034317522279797754,0.0003398478693503614,1.9849766210587927,1.9812056675463428,1.9885217495991656,1.9748008680214149,1.9920628695574838,2.0033080295882284,2.000047112236598,2.0065613269013545,1.9953114325506587,2.0111551998730595,-0.018331408529436,-0.020513400608441847,-0.016117678623523677,-0.0238704875236316,-0.0126828521627032,0.31873060750998883,True,True,True,True,True,0.9999645840140492,0.3167706820916563,0.3202399888572485,0.010884761876794278,0.11099443559339726,1.669825241077524e-05,0.11099443559339726,True,True,False,True,TRANSITIONAL,False,False,False,DEVIATES,B,False,-0.0016338513272518421,False,,False
hea_ring,d4,LATE,secondary_n_ge_8,8-16,5,10,0.31979748102171995,0.31848629888362856,0.3209518313421995,0.31590776077931,0.32287304984633136,-0.00047061581852906144,-0.001264927845283059,0.0003679175799646223,-0.002466430466664018,0.0017647593072082927,0.3224334953616515,0.3206866855806702,0.3237729472689332,0.3169897699310648,0.3251750852963596,0.6427579731326565,0.6403159972670769,0.6448357510754421,0.6353925716069326,0.6471431790903528,0.32032447777100503,0.3194227979502207,0.3212613269055934,0.31833421507113874,0.32256310688112394,0.0035772459769897124,0.002241452830559251,0.004933563050725431,0.00028524595920858425,0.006988949499818036,0.0041042427262748095,0.0024023872468618376,0.006085291510933809,0.0007713414382210656,0.010105777730682417,0.0005269967492850858,-0.0004390145482282459,0.0016088042357747935,-0.001405046492849131,0.003670356558558563,1.9934975561104473,1.9901216451671402,1.9975840907522877,1.9872951435518496,2.0063346354977654,2.003032614400242,1.9977896900106773,2.008025573490047,1.989112218266801,2.0156629712411402,-0.009535058289794862,-0.014143821469427591,-0.004573117330734406,-0.020855248989786218,0.002820227413700533,0.31979748102171995,True,True,True,True,True,0.9999564126149838,0.31969814494717247,0.3198320948618616,0.0004188585671818557,0.0060365941817602815,1.669825241077524e-05,0.0060365941817602815,True,True,True,True,CLEARLY CONCENTRATED,True,False,False,GAP-ONLY,D,True,-0.0014716057707068,True,False,False
hea_ring,dn,EARLY,primary,4-14,6,10,0.3034608679496774,0.3031493463687622,0.30378634534895704,0.3027115111900561,0.3043398170624759,0.000312908458218999,-0.0002249454871618365,0.0007743905491731242,-0.0012656643595179348,0.0011532368302360288,0.3067798546942039,0.30585265476088325,0.30763641415526616,0.3042294113945385,0.3086606156751329,0.6074279732847758,0.6063050241486323,0.608706099714153,0.6052544575532139,0.6112107106475173,0.30064811859057206,0.2996446988079452,0.3016739744766005,0.2982460783764973,0.30343435615948233,0.0026931698280885487,0.002233821595980012,0.0031400995464585936,0.0016248112662986009,0.003679372967753461,-0.00011957953101677798,-0.0008433689495563053,0.0006420004815023788,-0.001751827493772745,0.0016715541400937229,-0.0028127493591053043,-0.0037325987399041754,-0.0019120804918112278,-0.0051848475949539145,-0.00039695460003523426,1.980038931073184,1.9753953240890405,1.9849000087958508,1.9688529878561218,1.9930415051084394,1.9979709944488526,1.9949315709914908,2.001524212222075,1.992449845368501,2.00840940507603,-0.01793206337566864,-0.022019095346674112,-0.014008471304518903,-0.02821811845649953,-0.007848981084664928,0.3034608679496774,True,True,True,True,True,0.9999527696287629,0.30666671960473335,0.30244931434890093,0.013897690612721064,0.11150239362805069,0.00010162302545839613,0.11150239362805069,True,True,False,True,TRANSITIONAL,False,False,True,DEVIATES,B,True,0.0010311328123891357,True,False,False
hea_ring,dn,EARLY,secondary_n_ge_8,8-14,4,10,0.30233741639128525,0.30185327048705324,0.30279955656288005,0.30097723094526835,0.303514864686005,0.0007028508352933691,-0.0005202126761628642,0.001880232288825328,-0.00251112474523245,0.003885189876303369,0.3045435787986984,0.30271262884723354,0.3067220128313629,0.3007253568761524,0.31156347515525734,0.605138625692444,0.6032395623467153,0.6070824928819057,0.600229520805265,0.6111395361794355,0.3005950468937456,0.2995535238588525,0.30161855347819855,0.29812364849555867,0.3030866602207384,0.0008004607368264749,-0.0006885437003772827,0.0021956778742594427,-0.0034706299733956512,0.003925254007032725,-0.0009419087607131172,-0.0025790290097194592,0.0005089880000439937,-0.0057660398851633425,0.0014751119866399129,-0.0017423694975395808,-0.002686449555058752,-0.000815963043629403,-0.004294037789633033,0.0008010473141024813,1.987174821788767,1.9782545621285308,1.9948126071447683,1.959082055536438,2.0013177583998276,1.9955309980542186,1.9878299484302553,2.0035834203502945,1.9748733912604686,2.01693101949032,-0.008356176265451865,-0.014617059734164623,-0.0023457543516438224,-0.02291156391542405,0.005483539393874842,0.30233741639128525,True,True,True,True,True,0.9999440232173672,0.3019139671888176,0.3019622524448089,0.0001597065178622473,0.006616332344235207,0.00010162302545839613,0.006616332344235207,True,True,True,True,CLEARLY CONCENTRATED,False,True,True,DEVIATES,D,True,0.002324723296516297,True,False,False
hea_ring,dn,MIDDLE,primary,4-14,6,10,0.3025617116565059,0.30229020070214524,0.3028778978354174,0.3020812043624803,0.303504924623406,-0.0009147304828094232,-0.001566987529905155,-0.0003436565904369952,-0.0027504343692990726,0.0004206320324751654,0.30312411155919383,0.3016152430494133,0.30466914205939233,0.3001094321665815,0.30728626391742664,0.6030974639881606,0.6014678591084838,0.6048196977822728,0.600101065351016,0.6077663864014856,0.2999733524289668,0.2991851328541736,0.30081588980208757,0.2983715210960076,0.3023512615698912,0.0023918608683067776,0.0015469885998585107,0.0032732639894383635,0.0006095493835134997,0.004685624104036394,-0.00019649835923226666,-0.0014344071321430003,0.0011093816059068824,-0.0031696344990254696,0.003154882464402864,-0.0025883592275390776,-0.0033561477560749868,-0.0018622816855621783,-0.004352322054347786,-0.0009820316283595501,1.9896758236474639,1.9838252807984538,1.995619914679931,1.9756589292736526,2.0020407330188648,2.0061302710790825,2.0022960790775883,2.010512109852104,1.9972331611408367,2.0185303600293643,-0.01645444743161841,-0.019398391072558523,-0.01285414501902098,-0.021626773026350087,-0.006010535222224164,0.3025617116565059,True,True,True,True,True,0.9999390288727783,0.30574034895294416,0.30256894295787684,0.010481848406079138,0.11029133287876237,0.00010215515711567777,0.11029133287876237,True,True,False,True,TRANSITIONAL,False,False,True,DEVIATES,B,False,-0.0030232856556810595,False,,False
hea_ring,dn,MIDDLE,secondary_n_ge_8,8-14,4,10,0.3019238674930282,0.3013299850551529,0.3025088173121304,0.3004877624505913,0.3033677066876418,0.0007984262324684781,-0.0003513757515198657,0.0018638665323808892,-0.002393635509800497,0.0033318497942507967,0.30317252868062516,0.3008975362861472,0.305863458018602,0.2980735666048546,0.3114913069451135,0.605448503885859,0.6025531656999987,0.608398013838137,0.598564909033869,0.6129214485338695,0.30227597520523397,0.30094171745788134,0.30363812074085245,0.2992612593386413,0.30579437039383234,-0.000348191277340032,-0.0016637207976688956,0.001003369572824342,-0.0032060212028755934,0.0028003929589470013,3.916434865758322e-06,-0.0015867757186214739,0.0015884519767172978,-0.004566334157075715,0.0043322666343149786,0.0003521077122057792,-0.0007835378476737031,0.0015031142695563881,-0.0022012832038900503,0.0031046351626097426,1.9972112290498796,1.987590821631794,2.0052626966332077,1.9677666153591882,2.0157283187459867,1.9948859491725042,1.9878860643012277,2.002511982448654,1.9784256629267443,2.016153320962153,0.002325279877375297,-0.0041584891916355525,0.00863688964445944,-0.014467217343613286,0.018000704123998727,0.3019238674930282,True,True,True,True,True,0.9999533549277195,0.3000219607544583,0.30137875099610906,0.0044938157851402115,0.0066005479357878,0.00010215515711567777,0.0066005479357878,True,True,True,True,CLEARLY CONCENTRATED,True,True,True,CONSISTENT,A,True,0.002644462125826852,True,True,True
hea_ring,dn,LATE,primary,4-14,6,10,0.303618845827024,0.30319357905311095,0.30397647018299134,0.3023083740338559,0.30442543383273724,0.00040329719910309626,-9.363229808234115e-06,0.0008436353032911398,-0.0005167592265550638,0.0015964759189696185,0.3061730833647288,0.30502290616936834,0.30709724354391765,0.3025875593759565,0.3076541920446035,0.6073815396447239,0.6061365384881952,0.6084191060841766,0.603577983982283,0.6098161382128109,0.30120845627999493,0.30046043119149385,0.3019597924305171,0.2991385024854895,0.30308338912245536,0.0017476431394986946,0.0009224264144381377,0.0025364545817961113,-0.0006096706778159972,0.003619494730744996,-0.0006627464075303457,-0.001617868058524309,0.0003341588682387766,-0.0031029020898555495,0.001700898856246511,-0.002410389547029024,-0.0030843090080949136,-0.001806352114388415,-0.004491937108932166,-0.001056483922200109,1.9838205779255607,1.9794409245137898,1.9886727199565841,1.9735506005877481,1.997744336644115,1.9973711513714432,1.9944905267304676,2.0000736384569784,1.989589507019483,2.003412645782364,-0.013550573445882485,-0.01692050974103036,-0.009929766956788865,-0.021369362548940174,-0.0030220109451190944,0.303618845827024,True,True,True,True,True,0.9999393115643883,0.30757597254605257,0.3038326130763161,0.012329140701197183,0.11171826086729669,0.00010072767666262197,0.11171826086729669,True,True,False,True,TRANSITIONAL,False,False,True,DEVIATES,B,True,0.00132830094259979,True,False,False
hea_ring,dn,LATE,secondary_n_ge_8,8-14,4,10,0.3024916218403325,0.3018107271002427,0.3031921707099946,0.3008917365530579,0.3042936825375336,0.00048032808052442846,-0.0004099514170847662,0.0012769280328345529,-0.0019358000288415829,0.002207015076100217,0.30335134801970276,0.30184498697271267,0.3048730586383316,0.2999891258731943,0.307385090855513,0.6055715206781335,0.6035647013777737,0.6073114565600052,0.5999963257413512,0.6090536427774424,0.3022201726584307,0.3009353950102909,0.30340072993030814,0.299032526522428,0.3045626432612202,-0.00010092998167865463,-0.0018342866159215688,0.0013753978981564335,-0.005231392481028916,0.0030167821828043493,-0.00037237916358040524,-0.0022395261234152137,0.001713822048340093,-0.00418054695696436,0.005151285034619888,-0.00027144918190177283,-0.0017232521743074567,0.001165715338022071,-0.003638410287339985,0.002777417567144962,1.996343826145771,1.9897466404877617,2.003311511199189,1.9807568495302663,2.0149472407338394,1.9969169149147645,1.9916556998355952,2.0028264744498268,1.985552291163152,2.012999102784009,-0.0005730887689931796,-0.008007514704623016,0.007390260690774356,-0.018130514710595135,0.023026942650243236,0.3024916218403325,True,True,True,True,True,0.9999248651955253,0.2996705035199915,0.3047561967671815,0.016812674732110202,0.006573857355182967,0.00010072767666262197,0.006573857355182967,True,True,True,True,CLEARLY CONCENTRATED,True,True,True,CONSISTENT,A,True,0.0015879054024774456,True,True,True
rxry_czbrick,d2,EARLY,primary,4-16,7,10,0.38168028042824664,0.380671467297961,0.38268833298373856,0.3790079884856245,0.38438319528418063,-0.00015928548769437802,-0.0005441755461519375,0.00021000977605871554,-0.0012376137193599625,0.000697408739898942,0.38787005630962634,0.38606138497978215,0.38959017338004526,0.3829419939250288,0.39227483966037263,0.765035305407699,0.762306910010716,0.7677864963155774,0.758786405175642,0.7718897540417405,0.37716524909807275,0.3757722688216894,0.378611785941717,0.37419583881680935,0.3810900299581726,0.00650834685676841,0.005530212899947486,0.0074261419123059615,0.0037908860997584726,0.008837899019685208,0.0019933155265944523,0.0008896793441916167,0.003066393649179651,-0.0010169939884425267,0.004844627241062344,-0.004515031330173946,-0.005283325278403211,-0.003627432771724412,-0.006402017245784193,-0.00183874866063056,1.9724336835397227,1.9683609586045303,1.9769822519603075,1.963694182768731,1.9845885395224574,2.0008456485514983,1.9989084646893625,2.0028695477501697,1.996347431113323,2.006530872607473,-0.02841196501177523,-0.03167095248431178,-0.02451323283229259,-0.036175394556978054,-0.016858308939003128,0.38168028042824664,True,True,True,True,True,0.9998935863953873,0.38148885723769604,0.3805163467281423,0.002547971586225544,0.10070476327363073,2.6935473683412476e-06,0.10070476327363073,True,True,False,True,TRANSITIONAL,False,False,False,DEVIATES,B,True,-0.00041732700341673174,True,False,False
rxry_czbrick,d2,EARLY,secondary_n_ge_8,8-16,5,10,0.38180127983052736,0.3793109565311989,0.38431031765757384,0.37550354200353986,0.38868188698482037,6.277554448659265e-05,-0.0006505378032699408,0.0007291801889052738,-0.0019042462149819544,0.0014065899281986939,0.38468229068323223,0.3808987574688151,0.388328078316878,0.37568719436524856,0.39291192962382004,0.7637325074954671,0.7578142792357832,0.7695381918224327,0.7516482731803271,0.7774230286261907,0.37905021681223483,0.37608532210764667,0.3819535475537528,0.37240877824882485,0.3865367376082188,0.0027554597637316604,0.0009894232689305427,0.004496807724033541,-0.0017441189042570581,0.007435998743334776,4.396745439072536e-06,-0.0020031534643083888,0.002037096399118555,-0.004421437962135339,0.0047686967507003,-0.0027510630182925933,-0.004541143636220172,-0.0006821565769648184,-0.006750262840278216,0.003634684131575748,1.9854984720765294,1.9774377479270082,1.9946655169419856,1.9707478905821971,2.009264504909169,1.999725880218986,1.996224972536846,2.003479049587285,1.9926234046006008,2.010115264488903,-0.014227408142456465,-0.021379512056222127,-0.005371916359527934,-0.027702887557769666,0.011871891742368575,0.38180127983052736,True,True,True,True,True,0.9997842733765298,0.3843386443237641,0.3798166270938225,0.011843902754723013,0.003068638313047123,2.6935473683412476e-06,0.003068638313047123,True,True,True,True,CLEARLY CONCENTRATED,False,False,True,DEVIATES,D,True,0.00016441941869460794,True,False,False
rxry_czbrick,d2,LATE,primary,4-16,7,10,0.38211660663744873,0.3809404029044933,0.38330334403983163,0.379598905912439,0.38505165208617187,9.35799113142861e-05,-0.0001783886284254747,0.00035076752312541303,-0.0006431906462396154,0.0005579871865700448,0.38944383341320676,0.38814299752527204,0.3906955611105781,0.38630468869675877,0.39188065451715964,0.7668980069453523,0.7644860269499621,0.7694859514630611,0.7618638013458727,0.7737325597045366,0.37745417353214544,0.3754239245434861,0.3798828398930954,0.3728650353855332,0.38495402077622093,0.00714006695312947,0.0062014963004073925,0.00793517797591175,0.004248444579680295,0.008666634845323267,0.0024776338478262106,0.0013838896157685116,0.0035870994300074613,-0.0004096397227841939,0.005304552095115722,-0.0046624331053032484,-0.006129874609725298,-0.0028456552576867976,-0.007139916878488653,0.0008426707873618283,1.9692442484248016,1.9631338541050485,1.9766762562765383,1.957436246444998,1.9923795453859114,1.9995154304938942,1.9981668439387552,2.000942189035172,1.9970962903277958,2.003388035142577,-0.030271182069092517,-0.03556126303781837,-0.0235085023839534,-0.040248282155561824,-0.00882195777832495,0.38211660663744873,True,True,True,True,True,0.9998782503956452,0.3811602099310265,0.38150829998551783,0.0009109524381953659,0.09064640363559474,2.387854172415676e-06,0.09064640363559474,True,True,True,True,CLEARLY CONCENTRATED,False,False,False,DEVIATES,D,True,0.00024489883372976373,True,False,False
rxry_czbrick,d2,LATE,secondary_n_ge_8,8-16,5,10,0.38302483778520846,0.38021386577252614,0.38586077677797626,0.37678969164683246,0.3902214720628659,0.00021729640710201162,-0.0007418948060522093,0.0011662689922517934,-0.001986418256550475,0.0023991880739193828,0.3867862524895735,0.384513815759292,0.38945603633057274,0.3827582551367191,0.3949946859262685,0.7659241053840526,0.7608684098460049,0.771155548077342,0.754610168146692,0.7791704002340026,0.3791378528944792,0.3754348514623807,0.3834233104128473,0.37107809072749365,0.39204793484581857,0.003326821890161075,0.0007940253678806353,0.006050008586726437,-0.0029619954396903772,0.011163085602245881,-0.0005601630005681258,-0.003444576608916231,0.002684685685714296,-0.006722969379584811,0.008711626655520704,-0.0038869848907292113,-0.00650844865423717,-0.0009788851318138494,-0.00966407804579285,0.0045712992379189415,1.9802947777146607,1.9705557672338052,1.9920816539407333,1.9622857385614865,2.0180849513167707,1.9989619645374574,1.9940122520456294,2.003959586250539,1.987582230812505,2.0106110487668465,-0.018667186822796555,-0.029423708562670774,-0.0065652757332118035,-0.04341655851614511,0.01738623620669297,0.38302483778520846,True,True,True,True,True,0.9997686758641743,0.38581815899382044,0.3806095131320789,0.013598715665176815,0.002777912034091218,2.387854172415676e-06,0.002777912034091218,True,True,True,True,CLEARLY CONCENTRATED,False,False,True,DEVIATES,D,True,0.0005673167525074874,True,False,False
rxry_czbrick,d4,EARLY,primary,4-16,7,10,0.3399715650715294,0.3393896490071137,0.3405644349671191,0.3387019496713153,0.3413075050076053,0.00010800578226808866,-0.00019901300996368867,0.00040589590933210525,-0.0005953429729638211,0.000773097496577689,0.3471023175557254,0.3463441214369253,0.3479522782717089,0.34533966637587593,0.34939052653306507,0.683957270058799,0.6828887971037182,0.6851148994867319,0.6815748904770541,0.687108534289273,0.3368549525030737,0.3360660580545336,0.33763110876542557,0.33470066168155704,0.3387607879196316,0.006914740919659846,0.0063815564654565735,0.007571359075414713,0.006001505418414493,0.008919104821592359,0.003798128351204133,0.002676808560669544,0.0048952613370089795,0.0008936900744686645,0.0061576990570924115,-0.003116612568455712,-0.003990525589995086,-0.002315169755634891,-0.005375883377765375,-0.001414919833741754,1.9704907939950917,1.96717630335058,1.9735499448631229,1.9620938248219333,1.9776410138992269,1.9993731662102519,1.9976257599550142,2.0011746593832407,1.995474977563256,2.003502854275353,-0.028882372215159748,-0.03162651551893165,-0.02627658742396202,-0.035435637681778515,-0.023161620237603653,0.3399715650715294,True,True,True,True,True,0.9999288140575574,0.3401189428976372,0.3397696493434445,0.0010274199082480008,0.10424799855403312,8.67574763675573e-06,0.10424799855403312,True,True,False,True,TRANSITIONAL,False,False,False,DEVIATES,B,True,0.00031769063464282503,True,False,False
rxry_czbrick,d4,EARLY,secondary_n_ge_8,8-16,5,10,0.3401726465197648,0.3391421154274025,0.3412701915423742,0.3380709433622573,0.34298986748226457,-0.00035507682400431645,-0.0007868401386542566,8.36921048125648e-05,-0.0015128458643161927,0.0007638097058028448,0.3442809724681471,0.34301235526381985,0.3458714033357101,0.34169854577978565,0.3490445052154787,0.6820114308957198,0.6795300526933264,0.6848071967837753,0.6761513096552001,0.6897873980690363,0.3377304584275727,0.33601431110982877,0.3395532275941927,0.333836195017287,0.3425523971065637,0.004818479596390901,0.0043605816475338205,0.005348115478275573,0.003977873475972915,0.0061952012770512726,0.0023762915041988355,0.0010709809815705117,0.0039719217903325795,-0.000593609120717664,0.007007304937787241,-0.002442188092192088,-0.0037492536871530043,-0.0008752864310783195,-0.00495240075394108,0.0021430069246430854,1.9809995864126162,1.975659121593212,1.9867371657626516,1.9699506871437547,1.9958714233332933,2.0021005901938294,1.9995094667758548,2.00464817035886,1.9955051334576144,2.0089397268251017,-0.0211010037812136,-0.02536771111687218,-0.016205827007761974,-0.02985534988524343,-0.007886126063472013,0.3401726465197648,True,True,True,True,True,0.9998351243801658,0.3401788666486366,0.34069725571039927,0.001523899899260533,0.004589986413868636,8.67574763675573e-06,0.004589986413868636,True,True,True,True,CLEARLY CONCENTRATED,False,False,False,DEVIATES,D,True,-0.0010438135683072498,True,False,False
rxry_czbrick,d4,MIDDLE,primary,4-16,7,10,0.3397465816587374,0.3390648389801052,0.3404419370859213,0.33824090167901893,0.34129401759361866,-0.0003050901228761575,-0.000863831674460188,0.0002540966955099592,-0.0017070369357294894,0.0008905378686140397,0.345514308233752,0.3445037921362159,0.3465676893408377,0.3432844002318863,0.3480439545185002,0.6822056710629247,0.6810025628004868,0.6835670268615808,0.6798367090458642,0.6860760452097202,0.33669136282917284,0.3357671507906665,0.3375503018455701,0.3340268174360342,0.3386728104777391,0.006377906820766921,0.005672763778167582,0.007160687059852518,0.004844741344916891,0.008495587074373178,0.0033226879912023554,0.0022805989797486785,0.004420802880065161,0.0010538945098873293,0.0061368763358711775,-0.0030552188295645487,-0.0036260826113527146,-0.002499264995000516,-0.004448351305674611,-0.0017186279874191104,1.97449075034447,1.9703271729280765,1.9786250531537601,1.9631809866322862,1.985955396782825,2.0018202579522533,1.9985144773903027,2.005123306006466,1.9947746349221311,2.0101308528506574,-0.027329507607783188,-0.029616591133794522,-0.02536375856177455,-0.03428216358603354,-0.023623448168336753,0.3397465816587374,True,True,True,True,True,0.9999263785351531,0.34075073938463707,0.3387362059094431,0.00592951801121432,0.10122977900724038,8.456833865727024e-06,0.10122977900724038,True,True,False,True,TRANSITIONAL,False,False,False,DEVIATES,B,True,-0.0008979932083102134,True,False,False
rxry_czbrick,d4,MIDDLE,secondary_n_ge_8,8-16,5,10,0.3390896986455312,0.33764921939001696,0.34046942845522354,0.33551156601224447,0.3419598232526261,-0.00042396977538566654,-0.0011094281553606178,0.00018074736570237128,-0.002260482701466529,0.0006917867373789115,0.34217231596583486,0.3405393236262072,0.3438631415703829,0.3381993393964638,0.3463878882863496,0.6801698353731025,0.6773556947166353,0.6833341538407607,0.6741055148451394,0.689461725909286,0.3379975194072677,0.3359680952277663,0.33997001577089425,0.3323384095697209,0.3430738376229364,0.00393055687107498,0.0025578684121537096,0.005363095080919824,0.0007780260779687746,0.007630432586071099,0.0028383776328114617,0.0014222850923916253,0.004650753551763686,-2.902223579265547e-05,0.008527652827728804,-0.001092179238263513,-0.0022329092395351963,-4.7218925308135744e-05,-0.004480394632919221,0.001568034381112216,1.987835412120268,1.9810434801039616,1.9928825413388138,1.9663297796659027,1.9986260468109176,2.0025270706483007,1.9989402702125707,2.0065939762453437,1.995945647560298,2.0134477333329066,-0.014691658528033068,-0.020627320458447916,-0.0096536652996127,-0.03312892463680986,-0.0023488775364664738,0.3390896986455312,True,True,True,True,True,0.9998468398996779,0.34005268587168025,0.338664143240313,0.00409491245801232,0.004386065524487584,8.456833865727024e-06,0.004386065524487584,True,True,True,True,CLEARLY CONCENTRATED,False,False,False,DEVIATES,D,True,-0.0012503174737515843,True,False,False
rxry_czbrick,d4,LATE,primary,4-16,7,10,0.340275704638825,0.3394109262138839,0.3411241111539417,0.3380776306000987,0.3424870848240115,0.000666328072747428,8.479749900423264e-05,0.001286764008517777,-0.0004700670560605903,0.0024309529650586932,0.3479917142436778,0.3464568514251605,0.3497237447143928,0.3443713129034782,0.35313005812166076,0.6853502407491162,0.6837246400912526,0.6872278553999939,0.6817108609846007,0.6905825520465819,0.3373585265054384,0.33599622911097043,0.3386786770290742,0.3337285645849843,0.3402439899661486,0.006383353459357905,0.005235474335587825,0.007575385185362897,0.003936738898603574,0.009239979346674393,0.0034661753259712545,0.0017518683395827607,0.005201406144822625,-0.0007738190873506879,0.007178825079526524,-0.002917178133386661,-0.004176854589708206,-0.001549815118990617,-0.005845718314468824,0.0006440726573492988,1.9695153507150551,1.962456934932028,1.9761268410027393,1.9507826218207018,1.9845417977474298,1.9961259088868104,1.9925183208739465,1.9995166952244459,1.9858730637298145,2.0027726984174827,-0.026610558171755304,-0.03164259971634445,-0.021543547894198038,-0.039193678620489614,-0.01411398203488508,0.340275704638825,True,True,True,True,True,0.9999021503874479,0.34111752347699414,0.3398817809664177,0.0036315919524377866,0.0937268744907228,7.672057595134112e-06,0.0937268744907228,True,True,True,True,CLEARLY CONCENTRATED,False,False,False,DEVIATES,D,False,0.001958200552268876,False,,False
rxry_czbrick,d4,LATE,secondary_n_ge_8,8-16,5,10,0.33998574604268383,0.3386020403673177,0.3414316838406232,0.3368496652061362,0.34376565083195715,0.0006444929467021041,-0.00015195021671336718,0.0014464293842622344,-0.0013313770315816474,0.00259262310916678,0.34619457368136297,0.34400222739591485,0.3486337229180304,0.3415163243929644,0.3532594100627143,0.6843363843047202,0.6823252689154331,0.6862774439501236,0.6792808944164449,0.6887062238445414,0.33814181062335713,0.33542301872427294,0.3408177127333143,0.3314317717276564,0.34428478388625794,0.004919841745274961,0.00303947903067826,0.007129874744374989,0.0008190250839109796,0.011223184355409607,0.0030759063259482968,-1.7047500250488844e-05,0.006271885836625024,-0.003362551699356281,0.010966330492188155,-0.0018439354193266698,-0.004257140787364871,0.0010193209457744557,-0.00680437839781169,0.006446300995619358,1.9769492641261917,1.9636690301902309,1.9900491887607827,1.9451220767732584,2.0081117391111727,1.99626642062948,1.9915910254344955,2.00092379711473,1.9849164126286238,2.0078753037628694,-0.019317156503288756,-0.029208778684308965,-0.009267371396350718,-0.044708389840728675,0.005608508743629915,0.33998574604268383,True,True,True,True,True,0.9997673500164197,0.33969367692982166,0.34117176734403415,0.004347507009975991,0.00405857552052844,7.672057595134112e-06,0.00405857552052844,True,True,True,True,CLEARLY CONCENTRATED,True,False,True,GAP-ONLY,D,True,0.0018956469622735024,True,False,False
rxry_czbrick,dn,EARLY,primary,4-14,6,10,0.30523609462482,0.30458796048275105,0.30583495068740296,0.3033985619894348,0.3063477605472454,8.742680942761712e-05,-0.0003974111097972024,0.0004962259681648485,-0.0012484227431743503,0.000922753084496355,0.305935644753448,0.30498628265939215,0.3069088435479918,0.3038253155047754,0.30855408578348564,0.6088400428665495,0.6076109425374421,0.6100142178121655,0.6057119528726815,0.6118056165169043,0.3029043981131015,0.3023055887775265,0.3034663806998112,0.3013869582611594,0.3042072475272188,0.0005246965097727207,-0.0007618194800578468,0.0015594529509503907,-0.0033676782093444092,0.0028473703526271533,-0.0018070000019458354,-0.0029899970573308925,-0.0007295168397165971,-0.005389749613272448,0.0009669143104308949,-0.0023316965117185394,-0.002787740583268739,-0.0019344543437324147,-0.00360766233449033,-0.0016305420708477055,1.9901161269233196,1.9867987408865841,1.9937577158110689,1.9822559158116302,2.0001016025232286,1.999454845462444,1.9967662761733194,2.0026444371649075,1.9940064520436127,2.008282788862536,-0.009338718539124425,-0.013244496136243377,-0.0045545776426770155,-0.015798481697912915,0.005252339946949102,0.30523609462482,True,True,True,True,True,0.9997695866159537,0.31452236646582993,0.2976675645800967,0.05521890163891091,0.10459311103938726,9.141956387271558e-05,0.10459311103938726,True,True,False,True,TRANSITIONAL,False,True,False,DEVIATES,B,True,0.00028642356184997557,True,False,False
rxry_czbrick,dn,EARLY,secondary_n_ge_8,8-14,4,10,0.299931362378253,0.2989092739903515,0.3009378331892476,0.2970979703824367,0.30237352465440165,0.0002965461529962288,-0.0006441810188045335,0.0011826204969593932,-0.0022011814002100777,0.0023627452094748752,0.2994875938384448,0.2975276061708843,0.30122650961038927,0.2940067775265286,0.30330374762641177,0.599297172824014,0.5966063150081591,0.6016746460750177,0.5914590420705753,0.6050423950424317,0.2998095789855692,0.2983821264868636,0.3013934780139846,0.29691610818384834,0.30451479448973146,-0.0010368608458006356,-0.0030831708514391016,0.000854792523073378,-0.006656055382379221,0.00320848501530087,-0.001158644238484452,-0.004027860956860565,0.0016701127407197536,-0.008387910945761278,0.006119713049226423,-0.00012178339268383298,-0.001647553676366673,0.0012880566614595019,-0.00460762857561507,0.0034395841366316243,2.0011630079086817,1.9935517429864107,2.0084766335949786,1.9822675695695282,2.0168141921693383,1.9981205604946801,1.9922326063916809,2.004412528040499,1.9843755110815449,2.014961571443976,0.0030424474140017476,-0.003374658908230621,0.00986390642180569,-0.010496661469744721,0.020166198528089933,0.299931362378253,True,True,True,True,True,0.9999035356908644,0.304852105822091,0.29658321032451807,0.02756929262750708,0.005773160281426246,9.141956387271558e-05,0.005773160281426246,True,True,True,True,CLEARLY CONCENTRATED,True,True,True,CONSISTENT,A,True,0.0009887133864388779,True,True,True
rxry_czbrick,dn,MIDDLE,primary,4-14,6,10,0.3047011527795189,0.3041922914364786,0.30519505898440846,0.303259378206533,0.3058772137979237,-0.002937136789226841,-0.0035562738333748778,-0.002346638571206171,-0.004550487228416646,-0.0016084237395449506,0.29890613139476907,0.2976542969096472,0.30000135964959906,0.2952466428332518,0.30084444447754344,0.6008058247755296,0.5991675338304068,0.6023827305303804,0.5963673316466898,0.6047628923018799,0.3018996933807604,0.3010460747522115,0.3027999220518069,0.30009588734566983,0.30435777141246056,7.925219370381597e-05,-0.0006789307880945644,0.0010403917015729372,-0.0012143438848280076,0.0031197400801911265,-0.0027222072050547387,-0.0039039637631118266,-0.0015256059692689392,-0.005430677001568696,0.00030217295113534927,-0.002801459398758549,-0.0037280444517387816,-0.001955343234810325,-0.005545824164032869,-0.0006379618092507389,2.0100487972074026,2.005646970800441,2.0145195427650244,1.9994001341476995,2.0213895204912236,2.0196948866013313,2.0156742798105505,2.0238963375720553,2.010665240056995,2.0307048781983386,-0.00964608939392908,-0.014102711942335415,-0.005474557490109382,-0.021666549405835633,2.0603075152083022e-05,0.3047011527795189,True,True,True,True,True,0.99973376344399,0.31463326841748157,0.2963264341955035,0.06008127653926167,0.1014517211580395,8.963202135845961e-05,0.1014517211580395,True,True,False,True,TRANSITIONAL,False,True,False,DEVIATES,B,False,-0.009639401631513179,False,,False
rxry_czbrick,dn,MIDDLE,secondary_n_ge_8,8-14,4,10,0.29889638625008297,0.29787658111677856,0.3000321393111948,0.29647943070418464,0.30215451945034505,-0.002267253139215602,-0.0034483382800444065,-0.0010350374421544046,-0.005212069937848685,0.0011458481251859953,0.2922756290790446,0.29018738554985646,0.2944808024307609,0.28790926601297423,0.2977284051872029,0.5899517286456388,0.586224371586198,0.5933116077497456,0.5790117417924908,0.5979425753557674,0.29767609956659424,0.29524230367536985,0.29986317072931934,0.2906424601918725,0.301820983617146,-0.0020862508926071553,-0.0038825799600430587,-0.00014189600038751204,-0.006036698615763383,0.003467413162405002,-0.0033065375760959136,-0.0064128422799084,2.528449353907911e-05,-0.010483420670663789,0.006776021449066818,-0.001220286683488747,-0.0033519064170143154,0.0010130907766538423,-0.006679769414351574,0.004877801720926013,2.0185802484926,2.008803845880657,2.0274887204657253,1.9907706538029093,2.039695971844614,2.0155962293565883,2.007173145644504,2.0237397838496176,1.9924005932353175,2.0360414733822347,0.00298401913601225,-0.0054731370379994355,0.011693766958504211,-0.015253607873135261,0.023479787431488104,0.29889638625008297,True,True,True,True,True,0.9998892672449202,0.3049787091403716,0.2965837384843152,0.0280865578917788,0.005594050024318549,8.963202135845961e-05,0.005594050024318549,True,True,True,True,CLEARLY CONCENTRATED,True,False,True,GAP-ONLY,D,False,-0.007585415025120508,False,,True
rxry_czbrick,dn,LATE,primary,4-14,6,10,0.304265118627219,0.30373421574908943,0.3049011847677666,0.3033427949312069,0.30619862926107455,0.0005862392703385236,-5.64787587373497e-05,0.001215813936799958,-0.0010623857543481494,0.0022517304920037836,0.30584971662554533,0.3041404987149764,0.3074417600754966,0.3008468836464415,0.3101659260926745,0.607661834006039,0.6058866453075554,0.6093890503630806,0.6029043714692064,0.6120564460814716,0.30181211738049374,0.30046388349417347,0.30298768238760665,0.29777965456555694,0.3044623117187417,0.00041211945764926816,-0.0008167241967325444,0.0015952629676765943,-0.0029903275653856125,0.003446660678758435,-0.002040881789075977,-0.003841537327132975,-0.00038125659273831753,-0.006681880421459154,0.0014035885193722202,-0.0024530012467252503,-0.003720726650888931,-0.0012222426411651938,-0.006006573523639918,0.000538262904124884,1.9868901401380001,1.9797394559968942,1.995234949619416,1.9709485701427916,2.0109239858435397,1.9962114036366803,1.9921255319678526,2.0004051794511812,1.9855024756845863,2.007008297897929,-0.009321263498680588,-0.014712196349570253,-0.003606787562208191,-0.021983253627860234,0.006874499132094905,0.304265118627219,True,True,True,True,True,0.9997213505840739,0.3141046204201456,0.29631651204660664,0.05846252917125432,0.09452051297328037,8.396133440442028e-05,0.09452051297328037,True,True,True,True,CLEARLY CONCENTRATED,False,True,False,DEVIATES,D,True,0.0019267383424807726,True,False,False
rxry_czbrick,dn,LATE,secondary_n_ge_8,8-14,4,10,0.2988022586476916,0.29776122504989044,0.2999563211435897,0.29628268297256793,0.3022050847888617,0.0005518254960228013,-0.0008632486199684657,0.002206319145291046,-0.002578303384661851,0.005480764879398304,0.29989373973780387,0.2965285131576645,0.303438801784037,0.2912850335121976,0.31033157405559225,0.597507041250828,0.5940802834168905,0.6012936750826962,0.5897200870956726,0.6088263631684299,0.2976133015130241,0.2945256977949562,0.30030413955908075,0.28896849863480045,0.3032687812110267,-1.2169901933306581e-05,-0.002504505546442255,0.0027017313647475227,-0.005653129728260114,0.007691204464335237,-0.0012011270366007465,-0.005614716826612723,0.0024179089319821584,-0.014500574894060557,0.006193949914875899,-0.00118895713466744,-0.004431328308761745,0.0017619042839962754,-0.009814700243524538,0.004839791439638402,1.9928437532126921,1.9754502084362826,2.0106140050162593,1.9567295197108585,2.040270533442876,1.9966470751977092,1.9859487047850706,2.005927048290173,1.9650293112665242,2.0175957020250572,-0.0038033219850170273,-0.017224263794858446,0.009669070235583582,-0.03848613238512577,0.030734869428573054,0.2988022586476916,True,True,True,True,True,0.9998433687902526,0.30488110391032225,0.29715282162690587,0.02586420302976542,0.0052373016476680015,8.396133440442028e-05,0.0052373016476680015,True,True,True,True,CLEARLY CONCENTRATED,True,True,True,CONSISTENT,A,True,0.0018467915822331232,True,True,True
