family,regime,fit_range,position,layer_rule,b_r_mean,b_r_ci_lo,b_r_ci_hi,b_r_pct_lo,b_r_pct_hi,b_S_mean,b_r_over_b_S,b_r_approximately_zero,b_r_minus_EARLY_mean,b_r_minus_EARLY_ci_lo,b_r_minus_EARLY_ci_hi,eps_gap_mean,eps_gap_ci_lo,eps_gap_ci_hi,eps_gap_ci_contains_0,rule_check,concentration,ratio_obs,ratio_pred,doubling_test_eligible,ratio_consistent_with_2,depth2_note,section22_outcome
hea_ring,d2,primary,EARLY,0,-0.0006943204236203069,-0.001031047623262166,-0.000366237714643233,-0.0015516894512234737,6.514608639636199e-05,0.37640405013958567,-0.001844614645785095,False,0.0,,,-0.00433542209874988,-0.005424599003450713,-0.003478673364345884,False,DEVIATES,CLEARLY CONCENTRATED,1.9735120503547463,2.003715630653745,False,,,C (slope rule fails beyond uncertainty at some position)
hea_ring,d2,primary,LATE,d-1,-0.0004302741573081653,-0.000590487951182361,-0.00027920963462404926,-0.000837835036777474,-9.297056615618212e-05,0.3762279441426887,-0.0011436528413343455,False,0.0002640462663121416,-0.00017822895220430797,0.000688457420586912,-0.004819997332865378,-0.005642710310265679,-0.004005646740995009,False,DEVIATES,CLEARLY CONCENTRATED,1.96941982750335,2.0022938992398194,False,,MIDDLE coincides with LATE (floor(2/2) = 1 = d - 1),C (slope rule fails beyond uncertainty at some position)
hea_ring,d2,secondary_n_ge_8,EARLY,0,0.00010612904666584396,-0.00040262227863133,0.0006968410388159066,-0.0008194100503495363,0.001881409389227586,0.37854411331156784,0.00028036110702504163,True,0.0,,,-0.0036935247510277045,-0.0055224415692925076,-0.0020933798899809442,False,DEVIATES,CLEARLY CONCENTRATED,1.9832863764095952,1.999471061364778,True,False,,C (slope rule fails beyond uncertainty at some position)
hea_ring,d2,secondary_n_ge_8,LATE,d-1,-0.00010612374721006743,-0.0006317228869729092,0.0003844980198450625,-0.0015507025044888994,0.001144295060622609,0.3778199242429462,-0.0002808844647955295,True,-0.00021225279387591137,-0.0012235518104490046,0.000692915452515897,-0.003247246506061807,-0.0049769709417203075,-0.0014404112083305281,False,DEVIATES,CLEARLY CONCENTRATED,1.9812307720388342,2.000566255744734,True,False,MIDDLE coincides with LATE (floor(2/2) = 1 = d - 1),C (slope rule fails beyond uncertainty at some position)
hea_ring,d4,primary,EARLY,0,0.00018186024932898335,-0.00023656998502443586,0.0005856879006862345,-0.0009160069218115607,0.001168532934324735,0.318627304952021,0.000570761659476635,True,0.0,,,-0.0016161488471063469,-0.0024514216289939807,-0.0007336007805380623,False,DEVIATES,TRANSITIONAL,1.9809340140701228,1.9988807986689565,True,False,,C (slope rule fails beyond uncertainty at some position)
hea_ring,d4,primary,MIDDLE,floor(d/2),8.630795666957398e-05,-0.0003797416231903754,0.0005469781268716492,-0.001047788304712717,0.0012133475088018943,0.31886689942511043,0.00027067079344133806,True,-9.555229265940938e-05,-0.0005551430573381723,0.00036324937042497867,-0.0020532576132739123,-0.002802055191911338,-0.0013363621014411133,False,DEVIATES,TRANSITIONAL,1.9808332220162366,1.999484633222591,True,False,,C (slope rule fails beyond uncertainty at some position)
hea_ring,d4,primary,LATE,d-1,-0.0005207584261159812,-0.0010348346706845891,-4.2838986455486264e-06,-0.0017584437395116983,0.0007497396420678294,0.31873060750998883,-0.0016338513272518421,False,-0.0007026186754449645,-0.0014277560807564546,6.448962208189159e-05,-0.0015257663273830768,-0.002256614500979603,-0.0008270594716217753,False,DEVIATES,TRANSITIONAL,1.9849766210587927,2.0033080295882284,False,,,C (slope rule fails beyond uncertainty at some position)
hea_ring,d4,secondary_n_ge_8,EARLY,0,0.00028336208490642196,-0.0005052183941241147,0.0011065987256972318,-0.0016965654003657353,0.0026084015530836767,0.31992783295141847,0.0008857062616038502,True,0.0,,,0.00023592179864195817,-0.000883131169313733,0.0013430906398228034,True,GAP-ONLY,CLEARLY CONCENTRATED,1.9875319230293615,1.9983080798328743,True,False,,C (slope rule fails beyond uncertainty at some position)
hea_ring,d4,secondary_n_ge_8,MIDDLE,floor(d/2),0.0006469064540215324,1.8405237497205137e-05,0.001213974584737119,-0.0010758332755353183,0.001871081884708166,0.32013181010322034,0.0020207503084837147,False,0.00036354436911511037,-0.0002515801013308976,0.0011022601274001734,-0.0013226634882873012,-0.0027188631105809157,-5.867352811206317e-06,False,DEVIATES,CLEARLY CONCENTRATED,1.9811537519717006,1.9960206476725766,False,,,C (slope rule fails beyond uncertainty at some position)
hea_ring,d4,secondary_n_ge_8,LATE,d-1,-0.00047061581852906144,-0.001264927845283059,0.0003679175799646223,-0.002466430466664018,0.0017647593072082927,0.31979748102171995,-0.0014716057707068,True,-0.0007539779034354833,-0.0020305049873552434,0.0005442344839361938,0.0005269967492850858,-0.0004390145482282459,0.0016088042357747935,True,GAP-ONLY,CLEARLY CONCENTRATED,1.9934975561104473,2.003032614400242,True,False,,C (slope rule fails beyond uncertainty at some position)
hea_ring,dn,primary,EARLY,0,0.000312908458218999,-0.0002249454871618365,0.0007743905491731242,-0.0012656643595179348,0.0011532368302360288,0.3034608679496774,0.0010311328123891357,True,0.0,,,-0.0028127493591053043,-0.0037325987399041754,-0.0019120804918112278,False,DEVIATES,TRANSITIONAL,1.980038931073184,1.9979709944488526,True,False,,C (slope rule fails beyond uncertainty at some position)
hea_ring,dn,primary,MIDDLE,floor(d/2),-0.0009147304828094232,-0.001566987529905155,-0.0003436565904369952,-0.0027504343692990726,0.0004206320324751654,0.3025617116565059,-0.0030232856556810595,False,-0.0012276389410284221,-0.002111372981767255,-0.0004312703861763433,-0.0025883592275390776,-0.0033561477560749868,-0.0018622816855621783,False,DEVIATES,TRANSITIONAL,1.9896758236474639,2.0061302710790825,False,,,C (slope rule fails beyond uncertainty at some position)
hea_ring,dn,primary,LATE,d-1,0.00040329719910309626,-9.363229808234115e-06,0.0008436353032911398,-0.0005167592265550638,0.0015964759189696185,0.303618845827024,0.00132830094259979,True,9.03887408840973e-05,-0.00044741881359288804,0.0006186698325588882,-0.002410389547029024,-0.0030843090080949136,-0.001806352114388415,False,DEVIATES,TRANSITIONAL,1.9838205779255607,1.9973711513714432,True,False,,C (slope rule fails beyond uncertainty at some position)
hea_ring,dn,secondary_n_ge_8,EARLY,0,0.0007028508352933691,-0.0005202126761628642,0.001880232288825328,-0.00251112474523245,0.003885189876303369,0.30233741639128525,0.002324723296516297,True,0.0,,,-0.0017423694975395808,-0.002686449555058752,-0.000815963043629403,False,DEVIATES,CLEARLY CONCENTRATED,1.987174821788767,1.9955309980542186,True,False,,C (slope rule fails beyond uncertainty at some position)
hea_ring,dn,secondary_n_ge_8,MIDDLE,floor(d/2),0.0007984262324684781,-0.0003513757515198657,0.0018638665323808892,-0.002393635509800497,0.0033318497942507967,0.3019238674930282,0.002644462125826852,True,9.557539717510916e-05,-0.002070203705321651,0.0021450599071626514,0.0003521077122057792,-0.0007835378476737031,0.0015031142695563881,True,CONSISTENT,CLEARLY CONCENTRATED,1.9972112290498796,1.9948859491725042,True,True,,C (slope rule fails beyond uncertainty at some position)
hea_ring,dn,secondary_n_ge_8,LATE,d-1,0.00048032808052442846,-0.0004099514170847662,0.0012769280328345529,-0.0019358000288415829,0.002207015076100217,0.3024916218403325,0.0015879054024774456,True,-0.00022252275476894066,-0.0013848748724759538,0.0008591785799546626,-0.00027144918190177283,-0.0017232521743074567,0.001165715338022071,True,CONSISTENT,CLEARLY CONCENTRATED,1.996343826145771,1.9969169149147645,True,True,,C (slope rule fails beyond uncertainty at some position)
rxry_czbrick,d2,primary,EARLY,0,-0.00015928548769437802,-0.0005441755461519375,0.00021000977605871554,-0.0012376137193599625,0.000697408739898942,0.38168028042824664,-0.00041732700341673174,True,0.0,,,-0.004515031330173946,-0.005283325278403211,-0.003627432771724412,False,DEVIATES,TRANSITIONAL,1.9724336835397227,2.0008456485514983,True,False,,C (slope rule fails beyond uncertainty at some position)
rxry_czbrick,d2,primary,LATE,d-1,9.35799113142861e-05,-0.0001783886284254747,0.00035076752312541303,-0.0006431906462396154,0.0005579871865700448,0.38211660663744873,0.00024489883372976373,True,0.00025286539900866407,-0.00027400239277258266,0.0007870850034400885,-0.0046624331053032484,-0.006129874609725298,-0.0028456552576867976,False,DEVIATES,CLEARLY CONCENTRATED,1.9692442484248016,1.9995154304938942,True,False,MIDDLE coincides with LATE (floor(2/2) = 1 = d - 1),C (slope rule fails beyond uncertainty at some position)
rxry_czbrick,d2,secondary_n_ge_8,EARLY,0,6.277554448659265e-05,-0.0006505378032699408,0.0007291801889052738,-0.0019042462149819544,0.0014065899281986939,0.38180127983052736,0.00016441941869460794,True,0.0,,,-0.0027510630182925933,-0.004541143636220172,-0.0006821565769648184,False,DEVIATES,CLEARLY CONCENTRATED,1.9854984720765294,1.999725880218986,True,False,,C (slope rule fails beyond uncertainty at some position)
rxry_czbrick,d2,secondary_n_ge_8,LATE,d-1,0.00021729640710201162,-0.0007418948060522093,0.0011662689922517934,-0.001986418256550475,0.0023991880739193828,0.38302483778520846,0.0005673167525074874,True,0.00015452086261541904,-0.0010211083376465684,0.001376801662446504,-0.0038869848907292113,-0.00650844865423717,-0.0009788851318138494,False,DEVIATES,CLEARLY CONCENTRATED,1.9802947777146607,1.9989619645374574,True,False,MIDDLE coincides with LATE (floor(2/2) = 1 = d - 1),C (slope rule fails beyond uncertainty at some position)
rxry_czbrick,d4,primary,EARLY,0,0.00010800578226808866,-0.00019901300996368867,0.00040589590933210525,-0.0005953429729638211,0.000773097496577689,0.3399715650715294,0.00031769063464282503,True,0.0,,,-0.003116612568455712,-0.003990525589995086,-0.002315169755634891,False,DEVIATES,TRANSITIONAL,1.9704907939950917,1.9993731662102519,True,False,,C (slope rule fails beyond uncertainty at some position)
rxry_czbrick,d4,primary,MIDDLE,floor(d/2),-0.0003050901228761575,-0.000863831674460188,0.0002540966955099592,-0.0017070369357294894,0.0008905378686140397,0.3397465816587374,-0.0008979932083102134,True,-0.00041309590514424616,-0.0010676628622309431,0.0002567466759031466,-0.0030552188295645487,-0.0036260826113527146,-0.002499264995000516,False,DEVIATES,TRANSITIONAL,1.97449075034447,2.0018202579522533,True,False,,C (slope rule fails beyond uncertainty at some position)
rxry_czbrick,d4,primary,LATE,d-1,0.000666328072747428,8.479749900423264e-05,0.001286764008517777,-0.0004700670560605903,0.0024309529650586932,0.340275704638825,0.001958200552268876,False,0.0005583222904793394,-0.0001609000011713757,0.0012613713462202977,-0.002917178133386661,-0.004176854589708206,-0.001549815118990617,False,DEVIATES,CLEARLY CONCENTRATED,1.9695153507150551,1.9961259088868104,False,,,C (slope rule fails beyond uncertainty at some position)
rxry_czbrick,d4,secondary_n_ge_8,EARLY,0,-0.00035507682400431645,-0.0007868401386542566,8.36921048125648e-05,-0.0015128458643161927,0.0007638097058028448,0.3401726465197648,-0.0010438135683072498,True,0.0,,,-0.002442188092192088,-0.0037492536871530043,-0.0008752864310783195,False,DEVIATES,CLEARLY CONCENTRATED,1.9809995864126162,2.0021005901938294,True,False,,C (slope rule fails beyond uncertainty at some position)
rxry_czbrick,d4,secondary_n_ge_8,MIDDLE,floor(d/2),-0.00042396977538566654,-0.0011094281553606178,0.00018074736570237128,-0.002260482701466529,0.0006917867373789115,0.3390896986455312,-0.0012503174737515843,True,-6.889295138135014e-05,-0.0007045601850240531,0.0005367740349906924,-0.001092179238263513,-0.0022329092395351963,-4.7218925308135744e-05,False,DEVIATES,CLEARLY CONCENTRATED,1.987835412120268,2.0025270706483007,True,False,,C (slope rule fails beyond uncertainty at some position)
rxry_czbrick,d4,secondary_n_ge_8,LATE,d-1,0.0006444929467021041,-0.00015195021671336718,0.0014464293842622344,-0.0013313770315816474,0.00259262310916678,0.33998574604268383,0.0018956469622735024,True,0.0009995697707064206,0.0001673987362466122,0.0018747045443956486,-0.0018439354193266698,-0.004257140787364871,0.0010193209457744557,True,GAP-ONLY,CLEARLY CONCENTRATED,1.9769492641261917,1.99626642062948,True,False,,C (slope rule fails beyond uncertainty at some position)
rxry_czbrick,dn,primary,EARLY,0,8.742680942761712e-05,-0.0003974111097972024,0.0004962259681648485,-0.0012484227431743503,0.000922753084496355,0.30523609462482,0.00028642356184997557,True,0.0,,,-0.0023316965117185394,-0.002787740583268739,-0.0019344543437324147,False,DEVIATES,TRANSITIONAL,1.9901161269233196,1.999454845462444,True,False,,C (slope rule fails beyond uncertainty at some position)
rxry_czbrick,dn,primary,MIDDLE,floor(d/2),-0.002937136789226841,-0.0035562738333748778,-0.002346638571206171,-0.004550487228416646,-0.0016084237395449506,0.3047011527795189,-0.009639401631513179,False,-0.003024563598654458,-0.0039171661962276085,-0.002098142427777412,-0.002801459398758549,-0.0037280444517387816,-0.001955343234810325,False,DEVIATES,TRANSITIONAL,2.0100487972074026,2.0196948866013313,False,,,C (slope rule fails beyond uncertainty at some position)
rxry_czbrick,dn,primary,LATE,d-1,0.0005862392703385236,-5.64787587373497e-05,0.001215813936799958,-0.0010623857543481494,0.0022517304920037836,0.304265118627219,0.0019267383424807726,True,0.0004988124609109064,-0.00020925434272582745,0.0011731202061058728,-0.0024530012467252503,-0.003720726650888931,-0.0012222426411651938,False,DEVIATES,CLEARLY CONCENTRATED,1.9868901401380001,1.9962114036366803,True,False,,C (slope rule fails beyond uncertainty at some position)
rxry_czbrick,dn,secondary_n_ge_8,EARLY,0,0.0002965461529962288,-0.0006441810188045335,0.0011826204969593932,-0.0022011814002100777,0.0023627452094748752,0.299931362378253,0.0009887133864388779,True,0.0,,,-0.00012178339268383298,-0.001647553676366673,0.0012880566614595019,True,CONSISTENT,CLEARLY CONCENTRATED,2.0011630079086817,1.9981205604946801,True,True,,"B (b_r not approximately zero at some position; general rule holds, doubling does not)"
rxry_czbrick,dn,secondary_n_ge_8,MIDDLE,floor(d/2),-0.002267253139215602,-0.0034483382800444065,-0.0010350374421544046,-0.005212069937848685,0.0011458481251859953,0.29889638625008297,-0.007585415025120508,False,-0.0025637992922118305,-0.003982828767315134,-0.0009170529444030947,-0.001220286683488747,-0.0033519064170143154,0.0010130907766538423,True,GAP-ONLY,CLEARLY CONCENTRATED,2.0185802484926,2.0155962293565883,False,,,"B (b_r not approximately zero at some position; general rule holds, doubling does not)"
rxry_czbrick,dn,secondary_n_ge_8,LATE,d-1,0.0005518254960228013,-0.0008632486199684657,0.002206319145291046,-0.002578303384661851,0.005480764879398304,0.2988022586476916,0.0018467915822331232,True,0.0002552793430265726,-0.0012889235025165733,0.001822774539211956,-0.00118895713466744,-0.004431328308761745,0.0017619042839962754,True,CONSISTENT,CLEARLY CONCENTRATED,1.9928437532126921,1.9966470751977092,True,True,,"B (b_r not approximately zero at some position; general rule holds, doubling does not)"
