family,regime,position,fit_range,metric,n_seeds,n_min,n_max,n_units,mean,sd,median,q25,q75,min,max,pct_lo,pct_hi,boot_lo,boot_hi,boot_se,boot_ci_contains_0,pct_interval_contains_0,equivalent_within_margin,iqr,b_S_mean,effect_rel_to_b_S,concentration
rx_product,product,k=0,primary,eps_LE,10,2,20,10,0.005104284147980897,0.00046595034221005334,0.0050447674478777405,0.004729238214179421,0.005560523882256252,0.004479882568185878,0.005711119748008975,0.00451136576401413,0.005697634333749052,0.004836373079597884,0.005379871065234147,0.00013984681428576268,False,False,True,0.000831285668076831,0.6013007699849295,0.008488737089275349,TRANSITIONAL
rx_product,product,k=0,primary,eps_SWAP,10,2,20,10,-0.0019132630153620544,0.0005723762777934087,-0.001983828207069549,-0.00207541812451123,-0.0015812033614692744,-0.0030223108536917564,-0.0009083670419014478,-0.0028911019281346426,-0.0010423803058753954,-0.0022554376334802703,-0.001582931339002513,0.0001707580852275993,False,False,True,0.0004942147630419558,0.6013007699849295,-0.0031818735495881814,TRANSITIONAL
rx_product,product,k=0,primary,eps_gap,10,2,20,10,-0.007017547163342919,0.000684109071684733,-0.007106414001724959,-0.007570718132619503,-0.006722697444730336,-0.007755428947918586,-0.005528174924879448,-0.007742999723449065,-0.005746556862540699,-0.007385623768542509,-0.0065762586788236325,0.00020663079432865154,False,False,True,0.0008480206878891672,0.6013007699849295,-0.011670610638863477,TRANSITIONAL
rx_product,product,k=0,secondary_n_ge_8,eps_LE,10,8,20,10,-0.00024082639176413733,0.0006990583172792185,-0.00020363799829103968,-0.0007738888007374212,0.0004179360423477163,-0.0014974077072514858,0.0005763738345903047,-0.0013448883869816518,0.0005620619697235818,-0.0006632722777807477,0.00015222201204951244,0.00020870637138152483,True,True,True,0.0011918248430851375,0.6020351500191442,-0.00040002048344931233,CLEARLY CONCENTRATED
rx_product,product,k=0,secondary_n_ge_8,eps_SWAP,10,8,20,10,-0.0008761742051641263,0.0011124025924917262,-0.0010603454925247613,-0.0016262707236346374,-0.0004618182527229564,-0.0022168495010888023,0.0016675808501025458,-0.0021126983781515063,0.0012511252042825445,-0.0014636921454025129,-0.00017293810353357535,0.0003330425633248804,False,True,True,0.001164452470911681,0.6020351500191442,-0.0014553539027351886,CLEARLY CONCENTRATED
rx_product,product,k=0,secondary_n_ge_8,eps_gap,10,8,20,10,-0.0006353478134000223,0.0010288849497617175,-0.0008551399127620929,-0.0012536873324149045,-0.0001863490917091981,-0.0021543104849134354,0.0014753967116448718,-0.001983984349691142,0.001220695193477151,-0.0011969891742463433,-8.361112974819141e-06,0.00030789885583152704,False,True,True,0.0010673382407057064,0.6020351500191442,-0.0010553334192859318,CLEARLY CONCENTRATED
hea_ring,d2,EARLY,primary,eps_LE,10,4,16,10,0.007202400225935779,0.0017351173562156087,0.007106566459166325,0.0066200683424224305,0.008417528648793304,0.003288890153637758,0.009576792588463057,0.004026751786547774,0.009406528662721106,0.006110847358533611,0.008169215012424824,0.0005216722361106577,False,False,True,0.0017974603063708738,0.37640405013958567,0.019134757511947178,CLEARLY CONCENTRATED
hea_ring,d2,EARLY,primary,eps_SWAP,10,4,16,10,0.0028669781271858817,0.0015031312731044165,0.0027707319742014125,0.0025420127060724607,0.003482163326273907,0.0001593697856115961,0.0057748600778319,0.0004040322939150883,0.0053568546786055445,0.0019672399040101905,0.003758721874334841,0.00045209745533327845,False,False,True,0.0009401506202014465,0.37640405013958567,0.007616756849780686,CLEARLY CONCENTRATED
hea_ring,d2,EARLY,primary,eps_gap,10,4,16,10,-0.00433542209874988,0.0016729393794227647,-0.003970723711792246,-0.004916977260700797,-0.00306628305584003,-0.008330033877058218,-0.002833316916767137,-0.007682452045210699,-0.0028741519181043978,-0.005424599003450713,-0.003478673364345884,0.0005041021308472633,False,False,True,0.0018506942048607672,0.37640405013958567,-0.011518000662166447,CLEARLY CONCENTRATED
hea_ring,d2,EARLY,secondary_n_ge_8,eps_LE,10,8,16,10,0.0025171429077055995,0.0031312402487263034,0.0029706923700025256,-0.0003930861408207448,0.004802188743965444,-0.0019511452597901213,0.006951952573686915,-0.0017264004537525578,0.006794978077771317,0.0006368694647733605,0.004318686755343385,0.000945380373261673,False,True,True,0.0051952748847861885,0.37854411331156784,0.0066495365247796565,CLEARLY CONCENTRATED
hea_ring,d2,EARLY,secondary_n_ge_8,eps_SWAP,10,8,16,10,-0.001176381843322083,0.002978177347561119,-0.0014170332179475054,-0.003915882053432768,0.0015013770375416624,-0.00483125631788206,0.002998806569458612,-0.004740384879270973,0.0028815303591854164,-0.002900110781188767,0.0005666491749264422,0.0008885505098579576,True,True,True,0.00541725909097443,0.37854411331156784,-0.003107647964806257,CLEARLY CONCENTRATED
hea_ring,d2,EARLY,secondary_n_ge_8,eps_gap,10,8,16,10,-0.0036935247510277045,0.002918930920996779,-0.003896897006494149,-0.0047956320779491135,-0.0021505785220317375,-0.010014019847292555,1.1314393310313253e-05,-0.008962265517623547,-4.071707219407947e-06,-0.0055224415692925076,-0.0020933798899809442,0.0008766426499330214,False,False,True,0.002645053555917376,0.37854411331156784,-0.009757184489585973,CLEARLY CONCENTRATED
hea_ring,d2,LATE,primary,eps_LE,10,4,16,10,0.007761315741821146,0.00128226285176094,0.007556478756731266,0.006647392713504396,0.00844542165646811,0.006229100028542267,0.010044820657775455,0.006258527169315084,0.009873014810188662,0.0070263578124307394,0.008520490682931472,0.0003818932326940961,False,False,True,0.0017980289429637142,0.3762279441426887,0.020629290999388337,CLEARLY CONCENTRATED
hea_ring,d2,LATE,primary,eps_SWAP,10,4,16,10,0.002941318408955762,0.001986047538050808,0.003010566805724757,0.001700977565275319,0.004449526347234584,-0.0007165140020843896,0.005399341126878676,-0.00032385722784265234,0.00536311653288736,0.0017566558980986586,0.004077065436437697,0.0005938836684524575,False,True,True,0.0027485487819592647,0.3762279441426887,0.007817915853268555,CLEARLY CONCENTRATED
hea_ring,d2,LATE,primary,eps_gap,10,4,16,10,-0.004819997332865378,0.0013886949958676052,-0.004978285855793241,-0.005861143684025599,-0.00356053593439469,-0.007141451579519398,-0.0031163984877009554,-0.006900659062152567,-0.0031214836893481883,-0.005642710310265679,-0.004005646740995009,0.00041892451077503136,False,False,True,0.002300607749630909,0.3762279441426887,-0.012811375146119767,CLEARLY CONCENTRATED
hea_ring,d2,LATE,secondary_n_ge_8,eps_LE,10,8,16,10,0.004153334655221191,0.002324681692042786,0.004677861427470703,0.002898497575873668,0.005020069056285964,-0.0002635681017786329,0.00871929270580557,0.0003873779173084838,0.007920890458545389,0.0027992103604907604,0.0055298018918824255,0.0006931436344206147,False,False,True,0.002121571480412296,0.3778199242429462,0.010992894732969428,CLEARLY CONCENTRATED
hea_ring,d2,LATE,secondary_n_ge_8,eps_SWAP,10,8,16,10,0.0009060881491593676,0.0029123083681884864,0.0014223892806172755,-0.0003236280495602928,0.0030422192047020735,-0.004061280277980361,0.004378402584888308,-0.00394985926557527,0.004270035361379973,-0.0008940468729408042,0.002578023134032651,0.0008769148638200378,True,True,True,0.0033658472542623663,0.3778199242429462,0.0023982010768091038,CLEARLY CONCENTRATED
hea_ring,d2,LATE,secondary_n_ge_8,eps_gap,10,8,16,10,-0.003247246506061807,0.0029736331238206233,-0.0033875298018018196,-0.005125265568967224,-0.00117476537121107,-0.007387656659032293,0.001051932228981256,-0.0073276039718696544,0.0009909601828513124,-0.0049769709417203075,-0.0014404112083305281,0.0009020049284170452,False,True,True,0.003950500197756154,0.3778199242429462,-0.00859469365616028,CLEARLY CONCENTRATED
hea_ring,d4,EARLY,primary,eps_LE,10,4,16,10,0.004184768254113358,0.000948704718765403,0.004225764627703077,0.003728971761048791,0.004790275033294572,0.0025360720878262466,0.005417268873371461,0.0026480607108130246,0.005395225320871498,0.0036008350310069177,0.004731077058159999,0.00028791718181428704,False,False,True,0.001061303272245781,0.318627304952021,0.0131337402321609,TRANSITIONAL
hea_ring,d4,EARLY,primary,eps_SWAP,10,4,16,10,0.002568619407007,0.0010787306896197098,0.002376011668644429,0.0016938936529797,0.003087801020502795,0.0013129690955008266,0.004314461007495107,0.001365812868390176,0.0042802756280986756,0.0019587380571186876,0.003219176535565044,0.00032444885685420057,False,False,True,0.001393907367523095,0.318627304952021,0.008061516910466237,TRANSITIONAL
hea_ring,d4,EARLY,primary,eps_gap,10,4,16,10,-0.0016161488471063469,0.0014579540222381057,-0.002197141718753265,-0.0026989281015041278,-0.00033235705818943084,-0.0032301934344592387,0.0005780278777374193,-0.0031753643553525416,0.0005499206056547566,-0.0024514216289939807,-0.0007336007805380623,0.0004427497828502486,False,True,True,0.002366571043314697,0.318627304952021,-0.0050722233216946265,TRANSITIONAL
hea_ring,d4,EARLY,secondary_n_ge_8,eps_LE,10,8,16,10,0.0037231096423341603,0.001231084464403072,0.004242268448405251,0.003023782736727529,0.0045837422742247835,0.0012919537828135486,0.004940164050562079,0.0015060765327444092,0.0049229656150765865,0.0029714929507505122,0.004406675229049712,0.00037011873659024443,False,False,True,0.0015599595374972547,0.31992783295141847,0.0116373421092735,CLEARLY CONCENTRATED
hea_ring,d4,EARLY,secondary_n_ge_8,eps_SWAP,10,8,16,10,0.003959031440976124,0.0017920534399395872,0.0039502214427930005,0.0029306866996076097,0.005050433002102228,0.0012442360791979912,0.006985771153326659,0.001363892143352999,0.006745961422830488,0.002916685159321545,0.005011773189468988,0.0005397064575188321,False,False,True,0.0021197463024946184,0.31992783295141847,0.012374764034916927,CLEARLY CONCENTRATED
hea_ring,d4,EARLY,secondary_n_ge_8,eps_gap,10,8,16,10,0.00023592179864195817,0.0018815229362213893,1.3101709139956563e-05,-0.0010693262211386445,0.0019196400049153045,-0.0024024154245660956,0.003010350641825088,-0.002339343645498905,0.0028104817810219664,-0.000883131169313733,0.0013430906398228034,0.0005665424585702064,True,True,True,0.002988966226053949,0.31992783295141847,0.0007374219256434099,CLEARLY CONCENTRATED
hea_ring,d4,MIDDLE,primary,eps_LE,10,4,16,10,0.003974222733209631,0.0008797003450651568,0.003948964282094486,0.0032701096366287152,0.004325018610581266,0.0028462929490877253,0.005628571399310278,0.0029203985595917777,0.005485605427546956,0.003476457180647844,0.004496531812340473,0.00026285083584621675,False,False,True,0.0010549089739525508,0.31886689942511043,0.012463578817289636,TRANSITIONAL
hea_ring,d4,MIDDLE,primary,eps_SWAP,10,4,16,10,0.0019209651199357358,0.001253167246317621,0.0019132717371153074,0.0009829005174213368,0.0029860021394882974,0.00014432652819817982,0.003600238946343981,0.00016474443515767382,0.0035264678336520278,0.0011727913267401847,0.0026425991221201563,0.00037845342433699653,False,False,True,0.0020031016220669606,0.31886689942511043,0.006024347849836627,TRANSITIONAL
hea_ring,d4,MIDDLE,primary,eps_gap,10,4,16,10,-0.0020532576132739123,0.0012604951919349945,-0.0019573506750616143,-0.002787354728316191,-0.001394192751744558,-0.004156559624262368,-0.00010454132149162465,-0.0040100346802424075,-0.00020640734092797468,-0.002802055191911338,-0.0013363621014411133,0.00037770778061462987,False,False,True,0.001393161976571633,0.31886689942511043,-0.006439230967453063,TRANSITIONAL
hea_ring,d4,MIDDLE,secondary_n_ge_8,eps_LE,10,8,16,10,0.003526372345749218,0.0023167776156727523,0.003319606301871947,0.0028834932613402003,0.0053461077851959665,-9.985284262886696e-05,0.0069799527846616805,-7.593920999363205e-05,0.006641253655653866,0.0021049287069029045,0.004837065674565081,0.0006965508283071619,False,True,True,0.002462614523855766,0.32013181010322034,0.011015376274579547,CLEARLY CONCENTRATED
hea_ring,d4,MIDDLE,secondary_n_ge_8,eps_SWAP,10,8,16,10,0.002203708857461917,0.003055243625581898,0.0027241182879240156,-0.0003982016534630761,0.004948740276953162,-0.0021108164743207647,0.005675700943374884,-0.0019491249392856235,0.0056450314823441265,0.0004083519614751855,0.003953863244222026,0.0009126801301049814,False,True,True,0.005346941930416238,0.32013181010322034,0.006883754715757155,CLEARLY CONCENTRATED
hea_ring,d4,MIDDLE,secondary_n_ge_8,eps_gap,10,8,16,10,-0.0013226634882873012,0.0023615208291315978,-0.0005803518145620912,-0.0033846146806106037,8.348820676351565e-05,-0.005109471521366649,0.0017280012731456518,-0.0049288402997724615,0.0015283451080255338,-0.0027188631105809157,-5.867352811206317e-06,0.0007016705371244451,False,True,True,0.0034681028873741193,0.32013181010322034,-0.004131621558822392,CLEARLY CONCENTRATED
hea_ring,d4,LATE,primary,eps_LE,10,4,16,10,0.0043641798105123475,0.0007215596097750323,0.004132249154391782,0.00402810367251559,0.004704713365313987,0.003288233218004366,0.005846757978017814,0.003396081818168344,0.005661529951339787,0.003959792644630428,0.004804614889164388,0.00021730474993092073,False,False,True,0.0006766096927983967,0.31873060750998883,0.013692377536649274,TRANSITIONAL
hea_ring,d4,LATE,primary,eps_SWAP,10,4,16,10,0.002838413483129287,0.0015970969734188656,0.002865461584928508,0.002347523121027706,0.0033113872261739397,0.00034740948061584564,0.00630551297312687,0.0005053861725161314,0.00571878637652914,0.0019440709487564534,0.0038236752314266516,0.000477426676753397,False,False,True,0.0009638641051462338,0.31873060750998883,0.008905368409089275,TRANSITIONAL
hea_ring,d4,LATE,primary,eps_gap,10,4,16,10,-0.0015257663273830768,0.0012172130600416424,-0.001659695575832787,-0.0021950675637140704,-0.0008220089368049521,-0.003778120747055025,0.0004587549951090564,-0.0034317522279797754,0.0003398478693503614,-0.002256614500979603,-0.0008270594716217753,0.00036354650606564096,False,True,True,0.0013730586269091183,0.31873060750998883,-0.004787009127560051,TRANSITIONAL
hea_ring,d4,LATE,secondary_n_ge_8,eps_LE,10,8,16,10,0.0035772459769897124,0.00226861720143889,0.0030831192926988604,0.002345768983276611,0.005329899653154155,6.582761327711406e-05,0.007361571928837463,0.00028524595920858425,0.006988949499818036,0.002241452830559251,0.004933563050725431,0.0006841699985213741,False,False,True,0.002984130669877544,0.31979748102171995,0.011185972965017676,CLEARLY CONCENTRATED
hea_ring,d4,LATE,secondary_n_ge_8,eps_SWAP,10,8,16,10,0.0041042427262748095,0.0031604076398443984,0.003328029918262143,0.0019488343076755898,0.005401509537113047,0.0005705682847179094,0.011157224469607985,0.0007713414382210656,0.010105777730682417,0.0024023872468618376,0.006085291510933809,0.0009479976009796474,False,False,True,0.0034526752294374574,0.31979748102171995,0.01283388072089304,CLEARLY CONCENTRATED
hea_ring,d4,LATE,secondary_n_ge_8,eps_gap,10,8,16,10,0.0005269967492850858,0.0017746131934145803,0.00033690264900687605,-0.0007557803902510929,0.0009158616503493477,-0.0014456260398010845,0.003795652540770522,-0.001405046492849131,0.003670356558558563,-0.0004390145482282459,0.0016088042357747935,0.0005302053554065873,True,True,True,0.0016716420406004406,0.31979748102171995,0.0016479077558753294,CLEARLY CONCENTRATED
hea_ring,dn,EARLY,primary,eps_LE,10,4,14,10,0.0026931698280885487,0.0007569972138867914,0.0028757796130260416,0.001959723207039729,0.003198636535629115,0.001579410242834145,0.0037534538118509375,0.0016248112662986009,0.003679372967753461,0.002233821595980012,0.0031400995464585936,0.0002293556322218043,False,False,True,0.001238913328589386,0.3034608679496774,0.008874850475070658,TRANSITIONAL
hea_ring,dn,EARLY,primary,eps_SWAP,10,4,14,10,-0.00011957953101677798,0.0012774368468026428,-0.000577442255512095,-0.0008930594830211525,0.001113233132923136,-0.0019076471182422061,0.001695933001845451,-0.001751827493772745,0.0016715541400937229,-0.0008433689495563053,0.0006420004815023788,0.000382717770079526,True,True,True,0.0020062926159442884,0.3034608679496774,-0.00039405255717059285,TRANSITIONAL
hea_ring,dn,EARLY,primary,eps_gap,10,4,14,10,-0.0028127493591053043,0.001550178773945057,-0.002779679136196034,-0.003581498397411273,-0.0018198044933683127,-0.005331852734104359,-8.651749877214288e-05,-0.0051848475949539145,-0.00039695460003523426,-0.0037325987399041754,-0.0019120804918112278,0.00046671059924786244,False,False,True,0.0017616939040429602,0.3034608679496774,-0.009268903032241177,TRANSITIONAL
hea_ring,dn,EARLY,secondary_n_ge_8,eps_LE,10,8,14,10,0.0008004607368264749,0.0025022486058309595,0.0006203023181598211,-0.00018386069600972998,0.0029069384114643743,-0.0039911826594943856,0.004075187827266291,-0.0034706299733956512,0.003925254007032725,-0.0006885437003772827,0.0021956778742594427,0.0007419321190011873,True,True,True,0.0030907991074741042,0.30233741639128525,0.0026475741784818263,CLEARLY CONCENTRATED
hea_ring,dn,EARLY,secondary_n_ge_8,eps_SWAP,10,8,14,10,-0.0009419087607131172,0.002699490646573352,0.000712643440317573,-0.0023506055981613316,0.0009211918693442789,-0.006157040575278772,0.0016237462820767323,-0.0057660398851633425,0.0014751119866399129,-0.0025790290097194592,0.0005089880000439937,0.0007953826851438125,True,True,True,0.0032717974675056105,0.30233741639128525,-0.003115422404397669,CLEARLY CONCENTRATED
hea_ring,dn,EARLY,secondary_n_ge_8,eps_gap,10,8,14,10,-0.0017423694975395808,0.001578096716399557,-0.0019385649684487416,-0.002314829180279282,-0.000851503838918008,-0.004632048372809672,0.0011482610844240626,-0.004294037789633033,0.0008010473141024813,-0.002686449555058752,-0.000815963043629403,0.0004770207116510243,False,True,True,0.001463325341361274,0.30233741639128525,-0.0057629965828794585,CLEARLY CONCENTRATED
hea_ring,dn,MIDDLE,primary,eps_LE,10,4,14,10,0.0023918608683067776,0.0014677918261074092,0.002123160302310856,0.0011781844242986922,0.0034017490534039158,0.0004913966294922689,0.004826718817556308,0.0006095493835134997,0.004685624104036394,0.0015469885998585107,0.0032732639894383635,0.00044025976130712745,False,False,True,0.0022235646291052236,0.3025617116565059,0.0079053653392278,TRANSITIONAL
hea_ring,dn,MIDDLE,primary,eps_SWAP,10,4,14,10,-0.00019649835923226666,0.002157419955699237,-0.0005076587855094572,-0.0013824533327382316,0.0011882353489731656,-0.003466793271760027,0.003263838674382069,-0.0031696344990254696,0.003154882464402864,-0.0014344071321430003,0.0011093816059068824,0.000643796317533282,True,True,True,0.002570688681711397,0.3025617116565059,-0.0006494488617097344,TRANSITIONAL
hea_ring,dn,MIDDLE,primary,eps_gap,10,4,14,10,-0.0025883592275390776,0.001275351469158676,-0.002159551459556569,-0.003831257023815926,-0.0016240063280206635,-0.004483313252457766,-0.0008548672254013456,-0.004352322054347786,-0.0009820316283595501,-0.0033561477560749868,-0.0018622816855621783,0.0003827870260752258,False,False,True,0.0022072506957952626,0.3025617116565059,-0.008554814200937644,TRANSITIONAL
hea_ring,dn,MIDDLE,secondary_n_ge_8,eps_LE,10,8,14,10,-0.000348191277340032,0.002327638472234818,-0.0008414421323487131,-0.0021576525818946396,0.0018876682464145228,-0.0032856551516570187,0.003012080221175162,-0.0032060212028755934,0.0028003929589470013,-0.0016637207976688956,0.001003369572824342,0.0006927331062820976,True,True,True,0.004045320828309162,0.3019238674930282,-0.0011532419753071432,CLEARLY CONCENTRATED
hea_ring,dn,MIDDLE,secondary_n_ge_8,eps_SWAP,10,8,14,10,3.916434865758322e-06,0.002707928138684198,0.00040721210565675126,-0.0011703883491862022,0.0010661619791768329,-0.005255797049080635,0.0052143172492754575,-0.004566334157075715,0.0043322666343149786,-0.0015867757186214739,0.0015884519767172978,0.0008134910923622853,True,True,True,0.002236550328363035,0.3019238674930282,1.2971597437055082e-05,CLEARLY CONCENTRATED
hea_ring,dn,MIDDLE,secondary_n_ge_8,eps_gap,10,8,14,10,0.0003521077122057792,0.0019543353450330505,0.00030785686702539117,-0.001393910315847749,0.0017574847117074466,-0.002324070558674396,0.0032034631739634167,-0.0022012832038900503,0.0031046351626097426,-0.0007835378476737031,0.0015031142695563881,0.0005869143437580389,True,True,True,0.0031513950275551955,0.3019238674930282,0.0011662135727441615,CLEARLY CONCENTRATED
hea_ring,dn,LATE,primary,eps_LE,10,4,14,10,0.0017476431394986946,0.0013791179888813635,0.0017386736791462354,0.0011674139422174629,0.0027245711926228156,-0.0008750034037093846,0.00374827332031058,-0.0006096706778159972,0.003619494730744996,0.0009224264144381377,0.0025364545817961113,0.00041424309374711495,False,True,True,0.0015571572504053527,0.303618845827024,0.005756043024069566,TRANSITIONAL
hea_ring,dn,LATE,primary,eps_SWAP,10,4,14,10,-0.0006627464075303457,0.0016559940957943994,-0.0004008392428566654,-0.0020214037776249694,0.0006009973622567166,-0.003352712239075517,0.0019351411474679558,-0.0031029020898555495,0.001700898856246511,-0.001617868058524309,0.0003341588682387766,0.000498477687355785,True,True,True,0.002622401139881686,0.303618845827024,-0.002182823683836549,TRANSITIONAL
hea_ring,dn,LATE,primary,eps_gap,10,4,14,10,-0.002410389547029024,0.0011062539952349027,-0.0023857703749965986,-0.002777331283293244,-0.001667837325383309,-0.0048921977658968885,-0.0009826205760676832,-0.004491937108932166,-0.001056483922200109,-0.0030843090080949136,-0.001806352114388415,0.0003287409764512597,False,False,True,0.001109493957909935,0.303618845827024,-0.007938866707906061,TRANSITIONAL
hea_ring,dn,LATE,secondary_n_ge_8,eps_LE,10,8,14,10,-0.00010092998167865463,0.002732187927722286,-0.00018561209663700562,-0.001044527313416005,0.0017191550597292077,-0.006284403777846115,0.003084761810428771,-0.005231392481028916,0.0030167821828043493,-0.0018342866159215688,0.0013753978981564335,0.0008270523933626298,True,True,True,0.0027636823731452126,0.3024916218403325,-0.0003336620732323278,CLEARLY CONCENTRATED
hea_ring,dn,LATE,secondary_n_ge_8,eps_SWAP,10,8,14,10,-0.00037237916358040524,0.003398795099095689,-0.0020378726371738654,-0.0024392183409054913,0.0018346273667361468,-0.004395006261981083,0.005331722782912607,-0.00418054695696436,0.005151285034619888,-0.0022395261234152137,0.001713822048340093,0.0010184148467319099,True,True,True,0.004273845707641638,0.3024916218403325,-0.0012310395947989668,CLEARLY CONCENTRATED
hea_ring,dn,LATE,secondary_n_ge_8,eps_gap,10,8,14,10,-0.00027144918190177283,0.0024643515157735147,-0.0008805524739300685,-0.002138042831082279,0.0021575701083291626,-0.00400898645863601,0.002865606428635148,-0.003638410287339985,0.002777417567144962,-0.0017232521743074567,0.001165715338022071,0.0007397447162861473,True,True,True,0.004295612939411442,0.3024916218403325,-0.0008973775215667124,CLEARLY CONCENTRATED
rxry_czbrick,d2,EARLY,primary,eps_LE,10,4,16,10,0.00650834685676841,0.001604000774141738,0.006752380778803024,0.00592002814237387,0.0074743760415073995,0.0035413271356441456,0.009188517199306245,0.0037908860997584726,0.008837899019685208,0.005530212899947486,0.0074261419123059615,0.00048233149179116347,False,False,True,0.0015543478991335291,0.38168028042824664,0.01705182895345293,TRANSITIONAL
rxry_czbrick,d2,EARLY,primary,eps_SWAP,10,4,16,10,0.0019933155265944523,0.0018546245773333754,0.002020408462962364,0.0009615061851412643,0.0030283048149385705,-0.0015482735633206568,0.00525856138324321,-0.0010169939884425267,0.004844627241062344,0.0008896793441916167,0.003066393649179651,0.0005550288394629237,False,True,True,0.0020667986297973062,0.38168028042824664,0.005222474486651354,TRANSITIONAL
rxry_czbrick,d2,EARLY,primary,eps_gap,10,4,16,10,-0.004515031330173946,0.0013855032603526574,-0.0046479433271539305,-0.005049139160650404,-0.004301156668939737,-0.006783041404538226,-0.0012316240026017944,-0.006402017245784193,-0.00183874866063056,-0.005283325278403211,-0.003627432771724412,0.000420088492594998,False,False,True,0.0007479824917106664,0.38168028042824664,-0.011829354466801547,TRANSITIONAL
rxry_czbrick,d2,EARLY,secondary_n_ge_8,eps_LE,10,8,16,10,0.0027554597637316604,0.002965363417083747,0.0028217083110577135,0.0014320045567077638,0.00429432550497863,-0.0018900597004767872,0.008013922391487682,-0.0017441189042570581,0.007435998743334776,0.0009894232689305427,0.004496807724033541,0.0008918857284520017,False,True,True,0.002862320948270866,0.38180127983052736,0.007216999809311128,CLEARLY CONCENTRATED
rxry_czbrick,d2,EARLY,secondary_n_ge_8,eps_SWAP,10,8,16,10,4.396745439072536e-06,0.003448842740177395,-0.0008829371528683017,-0.0023573064005767974,0.0031823339708596243,-0.004475566343842607,0.005114362392635408,-0.004421437962135339,0.0047686967507003,-0.0020031534643083888,0.002037096399118555,0.0010336918293650855,True,True,True,0.005539640371436422,0.38180127983052736,1.1515795444751122e-05,CLEARLY CONCENTRATED
rxry_czbrick,d2,EARLY,secondary_n_ge_8,eps_gap,10,8,16,10,-0.0027510630182925933,0.003280256663553229,-0.0034901139034353434,-0.003844689152565403,-0.002125366644792945,-0.006933723587947471,0.004572549201610321,-0.006750262840278216,0.003634684131575748,-0.004541143636220172,-0.0006821565769648184,0.0009922240154619584,False,True,True,0.0017193225077724583,0.38180127983052736,-0.0072054840138663905,CLEARLY CONCENTRATED
rxry_czbrick,d2,LATE,primary,eps_LE,10,4,16,10,0.00714006695312947,0.0014945566998688276,0.007311101391447805,0.006560783746545298,0.008239638274147393,0.0036262108979738805,0.00869408776636027,0.004248444579680295,0.008666634845323267,0.0062014963004073925,0.00793517797591175,0.00044699824630087823,False,False,True,0.0016788545276020944,0.38211660663744873,0.018685570920250392,CLEARLY CONCENTRATED
rxry_czbrick,d2,LATE,primary,eps_SWAP,10,4,16,10,0.0024776338478262106,0.001870061419884899,0.0026256781280814545,0.0013911971753874097,0.003409450658809432,-0.0006886813959442462,0.005575130923066163,-0.0004096397227841939,0.005304552095115722,0.0013838896157685116,0.0035870994300074613,0.0005618730988464401,False,True,True,0.0020182534834220223,0.38211660663744873,0.006483973229085496,CLEARLY CONCENTRATED
rxry_czbrick,d2,LATE,primary,eps_gap,10,4,16,10,-0.0046624331053032484,0.002826760462486023,-0.0055579223836485225,-0.006874305654336776,-0.003324672451479882,-0.007154516798806243,0.0019489200250922822,-0.007139916878488653,0.0008426707873618283,-0.006129874609725298,-0.0028456552576867976,0.0008466806602391332,False,True,True,0.0035496332028568944,0.38211660663744873,-0.012201597691164868,CLEARLY CONCENTRATED
rxry_czbrick,d2,LATE,secondary_n_ge_8,eps_LE,10,8,16,10,0.003326821890161075,0.004448813528234613,0.0029095673582880954,0.001866812390267078,0.0040496176792949035,-0.00340497051115346,0.01174670137571332,-0.0029619954396903772,0.011163085602245881,0.0007940253678806353,0.006050008586726437,0.001333757500013918,False,True,True,0.0021828052890278254,0.38302483778520846,0.008685655764252762,CLEARLY CONCENTRATED
rxry_czbrick,d2,LATE,secondary_n_ge_8,eps_SWAP,10,8,16,10,-0.0005601630005681258,0.005222682747598642,-0.001107644511792405,-0.00449637646652043,0.001992375565641774,-0.00704442209554601,0.009842483656592793,-0.006722969379584811,0.008711626655520704,-0.003444576608916231,0.002684685685714296,0.0015619931808958877,True,True,True,0.006488752032162204,0.38302483778520846,-0.0014624717389274174,CLEARLY CONCENTRATED
rxry_czbrick,d2,LATE,secondary_n_ge_8,eps_gap,10,8,16,10,-0.0038869848907292113,0.004749842282398514,-0.004096724432678139,-0.0077224436903640115,-0.0019676585021862897,-0.010011337286415845,0.005765936783346082,-0.00966407804579285,0.0045712992379189415,-0.00650844865423717,-0.0009788851318138494,0.001421152708827069,False,True,True,0.005754785188177722,0.38302483778520846,-0.010148127503180207,CLEARLY CONCENTRATED
rxry_czbrick,d4,EARLY,primary,eps_LE,10,4,16,10,0.006914740919659846,0.0010211959840451704,0.00660572086370434,0.006210290701084656,0.007393485390753407,0.005994900091586541,0.009315221029603693,0.006001505418414493,0.008919104821592359,0.0063815564654565735,0.007571359075414713,0.0003070206304063022,False,False,True,0.0011831946896687512,0.3399715650715294,0.020339174301841966,TRANSITIONAL
rxry_czbrick,d4,EARLY,primary,eps_SWAP,10,4,16,10,0.003798128351204133,0.0019107398006130314,0.004042855171440041,0.002564422014772777,0.00536361356973733,0.0007379775683523659,0.006157714639084433,0.0008936900744686645,0.0061576990570924115,0.002676808560669544,0.0048952613370089795,0.0005691051402851742,False,False,True,0.002799191554964553,0.3399715650715294,0.01117190006877491,TRANSITIONAL
rxry_czbrick,d4,EARLY,primary,eps_gap,10,4,16,10,-0.003116612568455712,0.0014334545619450665,-0.003091612373626873,-0.00398807220481226,-0.0019864554376572974,-0.005469671524504782,-0.001396989910468882,-0.005375883377765375,-0.001414919833741754,-0.003990525589995086,-0.002315169755634891,0.00042869031080474275,False,False,True,0.0020016167671549623,0.3399715650715294,-0.009167274233067058,TRANSITIONAL
rxry_czbrick,d4,EARLY,secondary_n_ge_8,eps_LE,10,8,16,10,0.004818479596390901,0.0008387822333889829,0.004467608031556797,0.004160564071785042,0.005340586314055248,0.003954357908209083,0.006231492026985974,0.003977873475972915,0.0061952012770512726,0.0043605816475338205,0.005348115478275573,0.00025295974048245804,False,False,True,0.0011800222422702067,0.3401726465197648,0.014164806152663236,CLEARLY CONCENTRATED
rxry_czbrick,d4,EARLY,secondary_n_ge_8,eps_SWAP,10,8,16,10,0.0023762915041988355,0.002468965095952311,0.0019111315009580632,0.0008652726757978901,0.0034541202694671758,-0.0007579796025977137,0.007985577259187582,-0.000593609120717664,0.007007304937787241,0.0010709809815705117,0.0039719217903325795,0.0007375472022435525,False,True,True,0.0025888475936692856,0.3401726465197648,0.006985545511992739,CLEARLY CONCENTRATED
rxry_czbrick,d4,EARLY,secondary_n_ge_8,eps_gap,10,8,16,10,-0.002442188092192088,0.0024432595030003984,-0.0030719990980069,-0.004229737251667934,-0.0010911053974105578,-0.005119298083202939,0.002935978151918206,-0.00495240075394108,0.0021430069246430854,-0.0037492536871530043,-0.0008752864310783195,0.0007323737375860602,False,True,True,0.003138631854257376,0.3401726465197648,-0.007179260640670563,CLEARLY CONCENTRATED
rxry_czbrick,d4,MIDDLE,primary,eps_LE,10,4,16,10,0.006377906820766921,0.0012659469150203004,0.006046170341953289,0.005482280710416357,0.007266522441924633,0.004733388281684625,0.008689129938448448,0.004844741344916891,0.008495587074373178,0.005672763778167582,0.007160687059852518,0.0003800736487742429,False,False,True,0.0017842417315082765,0.3397465816587374,0.01877254155031731,TRANSITIONAL
rxry_czbrick,d4,MIDDLE,primary,eps_SWAP,10,4,16,10,0.0033226879912023554,0.0018195657384856908,0.0031978815096765367,0.0017647159308037952,0.00459681649818236,0.0009475381172454611,0.00631387258356797,0.0010538945098873293,0.0061368763358711775,0.0022805989797486785,0.004420802880065161,0.0005495581177284909,False,False,True,0.002832100567378565,0.3397465816587374,0.009779901169218739,TRANSITIONAL
rxry_czbrick,d4,MIDDLE,primary,eps_gap,10,4,16,10,-0.0030552188295645487,0.0009581892961949477,-0.0029410149691402876,-0.0038025057330738216,-0.0023759501106552228,-0.004622132594447048,-0.001549344127676766,-0.004448351305674611,-0.0017186279874191104,-0.0036260826113527146,-0.002499264995000516,0.000289197792273892,False,False,True,0.0014265556224185988,0.3397465816587374,-0.008992640381098524,TRANSITIONAL
rxry_czbrick,d4,MIDDLE,secondary_n_ge_8,eps_LE,10,8,16,10,0.00393055687107498,0.0023905251696371456,0.0035720714308645485,0.0022419006879051684,0.005208787808483287,0.00038988741861473164,0.007666773282446859,0.0007780260779687746,0.007630432586071099,0.0025578684121537096,0.005363095080919824,0.0007153317932123486,False,False,True,0.0029668871205781183,0.3390896986455312,0.01159149595748647,CLEARLY CONCENTRATED
rxry_czbrick,d4,MIDDLE,secondary_n_ge_8,eps_SWAP,10,8,16,10,0.0028383776328114617,0.0027762517119516725,0.00223876763432701,0.001389826285763035,0.003320618501830269,-0.0001879597447728143,0.00960536913289567,-2.902223579265547e-05,0.008527652827728804,0.0014222850923916253,0.004650753551763686,0.000838272961749631,False,True,True,0.0019307922160672342,0.3390896986455312,0.008370580540043393,CLEARLY CONCENTRATED
rxry_czbrick,d4,MIDDLE,secondary_n_ge_8,eps_gap,10,8,16,10,-0.001092179238263513,0.0018647543309706634,-0.0010210671197400378,-0.0017633508833601597,-3.644354726181631e-05,-0.005081488078359897,0.0019385958504488654,-0.004480394632919221,0.001568034381112216,-0.0022329092395351963,-4.7218925308135744e-05,0.0005605262459003178,False,True,True,0.0017269073360983433,0.3390896986455312,-0.003220915417443062,CLEARLY CONCENTRATED
rxry_czbrick,d4,LATE,primary,eps_LE,10,4,16,10,0.006383353459357905,0.0019887487076134937,0.0064863746689636514,0.0046661362396027,0.007611059015269012,0.003903235922511794,0.009271351866562083,0.003936738898603574,0.009239979346674393,0.005235474335587825,0.007575385185362897,0.0005967021814908379,False,False,True,0.0029449227756663116,0.340275704638825,0.018759357110532813,CLEARLY CONCENTRATED
rxry_czbrick,d4,LATE,primary,eps_SWAP,10,4,16,10,0.0034661753259712545,0.002920184919636594,0.0029423617690311765,0.0015233012800029422,0.006378041995218076,-0.0013273350906435333,0.0072086240907578425,-0.0007738190873506879,0.007178825079526524,0.0017518683395827607,0.005201406144822625,0.0008833224099868384,False,True,True,0.004854740715215133,0.340275704638825,0.0101863732224148,CLEARLY CONCENTRATED
rxry_czbrick,d4,LATE,primary,eps_gap,10,4,16,10,-0.002917178133386661,0.002246507723459943,-0.003228646897150189,-0.004546662273150884,-0.0012612859265530157,-0.005981079819893043,0.0009960177450126784,-0.005845718314468824,0.0006440726573492988,-0.004176854589708206,-0.001549815118990617,0.0006751984118150884,False,True,True,0.003285376346597868,0.340275704638825,-0.008572983888118044,CLEARLY CONCENTRATED
rxry_czbrick,d4,LATE,secondary_n_ge_8,eps_LE,10,8,16,10,0.004919841745274961,0.003524330522701882,0.003917915528287963,0.002920338951770185,0.0054650999022091,0.0003070430377570821,0.01138126305212911,0.0008190250839109796,0.011223184355409607,0.00303947903067826,0.007129874744374989,0.0010543196334070965,False,False,True,0.002544760950438915,0.33998574604268383,0.014470729442455199,CLEARLY CONCENTRATED
rxry_czbrick,d4,LATE,secondary_n_ge_8,eps_SWAP,10,8,16,10,0.0030759063259482968,0.005420983194140778,0.0031510028346088403,-0.002030015589937817,0.006737172712230982,-0.0035443436599698064,0.011526653441449208,-0.003362551699356281,0.010966330492188155,-1.7047500250488844e-05,0.006271885836625024,0.0016196719510091274,True,True,True,0.008767188302168799,0.33998574604268383,0.009047162599464182,CLEARLY CONCENTRATED
rxry_czbrick,d4,LATE,secondary_n_ge_8,eps_gap,10,8,16,10,-0.0018439354193266698,0.004510687115639171,-0.0034685326620843004,-0.004576260750678532,-0.0008237430910508076,-0.007316428080454185,0.006874154727322501,-0.00680437839781169,0.006446300995619358,-0.004257140787364871,0.0010193209457744557,0.0013612564208740393,True,True,True,0.0037525176596277243,0.33998574604268383,-0.005423566842991033,CLEARLY CONCENTRATED
rxry_czbrick,dn,EARLY,primary,eps_LE,10,4,14,10,0.0005246965097727207,0.00198131761653932,0.0005873752289772827,0.00013342812982616858,0.0016640551004080406,-0.004336251270207869,0.003092574318185215,-0.0033676782093444092,0.0028473703526271533,-0.0007618194800578468,0.0015594529509503907,0.0005971166950709013,True,True,True,0.001530626970581872,0.30523609462482,0.0017189857916956048,TRANSITIONAL
rxry_czbrick,dn,EARLY,primary,eps_SWAP,10,4,14,10,-0.0018070000019458354,0.0019105743463942511,-0.0015764909179576958,-0.002280294451521392,-0.0011455230464163524,-0.00612205518262432,0.0014574614663177554,-0.005389749613272448,0.0009669143104308949,-0.0029899970573308925,-0.0007295168397165971,0.0005751464294076978,False,True,True,0.0011347714051050395,0.30523609462482,-0.00592000760646248,TRANSITIONAL
rxry_czbrick,dn,EARLY,primary,eps_gap,10,4,14,10,-0.0023316965117185394,0.0007238963182531432,-0.002151691165727665,-0.002719770540637226,-0.0017131915561540978,-0.0037585715752444515,-0.0016292150699064867,-0.00360766233449033,-0.0016305420708477055,-0.002787740583268739,-0.0019344543437324147,0.00021663803682647368,False,False,True,0.001006578984483128,0.30523609462482,-0.007638993398158029,TRANSITIONAL
rxry_czbrick,dn,EARLY,secondary_n_ge_8,eps_LE,10,8,14,10,-0.0010368608458006356,0.003330995824691825,-0.0007830954465462281,-0.003032444648109131,0.0010431065332073414,-0.007511869609414024,0.0032576049186738842,-0.006656055382379221,0.00320848501530087,-0.0030831708514391016,0.000854792523073378,0.0010021005141296932,True,True,True,0.004075551181316472,0.299931362378253,-0.00345699375210058,CLEARLY CONCENTRATED
rxry_czbrick,dn,EARLY,secondary_n_ge_8,eps_SWAP,10,8,14,10,-0.001158644238484452,0.004890402323966049,-0.0015673671387173571,-0.0035284182345170223,0.002420359383165621,-0.008564100091078442,0.006983481147196158,-0.008387910945761278,0.006119713049226423,-0.004027860956860565,0.0016701127407197536,0.0014584943404990134,True,True,True,0.0059487776176826435,0.299931362378253,-0.0038630312925503557,CLEARLY CONCENTRATED
rxry_czbrick,dn,EARLY,secondary_n_ge_8,eps_gap,10,8,14,10,-0.00012178339268383298,0.0025567078342543714,-5.00303508718658e-06,-0.0011456752046910962,0.0013010954789647866,-0.005249874128254339,0.0037258762285222735,-0.00460762857561507,0.0034395841366316243,-0.001647553676366673,0.0012880566614595019,0.0007558350474052846,True,True,True,0.002446770683655883,0.299931362378253,-0.0004060375404498315,CLEARLY CONCENTRATED
rxry_czbrick,dn,MIDDLE,primary,eps_LE,10,4,14,10,7.925219370381597e-05,0.0014892470368774995,-0.0005643593775563338,-0.0007973062338257064,0.0003061216252839283,-0.0012759420336796445,0.003516034279177682,-0.0012143438848280076,0.0031197400801911265,-0.0006789307880945644,0.0010403917015729372,0.0004427527890809664,True,True,True,0.0011034278591096347,0.3047011527795189,0.00026009810918294323,TRANSITIONAL
rxry_czbrick,dn,MIDDLE,primary,eps_SWAP,10,4,14,10,-0.0027222072050547387,0.002059785709681686,-0.002708193242118462,-0.0043562529668468575,-0.0011618478488013284,-0.005514076022403613,0.0005887160480616549,-0.005430677001568696,0.00030217295113534927,-0.0039039637631118266,-0.0015256059692689392,0.0006100275490514549,False,True,True,0.003194405118045529,0.3047011527795189,-0.008934023321613496,TRANSITIONAL
rxry_czbrick,dn,MIDDLE,primary,eps_gap,10,4,14,10,-0.002801459398758549,0.0015276977916294974,-0.0027840776257536115,-0.003148753320780115,-0.0018450069203729824,-0.005906161629686102,-0.0003570125020143089,-0.005545824164032869,-0.0006379618092507389,-0.0037280444517387816,-0.001955343234810325,0.00045398332926973895,False,False,True,0.0013037464004071325,0.3047011527795189,-0.009194121430796419,TRANSITIONAL
rxry_czbrick,dn,MIDDLE,secondary_n_ge_8,eps_LE,10,8,14,10,-0.0020862508926071553,0.0032168468755671364,-0.002332147549816782,-0.004195813355504216,-0.0009228337267462444,-0.006220672439628705,0.0038132757292198005,-0.006036698615763383,0.003467413162405002,-0.0038825799600430587,-0.00014189600038751204,0.0009584931911815737,False,True,True,0.0032729796287579715,0.29889638625008297,-0.006979846490554806,CLEARLY CONCENTRATED
rxry_czbrick,dn,MIDDLE,secondary_n_ge_8,eps_SWAP,10,8,14,10,-0.0033065375760959136,0.0055193460957848155,-0.0037327994051585267,-0.006717883523369439,-0.0021714561077525174,-0.011053455807307322,0.007850933872911137,-0.010483420670663789,0.006776021449066818,-0.0064128422799084,2.528449353907911e-05,0.001649699353688609,True,True,True,0.0045464274156169215,0.29889638625008297,-0.01106248763184903,CLEARLY CONCENTRATED
rxry_czbrick,dn,MIDDLE,secondary_n_ge_8,eps_gap,10,8,14,10,-0.001220286683488747,0.0037266206149474245,-0.0015195121391065047,-0.0027020513042504135,0.0008538757761493154,-0.006984831816357562,0.005574825107312609,-0.006679769414351574,0.004877801720926013,-0.0033519064170143154,0.0010130907766538423,0.0011174953959526897,True,True,True,0.003555927080399729,0.29889638625008297,-0.004082641141294188,CLEARLY CONCENTRATED
rxry_czbrick,dn,LATE,primary,eps_LE,10,4,14,10,0.00041211945764926816,0.002048706051515666,0.0010114034608023348,-0.0006143809198246586,0.0012991131246024995,-0.0032572797101705353,0.004005856191275026,-0.0029903275653856125,0.003446660678758435,-0.0008167241967325444,0.0015952629676765943,0.0006036919137904936,True,True,True,0.001913494044427158,0.304265118627219,0.0013544748721400124,CLEARLY CONCENTRATED
rxry_czbrick,dn,LATE,primary,eps_SWAP,10,4,14,10,-0.002040881789075977,0.0030150870684351673,-0.001379845785068945,-0.00433314364650822,-0.00011307368437665777,-0.006799570095394558,0.001412509081131219,-0.006681880421459154,0.0014035885193722202,-0.003841537327132975,-0.00038125659273831753,0.0008971414197171348,False,True,True,0.004220069962131562,0.304265118627219,-0.006707577254612726,CLEARLY CONCENTRATED
rxry_czbrick,dn,LATE,primary,eps_gap,10,4,14,10,-0.0024530012467252503,0.0021363375790963528,-0.0027554147126404582,-0.0034403531826775052,-0.0010838335910076519,-0.006528493909367716,0.0006684267348843198,-0.006006573523639918,0.000538262904124884,-0.003720726650888931,-0.0012222426411651938,0.0006445314616170446,False,True,True,0.0023565195916698534,0.304265118627219,-0.008062052126752756,CLEARLY CONCENTRATED
rxry_czbrick,dn,LATE,secondary_n_ge_8,eps_LE,10,8,14,10,-1.2169901933306581e-05,0.004486629291927374,0.0001742132903692628,-0.00312777233913987,0.002322918123289927,-0.005695808719474393,0.009127606082643847,-0.005653129728260114,0.007691204464335237,-0.002504505546442255,0.0027017313647475227,0.0013356760975541285,True,True,True,0.005450690462429797,0.2988022586476916,-4.07289489322627e-05,CLEARLY CONCENTRATED
rxry_czbrick,dn,LATE,secondary_n_ge_8,eps_SWAP,10,8,14,10,-0.0012011270366007465,0.006913362105985523,-0.00010910622606302711,-0.0033863874420547724,0.00349284608229658,-0.01669969360157819,0.006467030700130549,-0.014500574894060557,0.006193949914875899,-0.005614716826612723,0.0024179089319821584,0.002083477750393023,True,True,True,0.0068792335243513525,0.2988022586476916,-0.004019805747241549,CLEARLY CONCENTRATED
rxry_czbrick,dn,LATE,secondary_n_ge_8,eps_gap,10,8,14,10,-0.00118895713466744,0.005218488765927376,-0.0021416308375147575,-0.0038154151683444937,0.0036543984614877956,-0.011193569287500593,0.005119882040622414,-0.009814700243524538,0.004839791439638402,-0.004431328308761745,0.0017619042839962754,0.001581493702136235,True,True,True,0.007469813629832289,0.2988022586476916,-0.0039790767983092865,CLEARLY CONCENTRATED
