fit_range,b3_fit_range,metric,role,b1_n_seeds,b1_mean,b1_sd,b1_pct_lo,b1_pct_hi,b1_boot_lo,b1_boot_hi,b3_source,b3_mean,b3_pct_lo,b3_pct_hi,b3_boot_lo,b3_boot_hi,b1_mean_inside_b3_pct,boot_cis_overlap,b1_seeds_inside_b3_pct,sanity_reference,sanity_tol,sanity_ok
primary,primary_2_20,b_LE_ceil,PRIMARY,10,0.6049316287762683,0.001040552542403828,0.6037093884932795,0.6068698413347783,0.6043702981268375,0.6055916353769157,B3 results/b3_hardening/seed_summary.csv,0.6053152901300567,0.6033808716458563,0.6069590501489946,0.6049047323233667,0.6057147288912281,True,True,9,0.6020599913279624,0.02,True
primary,primary_2_20,b_SWAP_ceil,PRIMARY,10,1.2004645553116107,0.0017189485616337474,1.198285085780757,1.2032759661425363,1.199505466238826,1.2015096838887953,B3 results/b3_hardening/seed_summary.csv,1.2013837886266907,1.1985291416847568,1.204970444069254,1.2006092857199568,1.2022253419373448,True,True,9,1.2041199826559248,0.04,True
primary,primary_2_20,gap_ceil,PRIMARY,10,0.5955329265353422,0.0010107492024142774,0.5939429993728853,0.5968575972905691,0.5949358829700275,0.596103751371581,B3 results/b3_hardening/seed_summary.csv,0.5960684984966338,0.5944633098358938,0.5981815571423901,0.5956247885165836,0.596558278595212,True,True,8,,,
primary,primary_2_20,b_S,PRIMARY,10,0.6013007699849295,0.000856760366951695,0.600141320959206,0.6025133468577119,0.600809607054958,0.6018029181599537,"B3 theta populations regenerated by B1 (B3 seeds, 25000 theta, stream 20)",0.6016584574090463,0.6002509377139255,0.6037115732516507,0.6011912586106003,0.6021651463651816,True,True,9,0.6020599913279624,0.02,True
primary,primary_2_20,b_r,PRIMARY,10,-2.264777673379117e-05,0.00012858681838519924,-0.0002476970922268732,0.00014406435261437735,-0.00010043133635921973,4.805266375976614e-05,"B3 theta populations regenerated by B1 (B3 seeds, 25000 theta, stream 20)",-2.4491460411764635e-05,-0.000144669735558077,0.00014883360893416813,-6.362507157887956e-05,1.809452444256154e-05,True,True,7,0.0,0.02,True
secondary_n_ge_8,n_ge_8,b_LE_ceil,secondary,10,0.6015485720910566,0.0016819212986746996,0.5994059486111754,0.6044132326491611,0.6006141094084976,0.6025873903013836,B3 results/b3_hardening/seed_summary.csv,0.6016619290702938,0.5973119235403999,0.6050237013786969,0.6006487258684613,0.60263490970082,True,True,10,0.6020599913279624,0.02,True
secondary_n_ge_8,n_ge_8,b_SWAP_ceil,secondary,10,1.2029487352857253,0.0029738885331302665,1.1989911835847433,1.207941200132135,1.2012965244059968,1.2047717279447938,B3 results/b3_hardening/seed_summary.csv,1.2024230475050923,1.195893713111989,1.2094698738542404,1.200654323919499,1.2042583837918406,True,True,10,1.2041199826559248,0.04,True
secondary_n_ge_8,n_ge_8,gap_ceil,secondary,10,0.6014001631946686,0.001662289976961272,0.5985703286148335,0.6036589871656696,0.6004098956643684,0.602351436067971,B3 results/b3_hardening/seed_summary.csv,0.600761118434799,0.5976283225384469,0.6048848607538571,0.5998323554604748,0.6017422376093292,True,True,10,,,
secondary_n_ge_8,n_ge_8,b_S,secondary,10,0.6020351500191442,0.0016793223686559062,0.5999256302246081,0.604432028317408,0.6010515789446641,0.6030307271220315,"B3 theta populations regenerated by B1 (B3 seeds, 25000 theta, stream 20)",0.6017414812923775,0.5984039576625179,0.6054141730425235,0.6007974071681521,0.6027308157123324,True,True,10,0.6020599913279624,0.02,True
secondary_n_ge_8,n_ge_8,b_r,secondary,10,-0.00012269526406930893,0.00017167413684798647,-0.0004145378431265466,0.0001233165303589596,-0.0002266994118254438,-2.4407163655511108e-05,"B3 theta populations regenerated by B1 (B3 seeds, 25000 theta, stream 20)",-1.91038993254675e-05,-0.0003355962622758144,0.00032202545751535403,-0.00010532563683805858,7.056537317151009e-05,True,True,9,0.0,0.02,True
