family,regime,depth,n,position,layer,qubit,rotation_index,gate,role,same_parameter_as,audit_samples,err_bracket_vs_resim_F,err_bracket_F_vs_forward,err_ps_resim_vs_analytic,err_production_vs_analytic,err_production_vs_pennylane,pennylane_checked,zero_fraction,var_g,var_r,mean_abs_g,median_abs_r,max_abs_r,median_S,max_agreement_err,agreement_ok,classification,seconds
hea_ring,d2,2,4,EARLY,0,0,0,RY,predeclared,,200,1.3122457210833324e-15,9.793626185592567e-16,4.653865922410647e-16,8.957903173902642e-16,8.62924354603706e-16,True,0.0,0.002011502544683477,0.3223177382911209,0.03164301982809956,0.49051184164185524,0.995683282641167,0.10356718245590686,1.3122457210833324e-15,True,VALID,3.904205083847046
hea_ring,d2,2,4,MIDDLE,1,0,0,RY,predeclared,LATE,200,1.0479163534280479e-15,4.693520504095965e-16,2.393645865451279e-16,5.239581767140239e-16,7.70919306424278e-16,True,0.0,0.0034133341707415967,0.35789705848363085,0.03612565162918337,0.5393552811415426,0.9975520128080436,0.09432102858069935,1.0479163534280479e-15,True,VALID,3.9042060375213623
hea_ring,d2,2,4,LATE,1,0,0,RY,predeclared,,200,1.0479163534280479e-15,4.693520504095965e-16,2.393645865451279e-16,5.239581767140239e-16,7.70919306424278e-16,True,0.0,0.0034133341707415967,0.35789705848363085,0.03612565162918337,0.5393552811415426,0.9975520128080436,0.09432102858069935,1.0479163534280479e-15,True,VALID,3.9042060375213623
hea_ring,d2,2,4,CONTROL_FINAL_RZ,1,0,1,RZ,control,,200,1.145569599322488e-15,2.209996035304284e-16,2.360101371407165e-16,2.3560931859157816e-16,3.8238305923820225e-16,True,1.0,4.900588412688597e-35,5.7905514683127095e-33,3.0649040163449604e-18,0.0,2.2094706050015431e-16,0.0756823084464894,1.145569599322488e-15,True,STRUCTURAL,3.904207229614258
hea_ring,d2,2,6,EARLY,0,0,0,RY,predeclared,,200,1.96347967941314e-15,9.971963830833121e-16,6.059666024803943e-16,6.63505586974655e-16,8.531383327410313e-16,True,0.0,0.00016589591373320693,0.3483582282761045,0.00767283254197308,0.5123228606670389,0.995142655938079,0.017855734538551615,1.96347967941314e-15,True,VALID,6.9486119747161865
hea_ring,d2,2,6,MIDDLE,1,0,0,RY,predeclared,LATE,200,1.206179193566967e-15,5.338082264302889e-16,2.412297522347515e-16,4.410256608210917e-16,1.0344493121660687e-15,True,0.0,0.00023185939989529963,0.3454958183125156,0.008709685404821595,0.5132046783476927,0.9958645318462213,0.020942895373123854,1.206179193566967e-15,True,VALID,6.948612928390503
hea_ring,d2,2,6,LATE,1,0,0,RY,predeclared,,200,1.206179193566967e-15,5.338082264302889e-16,2.412297522347515e-16,4.410256608210917e-16,1.0344493121660687e-15,True,0.0,0.00023185939989529963,0.3454958183125156,0.008709685404821595,0.5132046783476927,0.9958645318462213,0.020942895373123854,1.206179193566967e-15,True,VALID,6.948613882064819
hea_ring,d2,2,6,CONTROL_FINAL_RZ,1,0,1,RZ,control,,200,1.6456605281260464e-15,2.500189484278472e-16,3.0586851656331884e-16,2.4265566076166293e-16,1.9768033350403454e-15,True,1.0,4.897628647171687e-36,5.8745618172086976e-33,7.425768441989e-19,0.0,2.2921640921552833e-16,0.01430765311003463,1.9768033350403454e-15,True,STRUCTURAL,6.948613882064819
hea_ring,d2,2,8,EARLY,0,0,0,RY,predeclared,,200,3.2978440968945856e-15,1.975079584646867e-15,1.181163611150245e-15,1.3573158055045542e-15,1.4019552327629974e-15,True,0.0,1.5139165072701236e-05,0.31405463160342234,0.0017727744190111155,0.5027738952614395,0.9980482442201705,0.0027557060814272683,3.2978440968945856e-15,True,VALID,9.991910934448242
hea_ring,d2,2,8,MIDDLE,1,0,0,RY,predeclared,LATE,200,1.5020865103310407e-15,4.133607008865567e-16,2.418609895134529e-16,9.972245747978509e-16,2.665853523166536e-15,True,0.0,2.0564813955393163e-05,0.329412264959647,0.0019405107110520008,0.4928975995335071,0.9952793462657207,0.003148151615430592,2.665853523166536e-15,True,VALID,9.991911888122559
hea_ring,d2,2,8,LATE,1,0,0,RY,predeclared,,200,1.5020865103310407e-15,4.133607008865567e-16,2.418609895134529e-16,9.972245747978509e-16,2.665853523166536e-15,True,0.0,2.0564813955393163e-05,0.329412264959647,0.0019405107110520008,0.4928975995335071,0.9952793462657207,0.003148151615430592,2.665853523166536e-15,True,VALID,9.991912841796875
hea_ring,d2,2,8,CONTROL_FINAL_RZ,1,0,1,RZ,control,,200,1.407306670431336e-15,2.5829152297848656e-16,2.5468330594972816e-16,2.2285217769779037e-16,1.4329151652262655e-15,True,1.0,2.356690799169477e-37,5.8704540557570156e-33,1.4773948666009505e-19,0.0,2.9876732549222723e-16,0.0018943729786331668,1.4329151652262655e-15,True,STRUCTURAL,9.991912841796875
hea_ring,d2,2,10,EARLY,0,0,0,RY,predeclared,,200,1.6382035413602403e-14,5.874936837981551e-15,3.897794632891606e-15,1.2032322562404522e-14,5.987916392558119e-15,True,0.0,1.6532554857062583e-06,0.3928580766945747,0.0006075893598957409,0.5839282443923072,0.9999225518979564,0.0008117388795821569,1.6382035413602403e-14,True,VALID,11.97118067741394
hea_ring,d2,2,10,MIDDLE,1,0,0,RY,predeclared,LATE,200,1.0232207042296176e-14,4.967970541662247e-16,2.5096565968513914e-16,7.521109449892917e-15,6.143696963429969e-15,True,0.0,1.5665936449398114e-06,0.39794259667828585,0.0005724518453118521,0.6139706984781201,0.9991598106120491,0.000681693501713651,1.0232207042296176e-14,True,VALID,11.971181631088257
hea_ring,d2,2,10,LATE,1,0,0,RY,predeclared,,200,1.0232207042296176e-14,4.967970541662247e-16,2.5096565968513914e-16,7.521109449892917e-15,6.143696963429969e-15,True,0.0,1.5665936449398114e-06,0.39794259667828585,0.0005724518453118521,0.6139706984781201,0.9991598106120491,0.000681693501713651,1.0232207042296176e-14,True,VALID,11.971192836761475
hea_ring,d2,2,10,CONTROL_FINAL_RZ,1,0,1,RZ,control,,200,5.205450026860439e-15,2.086846801001976e-16,2.2962185566491973e-15,1.0549189348594005e-15,3.610088061399824e-15,True,1.0,1.6769985246807059e-38,6.95751051205191e-33,4.141681746524434e-20,0.0,2.9891466482399365e-16,0.0005275138754129386,5.205450026860439e-15,True,STRUCTURAL,11.971193790435791
hea_ring,d2,2,12,EARLY,0,0,0,RY,predeclared,,200,3.338378525691101e-14,1.403086626739738e-14,4.5156810975531805e-15,1.2176211530902325e-14,2.49168831989988e-14,True,0.0,1.0865776517647491e-07,0.36997861641343865,0.00010296667579301484,0.5520051947195149,0.999672830264111,7.037140353198088e-05,3.338378525691101e-14,True,VALID,35.65019702911377
hea_ring,d2,2,12,MIDDLE,1,0,0,RY,predeclared,LATE,200,3.799234586675156e-15,3.9071993252283814e-16,4.244432873237444e-16,2.2060071793597682e-15,1.288424343549061e-14,True,0.0,8.254027220249715e-08,0.35484567804509726,9.903370383009859e-05,0.55611852766899,0.9919273469852093,6.916869656596513e-05,1.288424343549061e-14,True,VALID,35.65019869804382
hea_ring,d2,2,12,LATE,1,0,0,RY,predeclared,,200,3.799234586675156e-15,3.9071993252283814e-16,4.244432873237444e-16,2.2060071793597682e-15,1.288424343549061e-14,True,0.0,8.254027220249715e-08,0.35484567804509726,9.903370383009859e-05,0.55611852766899,0.9919273469852093,6.916869656596513e-05,1.288424343549061e-14,True,VALID,35.65019869804382
hea_ring,d2,2,12,CONTROL_FINAL_RZ,1,0,1,RZ,control,,200,5.893774406098134e-15,2.0440096217053863e-16,9.674388628137822e-16,2.143074889338982e-16,1.044398587111163e-14,True,1.0,5.342328059777744e-40,4.781170791262691e-33,6.223789646910236e-21,0.0,2.301340872660308e-16,6.53645081505828e-05,1.044398587111163e-14,True,STRUCTURAL,35.65019869804382
hea_ring,d2,2,14,EARLY,0,0,0,RY,predeclared,,200,1.604451561407677e-14,1.3685028023771361e-14,8.834350985686992e-15,7.746984254836087e-15,1.0736190433994608e-14,True,0.0,1.1092610512267363e-08,0.3864082439876141,3.27082430016044e-05,0.5724616151856023,0.9966764342096399,2.852485323966581e-05,1.604451561407677e-14,True,VALID,75.31372809410095
hea_ring,d2,2,14,MIDDLE,1,0,0,RY,predeclared,LATE,200,1.0621890309119886e-14,6.424239360015209e-16,2.973096135484297e-16,4.6756304788128524e-15,9.993714000516021e-15,True,0.0,4.541661967566879e-09,0.395358565123515,3.0605789086091955e-05,0.5933729159300458,0.9973452621984081,3.0073364918303964e-05,1.0621890309119886e-14,True,VALID,75.31374907493591
hea_ring,d2,2,14,LATE,1,0,0,RY,predeclared,,200,1.0621890309119886e-14,6.424239360015209e-16,2.973096135484297e-16,4.6756304788128524e-15,9.993714000516021e-15,True,0.0,4.541661967566879e-09,0.395358565123515,3.0605789086091955e-05,0.5933729159300458,0.9973452621984081,3.0073364918303964e-05,1.0621890309119886e-14,True,VALID,75.31375002861023
hea_ring,d2,2,14,CONTROL_FINAL_RZ,1,0,1,RZ,control,,200,1.675780764588224e-14,2.4096628011978377e-16,2.656381410475655e-16,5.771730996139298e-16,5.694119672058946e-14,True,1.0,1.4329334393861206e-40,6.232018562169012e-33,2.8439711522961626e-21,0.0,2.2941677273210253e-16,2.3330074759542227e-05,5.694119672058946e-14,True,STRUCTURAL,75.31375002861023
hea_ring,d2,2,16,EARLY,0,0,0,RY,predeclared,,200,3.963316891977191e-14,2.7567695390386623e-14,4.074755450008858e-15,2.13966443503752e-14,2.5226875831908983e-14,True,0.0,3.779159468773861e-10,0.34112874418631134,5.308739529492308e-06,0.5007207410807726,0.9962053004305805,2.29512893038926e-06,3.963316891977191e-14,True,VALID,238.70653295516968
hea_ring,d2,2,16,MIDDLE,1,0,0,RY,predeclared,LATE,200,4.187407141095698e-15,5.849892092586266e-16,2.490962632830698e-16,2.1676258970279563e-15,9.446107298632434e-15,True,0.0,2.530441041752887e-10,0.3531035100516638,5.820628216818694e-06,0.5808483263434217,0.9987569801483532,1.965616892347718e-06,9.446107298632434e-15,True,VALID,238.70654606819153
hea_ring,d2,2,16,LATE,1,0,0,RY,predeclared,,200,4.187407141095698e-15,5.849892092586266e-16,2.490962632830698e-16,2.1676258970279563e-15,9.446107298632434e-15,True,0.0,2.530441041752887e-10,0.3531035100516638,5.820628216818694e-06,0.5808483263434217,0.9987569801483532,1.965616892347718e-06,9.446107298632434e-15,True,VALID,238.70654702186584
hea_ring,d2,2,16,CONTROL_FINAL_RZ,1,0,1,RZ,control,,200,3.545263735037578e-15,2.1599550728666712e-16,3.0644424689567943e-16,2.1346298357830573e-16,2.3909324934309963e-14,True,1.0,2.1094640600532333e-42,6.680981925612713e-33,3.654382164269841e-22,0.0,2.577157327720483e-16,1.5928406363409922e-06,2.3909324934309963e-14,True,STRUCTURAL,238.70654797554016
hea_ring,d4,4,4,EARLY,0,0,0,RY,predeclared,,200,1.1312727054474492e-15,1.1894218038024028e-15,7.845362529016196e-16,9.685443913630421e-16,8.424024074137175e-16,True,0.0,0.0019988498246393195,0.34228674895639755,0.03256678195692203,0.4786200856682763,0.9988008126978256,0.10967667621155776,1.1894218038024028e-15,True,VALID,8.81191897392273
hea_ring,d4,4,4,MIDDLE,2,0,0,RY,predeclared,,200,2.422148927893821e-15,1.8240908212296246e-15,6.271635616867929e-16,7.049580479479716e-16,1.2579312179333563e-15,True,0.0,0.0018344048514917766,0.3237012251332675,0.030903740633532885,0.5049153804588284,0.9949499532651855,0.1027185776700433,2.422148927893821e-15,True,VALID,8.811919927597046
hea_ring,d4,4,4,LATE,3,0,0,RY,predeclared,,200,1.8613933569381313e-15,5.265454610738309e-16,2.9471183690116107e-16,8.322576067079144e-16,1.0004574911106451e-15,True,0.0,0.00216817627112431,0.3665732542291337,0.0343415376534463,0.5134272614394797,0.9928296255276045,0.11581832220780884,1.8613933569381313e-15,True,VALID,8.811920881271362
hea_ring,d4,4,4,CONTROL_FINAL_RZ,3,0,1,RZ,control,,200,2.8114362807707933e-15,2.682907114412662e-16,2.0427053613542694e-16,1.9143206314271038e-16,5.055512536005526e-16,True,1.0,3.7115204394162415e-35,6.525644173645163e-33,2.8622937353617316e-18,0.0,2.833028783274317e-16,0.09991769343765232,2.8114362807707933e-15,True,STRUCTURAL,8.811920881271362
hea_ring,d4,4,6,EARLY,0,0,0,RY,predeclared,,200,1.5658524459585454e-15,1.797467713561511e-15,9.569095003394316e-16,9.749542860695814e-16,1.0720453711803438e-15,True,0.0,0.00011842041063243098,0.3279122276521909,0.007901800815124243,0.4696034266673198,0.9987090173285758,0.027178651001879384,1.797467713561511e-15,True,VALID,13.997021913528442
hea_ring,d4,4,6,MIDDLE,2,0,0,RY,predeclared,,200,2.156691901729995e-15,1.1484276620834024e-15,7.570766452977126e-16,1.8999428658097576e-15,1.5918440227054725e-15,True,0.0,0.00013539221409737367,0.3531687207395926,0.008675954201684042,0.51912633341844,0.9970255465339602,0.02830911728401747,2.156691901729995e-15,True,VALID,13.997023105621338
hea_ring,d4,4,6,LATE,3,0,0,RY,predeclared,,200,1.630274191857905e-15,8.293367058159075e-16,2.512062010681637e-16,1.0003940711585106e-15,2.1423540597271865e-15,True,0.0,0.00012441476110960272,0.3595604721112063,0.008216802599164462,0.5499512957106816,0.9960486319140255,0.026364123009501462,2.1423540597271865e-15,True,VALID,13.997024059295654
hea_ring,d4,4,6,CONTROL_FINAL_RZ,3,0,1,RZ,control,,200,1.4271352455960336e-14,2.0674813904259425e-16,2.4734490745677643e-15,1.8826939377199123e-16,6.687208535401869e-16,True,1.0,2.3716987252733115e-36,5.5406492781736474e-33,6.918903926352027e-19,0.0,2.494191376377221e-16,0.023489224248495276,1.4271352455960336e-14,True,STRUCTURAL,13.997024059295654
hea_ring,d4,4,8,EARLY,0,0,0,RY,predeclared,,200,3.1984521959937247e-15,4.453886668849625e-15,1.4513516665881043e-15,1.985705738346104e-15,2.0656670432459473e-15,True,0.0,6.442121467740427e-06,0.31806620454833695,0.0017949174266668761,0.506113701759587,0.9903520311678264,0.006155812012053715,4.453886668849625e-15,True,VALID,24.750715017318726
hea_ring,d4,4,8,MIDDLE,2,0,0,RY,predeclared,,200,2.6725589844070515e-15,1.7145533484496213e-15,7.202724978048805e-16,1.5604537356708622e-15,2.184635229939207e-15,True,0.0,8.623447270296805e-06,0.3153256569726289,0.0017532410705058893,0.4542643718932734,0.9987397608335443,0.0052239340323413765,2.6725589844070515e-15,True,VALID,24.75071620941162
hea_ring,d4,4,8,LATE,3,0,0,RY,predeclared,,200,5.315663270547355e-15,6.227599256171102e-16,2.756409876277603e-16,1.1428832179067615e-15,2.6095074237232473e-15,True,0.0,9.537405363592428e-06,0.36413245331064686,0.0019716990704718882,0.5555733204914051,0.9851903310200424,0.005936460311547879,5.315663270547355e-15,True,VALID,24.750717163085938
hea_ring,d4,4,8,CONTROL_FINAL_RZ,3,0,1,RZ,control,,200,4.5860115980309356e-15,2.2943446300003225e-16,4.643040349171559e-16,4.3888404568496684e-16,1.3820484706120891e-15,True,1.0,1.6078249576324694e-37,5.962399015507367e-33,1.580478776281799e-19,0.0,2.510783291931059e-16,0.004153187531331735,4.5860115980309356e-15,True,STRUCTURAL,24.750717163085938
hea_ring,d4,4,10,EARLY,0,0,0,RY,predeclared,,200,5.02857021627534e-15,3.4310869441651423e-15,2.2980275627040172e-15,3.498203170431197e-15,2.8091692344122777e-15,True,0.0,6.711985303875697e-07,0.3216083984804968,0.00048498250017306633,0.511567572594462,0.9960079239894373,0.001327742348740341,5.02857021627534e-15,True,VALID,29.758430004119873
hea_ring,d4,4,10,MIDDLE,2,0,0,RY,predeclared,,200,4.77864045569312e-15,3.795208422510649e-15,1.2048649577977835e-15,2.1769362075935322e-15,2.3504624419201213e-15,True,0.0,5.995573498776158e-07,0.33732626533134846,0.00048105513811385123,0.5211918083361838,0.9999699523873947,0.0013440818062806046,4.77864045569312e-15,True,VALID,29.75843095779419
hea_ring,d4,4,10,LATE,3,0,0,RY,predeclared,,200,2.9983096430396693e-15,5.202803024660391e-16,2.629916600140536e-16,1.649070303671818e-15,1.934528280731132e-15,True,0.0,5.456337190997556e-07,0.3364565719061258,0.000490453258876454,0.4982571576574071,0.9977370688734317,0.0013896622181608607,2.9983096430396693e-15,True,VALID,29.75843095779419
hea_ring,d4,4,10,CONTROL_FINAL_RZ,3,0,1,RZ,control,,200,4.697332621094439e-15,2.269271157463937e-16,4.1851822469913177e-16,3.456216306832725e-16,3.2199976103517613e-15,True,1.0,6.973702009305366e-39,6.200279198754203e-33,3.867128920689508e-20,0.0,2.5870600013624663e-16,0.001206737563217701,4.697332621094439e-15,True,STRUCTURAL,29.758432149887085
hea_ring,d4,4,12,EARLY,0,0,0,RY,predeclared,,200,7.316632436279594e-15,7.323782797441044e-15,2.419442372561054e-15,3.7573759281669155e-15,4.010077392960931e-15,True,0.0,3.166751950243853e-08,0.31114898227856624,0.00011435923661372684,0.48768010728196726,0.9918722378176109,0.00028669263006251416,7.323782797441044e-15,True,VALID,82.61485695838928
hea_ring,d4,4,12,MIDDLE,2,0,0,RY,predeclared,,200,7.19751050109407e-15,4.6277261897376776e-15,1.2555597684446115e-15,2.9973234186269873e-15,3.870824326712768e-15,True,0.0,3.4864216805715127e-08,0.31256478252595565,0.00010488602417237947,0.4761845470395673,0.998000518516696,0.00029242573166132844,7.19751050109407e-15,True,VALID,82.61486387252808
hea_ring,d4,4,12,LATE,3,0,0,RY,predeclared,,200,3.076245183220869e-15,3.719378894571913e-16,2.969970882815241e-16,1.5998138585695528e-15,2.7538580076730592e-15,True,0.0,3.9353272528854876e-08,0.34990544575621213,0.00011935731328383471,0.5334605138930075,0.9991277747633708,0.000287156086519249,3.076245183220869e-15,True,VALID,82.61486387252808
hea_ring,d4,4,12,CONTROL_FINAL_RZ,3,0,1,RZ,control,,200,1.0801778080579676e-14,2.6500480637264755e-16,3.0883342119326957e-16,6.485119771863411e-16,1.434922614139941e-14,True,1.0,6.282983304039189e-40,6.636963004908819e-33,1.034544865952721e-20,0.0,2.835647553677518e-16,0.00023500102122736547,1.434922614139941e-14,True,STRUCTURAL,82.61486506462097
hea_ring,d4,4,14,EARLY,0,0,0,RY,predeclared,,200,1.1550452801710515e-14,2.2158011497158945e-14,1.8195794381779873e-15,7.291524761315539e-15,7.853182789697479e-15,True,0.0,1.8581526432927676e-09,0.34624926360235664,2.6914264332873837e-05,0.5108618983538507,0.9990173950732965,7.10391744185132e-05,2.2158011497158945e-14,True,VALID,158.6251199245453
hea_ring,d4,4,14,MIDDLE,2,0,0,RY,predeclared,,200,1.825300221647664e-14,1.471513616993868e-14,1.6750322849692162e-15,1.0158664924050988e-14,1.0138166643393369e-14,True,0.0,2.1213776619590837e-09,0.33306274041826783,2.724227277205405e-05,0.5091885510798271,0.992989351811984,6.402574439622486e-05,1.825300221647664e-14,True,VALID,158.62513208389282
hea_ring,d4,4,14,LATE,3,0,0,RY,predeclared,,200,5.2744777530858835e-15,6.087505579257011e-16,2.5223760327655258e-16,2.155612255034005e-15,4.9656523046544956e-15,True,0.0,2.561000110849482e-09,0.3390318560002883,2.7707943128977707e-05,0.5256220453645711,0.9921479494363846,6.21506446794623e-05,5.2744777530858835e-15,True,VALID,158.62513279914856
hea_ring,d4,4,14,CONTROL_FINAL_RZ,3,0,1,RZ,control,,200,4.269692671757393e-15,2.599468730485824e-16,4.0565059199611883e-16,2.8101802543134617e-16,7.687282417516503e-15,True,1.0,5.182321329226917e-41,6.057563472638979e-33,3.084258719189721e-21,0.0,2.4779551557362866e-16,5.081783710886268e-05,7.687282417516503e-15,True,STRUCTURAL,158.62513375282288
hea_ring,d4,4,16,EARLY,0,0,0,RY,predeclared,,200,3.1581219207832535e-14,3.333573138604545e-14,6.498644050218002e-15,1.272021329204366e-14,1.2817686190833267e-14,True,0.0,5.571425352352038e-10,0.34216031895255006,9.014257146436913e-06,0.49767870411355963,0.9993336731945409,1.8284247758669713e-05,3.333573138604545e-14,True,VALID,589.0997738838196
hea_ring,d4,4,16,MIDDLE,2,0,0,RY,predeclared,,200,3.8056239863835596e-14,3.765435432732923e-14,2.4094758715423243e-15,1.8503206278623514e-14,2.1058105148444192e-14,True,0.0,2.4633487957942347e-10,0.3247868730447746,7.687592784125349e-06,0.48643579771507994,0.998580684049817,1.763024305308463e-05,3.8056239863835596e-14,True,VALID,589.0997779369354
hea_ring,d4,4,16,LATE,3,0,0,RY,predeclared,,200,1.2393118488282934e-14,5.32343379536443e-16,2.4307092859092043e-16,6.700930345408795e-15,8.91675160723542e-15,True,0.0,3.012608861033076e-10,0.3648366453257733,8.61313737241593e-06,0.553474004180118,0.9945519684823522,1.6911971326931093e-05,1.2393118488282934e-14,True,VALID,589.0997791290283
hea_ring,d4,4,16,CONTROL_FINAL_RZ,3,0,1,RZ,control,,200,7.71674199173108e-15,2.1730547009803362e-16,1.782500386798335e-16,1.9299348875629865e-16,5.909333767777593e-14,True,1.0,8.191964968486214e-42,5.3265929992525755e-33,8.570914635029452e-22,0.0,3.1124684017083927e-16,1.2381225571560844e-05,5.909333767777593e-14,True,STRUCTURAL,589.0997791290283
hea_ring,dn,4,4,EARLY,0,0,0,RY,predeclared,,200,1.367615061558947e-15,1.6286069502384527e-15,8.453499029497335e-16,1.3300290093614031e-15,8.457695095096193e-16,True,0.0,0.001974814802675591,0.3084829359279739,0.03186243034627463,0.45432804472880994,0.9958718059985974,0.11635760036403256,1.6286069502384527e-15,True,VALID,8.919566869735718
hea_ring,dn,4,4,MIDDLE,2,0,0,RY,predeclared,,200,1.6184314153544063e-15,9.96845432548112e-16,8.293632294160526e-16,7.602496269647148e-16,1.4869577493525184e-15,True,0.0,0.0017728059349751365,0.3135677604238114,0.02940695541324234,0.46863101737649926,0.9929896885469982,0.10224519610975444,1.6184314153544063e-15,True,VALID,8.919567823410034
hea_ring,dn,4,4,LATE,3,0,0,RY,predeclared,,200,1.4002417292993005e-15,3.966423887072512e-16,2.2519003364639955e-16,6.039116731572458e-16,1.0624603787839487e-15,True,0.0,0.001604160655395399,0.33729829066157563,0.030203616949118398,0.5010553981090105,0.9966924567983413,0.10036934671997308,1.4002417292993005e-15,True,VALID,8.91956877708435
hea_ring,dn,4,4,CONTROL_FINAL_RZ,3,0,1,RZ,control,,200,3.596207333511207e-15,2.564096141973963e-16,2.66384980024631e-16,1.6422669141202166e-16,7.793816471970923e-16,True,1.0,3.227641524414288e-35,5.852560726223075e-33,2.5925984449559626e-18,0.0,2.601827440121212e-16,0.09734890599156712,3.596207333511207e-15,True,STRUCTURAL,8.91956877708435
hea_ring,dn,6,6,EARLY,0,0,0,RY,predeclared,,200,3.0318339935410888e-15,2.1255020182332947e-15,1.4267982985035752e-15,1.2481164572920842e-15,1.5937534584535834e-15,True,0.0,0.00014007875160326473,0.3503384335943576,0.008289882741216559,0.5258649120646268,0.9988789131002782,0.026804974683379213,3.0318339935410888e-15,True,VALID,21.646482944488525
hea_ring,dn,6,6,MIDDLE,3,0,0,RY,predeclared,,200,2.430999159398021e-15,1.1124146366052519e-15,1.2200810643778559e-15,1.6267747525038078e-15,5.425418718130999e-15,True,0.0,0.00011944976591228405,0.340624848933198,0.007922245236618792,0.5148020533138356,0.9981838620451159,0.024809578018571116,5.425418718130999e-15,True,VALID,21.646483898162842
hea_ring,dn,6,6,LATE,5,0,0,RY,predeclared,,200,2.5397869557854427e-15,6.314193237996853e-16,3.113470904535963e-16,1.2698934778927214e-15,1.4869488592633692e-15,True,0.0,0.00010758061295296484,0.3068294712032286,0.0075332712842835015,0.4224432882938025,0.9912464967026606,0.028718525229549447,2.5397869557854427e-15,True,VALID,21.646484851837158
hea_ring,dn,6,6,CONTROL_FINAL_RZ,5,0,1,RZ,control,,200,3.4598557680789826e-14,2.659790646833197e-16,5.645037671433552e-16,3.2963995566032295e-16,2.100168601085607e-15,True,1.0,1.765658488690074e-36,6.126864587742137e-33,5.851367127103751e-19,0.0,2.7713793231149087e-16,0.02138070397435211,3.4598557680789826e-14,True,STRUCTURAL,21.646484851837158
hea_ring,dn,8,8,EARLY,0,0,0,RY,predeclared,,200,3.688770399690696e-15,2.6429319073443536e-15,1.969973454235631e-15,2.2374349792835274e-15,2.3916204497662206e-15,True,0.0,9.319335598099669e-06,0.3567751149371138,0.002083664117294841,0.5233830582995103,0.9896588933567744,0.007274520391201321,3.688770399690696e-15,True,VALID,46.23628902435303
hea_ring,dn,8,8,MIDDLE,4,0,0,RY,predeclared,,200,4.5879083647664604e-15,2.956934794784947e-15,1.6793629115585424e-15,1.4050469367097284e-15,3.0636097851973625e-15,True,0.0,8.865330445405697e-06,0.2748088921281019,0.002027654870503926,0.4048944287324827,0.9975922113816441,0.007597653157546657,4.5879083647664604e-15,True,VALID,46.236289978027344
hea_ring,dn,8,8,LATE,7,0,0,RY,predeclared,,200,8.739827111732471e-15,4.539213230518003e-16,2.79373578446521e-16,3.514930468848929e-15,4.065919569371193e-15,True,0.0,9.153424829871477e-06,0.3389518908760612,0.0021469614506742125,0.5400625103151346,0.9810864979222318,0.007025360423585587,8.739827111732471e-15,True,VALID,46.23629093170166
hea_ring,dn,8,8,CONTROL_FINAL_RZ,7,0,1,RZ,control,,200,8.630117712484839e-15,2.0943967097441624e-16,3.8018003330886606e-16,2.98530741856096e-16,1.5280291988564351e-15,True,1.0,2.180546237854152e-37,5.373096662538805e-33,1.7052043777649947e-19,0.0,2.1582413149040057e-16,0.00571706843685988,8.630117712484839e-15,True,STRUCTURAL,46.23629093170166
hea_ring,dn,10,10,EARLY,0,0,0,RY,predeclared,,200,4.947696435184696e-15,5.0976266301902935e-15,3.87245257452851e-15,3.748254875139922e-15,2.9775913620486048e-15,True,0.0,4.3476943888779646e-07,0.3455994794078945,0.0004883823871490295,0.4611499614255084,0.9978761171169038,0.0018382225839928402,5.0976266301902935e-15,True,VALID,77.02696299552917
hea_ring,dn,10,10,MIDDLE,5,0,0,RY,predeclared,,200,5.8285980000027504e-15,4.1652733904423444e-15,2.037050235746828e-15,3.4897332022983007e-15,3.1984415765969587e-15,True,0.0,4.632354611335164e-07,0.345204353861195,0.0005024446004498741,0.5156045840201524,0.9923149647257437,0.0016808778399124624,5.8285980000027504e-15,True,VALID,77.02696514129639
hea_ring,dn,10,10,LATE,9,0,0,RY,predeclared,,200,6.066136699592455e-15,6.805323927417116e-16,2.1579551856440984e-16,3.778904829254316e-15,3.1399425345245088e-15,True,0.0,4.4831716524089847e-07,0.3273040681591101,0.00048134842515313615,0.5096638250362782,0.9900590079192615,0.0015468706169058876,6.066136699592455e-15,True,VALID,77.0269660949707
hea_ring,dn,10,10,CONTROL_FINAL_RZ,9,0,1,RZ,control,,200,1.9821236676570174e-14,2.092627696270727e-16,2.3701217107204125e-16,3.02956237366708e-16,2.0850795818653646e-15,True,1.0,1.6293159406347583e-38,5.377371562710593e-33,4.740419889308692e-20,0.0,2.5559047865424105e-16,0.001528872960624222,1.9821236676570174e-14,True,STRUCTURAL,77.02696704864502
hea_ring,dn,12,12,EARLY,0,0,0,RY,predeclared,,200,1.0065517717780503e-14,1.3180426807275231e-14,4.106997802759467e-15,5.022611356304401e-15,1.5213972182622253e-14,True,0.0,2.439637909469433e-08,0.33571390244587646,0.00011619077386320488,0.5066684721966844,0.9964794738442364,0.00041934069827984533,1.5213972182622253e-14,True,VALID,203.86566996574402
hea_ring,dn,12,12,MIDDLE,6,0,0,RY,predeclared,,200,1.0315975727545138e-14,9.579120318434771e-15,1.7562678422048022e-15,5.388255179119559e-15,5.33706133278836e-15,True,0.0,2.647061352579186e-08,0.33831730305557284,0.00012287364612659286,0.5137601911756979,0.9924492459472742,0.00044225041370370046,1.0315975727545138e-14,True,VALID,203.86568093299866
hea_ring,dn,12,12,LATE,11,0,0,RY,predeclared,,200,7.292461539593358e-15,6.141965547705538e-16,2.797271611067676e-16,3.742184211107118e-15,4.353706496725897e-15,True,0.0,2.5955220549856547e-08,0.3172387345449634,0.00011799339101619274,0.4977571923158945,0.9985790228670741,0.0004123491014425589,7.292461539593358e-15,True,VALID,203.86568188667297
hea_ring,dn,12,12,CONTROL_FINAL_RZ,11,0,1,RZ,control,,200,1.8089446489588037e-14,2.5060682620879594e-16,2.8804598614628994e-16,5.403078459747951e-16,9.824442008779111e-15,True,1.0,1.0849703774711405e-39,6.17433307992493e-33,1.1920135848032158e-20,0.0,2.7537896608470607e-16,0.00036493625733638793,1.8089446489588037e-14,True,STRUCTURAL,203.86568188667297
hea_ring,dn,14,14,EARLY,0,0,0,RY,predeclared,,200,1.7349226819309125e-14,1.1437638421618607e-14,4.217666103502964e-15,8.626987837371342e-15,8.256067723916468e-15,True,0.0,1.6644951527181758e-09,0.3482799809598188,2.9812834625756476e-05,0.5599440879914612,0.9899030779567871,9.56544667572232e-05,1.7349226819309125e-14,True,VALID,583.3934631347656
hea_ring,dn,14,14,MIDDLE,7,0,0,RY,predeclared,,200,1.4127008352849499e-14,8.575860101229221e-15,4.800026530105715e-15,8.976672991366532e-15,1.2828570085124361e-14,True,0.0,1.7527655702545676e-09,0.3348977490858872,3.027386723861287e-05,0.5065109985842525,0.9993711175297735,0.00010699399982644998,1.4127008352849499e-14,True,VALID,583.3935081958771
hea_ring,dn,14,14,LATE,13,0,0,RY,predeclared,,200,6.324165672924326e-15,5.60573891578127e-16,2.5389667142306095e-16,3.71226821663035e-15,4.95225511298858e-15,True,0.0,2.261985273661478e-09,0.37075518197515367,3.2927540218068655e-05,0.5379519458954746,0.997987627018393,0.00010100707792923768,6.324165672924326e-15,True,VALID,583.3935081958771
hea_ring,dn,14,14,CONTROL_FINAL_RZ,13,0,1,RZ,control,,200,1.3021474201510071e-14,2.9058655941890877e-16,3.7944543070615137e-16,3.691970603447543e-16,7.806336613114914e-15,True,1.0,3.160880219358972e-41,6.461828753145941e-33,2.269518903049491e-21,0.0,2.9079760385785035e-16,7.413666883876246e-05,1.3021474201510071e-14,True,STRUCTURAL,583.3935091495514
rxry_czbrick,d2,2,4,EARLY,0,0,0,RX,predeclared,,200,2.0382721940998737e-15,1.351412050441276e-15,8.801629929067635e-16,1.6213528816703539e-15,1.297082305336283e-15,True,0.0,0.0016877187696053408,0.30550965405945646,0.027973161165165895,0.473641980574678,0.9986663982951278,0.09989366104705619,2.0382721940998737e-15,True,VALID,4.372496128082275
rxry_czbrick,d2,2,4,MIDDLE,1,0,0,RX,predeclared,LATE,200,9.483880809727702e-16,4.759568214077231e-16,3.507402508474739e-16,4.817919741957546e-16,4.34677870445853e-15,True,0.0,0.0009992683796517807,0.22945851255222466,0.019527511141800177,0.3519782822168898,0.9896081079566943,0.08770800188308665,4.34677870445853e-15,True,VALID,4.372497081756592
rxry_czbrick,d2,2,4,LATE,1,0,0,RX,predeclared,,200,9.483880809727702e-16,4.759568214077231e-16,3.507402508474739e-16,4.817919741957546e-16,4.34677870445853e-15,True,0.0,0.0009992683796517807,0.22945851255222466,0.019527511141800177,0.3519782822168898,0.9896081079566943,0.08770800188308665,4.34677870445853e-15,True,VALID,4.372497081756592
rxry_czbrick,d2,2,6,EARLY,0,0,0,RX,predeclared,,200,4.085419796699323e-15,1.3875010630299588e-14,1.3489593668346823e-15,3.468752657574897e-15,2.4666685564977047e-15,True,0.0,0.0002124942590009153,0.3182677807233731,0.007830435304461151,0.47173681441787074,0.9919071409738097,0.01713590522285134,1.3875010630299588e-14,True,VALID,7.264331102371216
rxry_czbrick,d2,2,6,MIDDLE,1,0,0,RX,predeclared,LATE,200,1.2897256825313697e-14,4.404061624127226e-16,3.8535539211113225e-16,6.267487165110307e-15,6.953353605343207e-15,True,0.0,0.00011942130854805319,0.18368216857626585,0.005068997307429482,0.24675297183781442,0.9938219659386266,0.015857203936424452,1.2897256825313697e-14,True,VALID,7.264333009719849
rxry_czbrick,d2,2,6,LATE,1,0,0,RX,predeclared,,200,1.2897256825313697e-14,4.404061624127226e-16,3.8535539211113225e-16,6.267487165110307e-15,6.953353605343207e-15,True,0.0,0.00011942130854805319,0.18368216857626585,0.005068997307429482,0.24675297183781442,0.9938219659386266,0.015857203936424452,1.2897256825313697e-14,True,VALID,7.264333009719849
rxry_czbrick,d2,2,8,EARLY,0,0,0,RX,predeclared,,200,5.477543899077712e-15,4.428652514147938e-15,4.177988924451296e-15,3.6711198472542115e-15,5.810990934116764e-15,True,0.0,1.598413732691978e-05,0.3491508682404714,0.0018820508293884112,0.5058110364588269,0.9984184800319577,0.0035426231238536734,5.810990934116764e-15,True,VALID,12.118934154510498
rxry_czbrick,d2,2,8,MIDDLE,1,0,0,RX,predeclared,LATE,200,6.058200556632481e-15,5.599859041941181e-16,2.9343454924483907e-16,1.265222329545745e-15,4.0348187802115305e-15,True,0.0,5.883002976755082e-06,0.19936917947499722,0.0011147355174414523,0.27281579430504443,0.993210844887392,0.003007173383433822,6.058200556632481e-15,True,VALID,12.118935108184814
rxry_czbrick,d2,2,8,LATE,1,0,0,RX,predeclared,,200,6.058200556632481e-15,5.599859041941181e-16,2.9343454924483907e-16,1.265222329545745e-15,4.0348187802115305e-15,True,0.0,5.883002976755082e-06,0.19936917947499722,0.0011147355174414523,0.27281579430504443,0.993210844887392,0.003007173383433822,6.058200556632481e-15,True,VALID,12.118935108184814
rxry_czbrick,d2,2,10,EARLY,0,0,0,RX,predeclared,,200,8.0773434411355e-14,8.262556411760263e-14,7.66575906196936e-14,7.969302541604388e-14,1.4086475376961145e-13,True,0.0,3.2295405866665347e-06,0.31294010200744404,0.0005490154385848376,0.49306414499786333,0.9974891576082217,0.0005105006321479698,1.4086475376961145e-13,True,VALID,13.952736854553223
rxry_czbrick,d2,2,10,MIDDLE,1,0,0,RX,predeclared,LATE,200,1.0587445610419236e-13,3.8939309257955045e-16,2.4364059428011496e-16,1.257404279252778e-14,1.300212618823415e-14,True,0.0,1.3438293541575838e-06,0.2529920818335942,0.0004195387996860865,0.34755809094262463,0.9949645910625667,0.0004727538047736063,1.0587445610419236e-13,True,VALID,13.952737808227539
rxry_czbrick,d2,2,10,LATE,1,0,0,RX,predeclared,,200,1.0587445610419236e-13,3.8939309257955045e-16,2.4364059428011496e-16,1.257404279252778e-14,1.300212618823415e-14,True,0.0,1.3438293541575838e-06,0.2529920818335942,0.0004195387996860865,0.34755809094262463,0.9949645910625667,0.0004727538047736063,1.0587445610419236e-13,True,VALID,13.952737808227539
rxry_czbrick,d2,2,12,EARLY,0,0,0,RX,predeclared,,200,3.1285465915488474e-14,1.9898882914444963e-14,4.335415662319703e-15,7.544993105060382e-15,3.089854319215204e-14,True,0.0,1.2172524403227352e-07,0.3099219337535774,0.00013108866330023423,0.4844988122174355,0.997458015514385,0.00011110997138045524,3.1285465915488474e-14,True,VALID,28.039245128631592
rxry_czbrick,d2,2,12,MIDDLE,1,0,0,RX,predeclared,LATE,200,5.60924030833539e-14,5.131008481558027e-16,2.498362919762967e-16,3.0334181141129545e-14,8.664800160507564e-14,True,0.0,3.682368852761758e-08,0.2063344292900025,7.284094256243433e-05,0.2879063238558322,0.9998357935224474,8.95812061583759e-05,8.664800160507564e-14,True,VALID,28.039246082305908
rxry_czbrick,d2,2,12,LATE,1,0,0,RX,predeclared,,200,5.60924030833539e-14,5.131008481558027e-16,2.498362919762967e-16,3.0334181141129545e-14,8.664800160507564e-14,True,0.0,3.682368852761758e-08,0.2063344292900025,7.284094256243433e-05,0.2879063238558322,0.9998357935224474,8.95812061583759e-05,8.664800160507564e-14,True,VALID,28.039246082305908
rxry_czbrick,d2,2,14,EARLY,0,0,0,RX,predeclared,,200,3.4685294754136495e-14,2.938806719185364e-14,6.329979904182369e-14,6.995206251815111e-14,4.516101850699301e-14,True,0.0,5.422806620869647e-09,0.31996386269494165,2.4137523110068e-05,0.4948800858340102,0.9951556814366583,1.2779468396422181e-05,6.995206251815111e-14,True,VALID,59.38935875892639
rxry_czbrick,d2,2,14,MIDDLE,1,0,0,RX,predeclared,LATE,200,5.5245778906054063e-14,6.083619687969596e-16,2.9827938289840784e-16,4.143433417954055e-14,3.1741582818200507e-13,True,0.0,1.4970697321590786e-09,0.1992370631734631,1.330614813258788e-05,0.29202713544761405,0.9821457239339836,9.52669781475534e-06,3.1741582818200507e-13,True,VALID,59.389360666275024
rxry_czbrick,d2,2,14,LATE,1,0,0,RX,predeclared,,200,5.5245778906054063e-14,6.083619687969596e-16,2.9827938289840784e-16,4.143433417954055e-14,3.1741582818200507e-13,True,0.0,1.4970697321590786e-09,0.1992370631734631,1.330614813258788e-05,0.29202713544761405,0.9821457239339836,9.52669781475534e-06,3.1741582818200507e-13,True,VALID,59.389360666275024
rxry_czbrick,d2,2,16,EARLY,0,0,0,RX,predeclared,,200,6.934157346865978e-14,3.2186429651113433e-14,2.182561876412049e-14,3.320419927265909e-14,3.587371802311605e-14,True,0.0,2.13741113112596e-09,0.3413110047124465,1.0201178513770937e-05,0.5273501495209296,0.9953395970127323,2.631598776237853e-06,6.934157346865978e-14,True,VALID,178.28561401367188
rxry_czbrick,d2,2,16,MIDDLE,1,0,0,RX,predeclared,LATE,200,6.761399312489377e-14,7.800918091450226e-16,1.0095305765406175e-15,3.4181243756865113e-14,2.627839050140013e-13,True,0.0,1.2200478317700677e-09,0.2120419217352055,6.921761862903207e-06,0.30778595850588375,0.9748635547860721,2.086985468132083e-06,2.627839050140013e-13,True,VALID,178.28562712669373
rxry_czbrick,d2,2,16,LATE,1,0,0,RX,predeclared,,200,6.761399312489377e-14,7.800918091450226e-16,1.0095305765406175e-15,3.4181243756865113e-14,2.627839050140013e-13,True,0.0,1.2200478317700677e-09,0.2120419217352055,6.921761862903207e-06,0.30778595850588375,0.9748635547860721,2.086985468132083e-06,2.627839050140013e-13,True,VALID,178.28562808036804
rxry_czbrick,d4,4,4,EARLY,0,0,0,RX,predeclared,,200,2.4930972421977964e-15,2.6553276376376942e-15,1.800425148601021e-15,1.368323112936776e-15,1.7733638121585516e-15,True,0.0,0.0015748038907631343,0.3277577703571252,0.028586881232259716,0.5278082882366062,0.9967970609210497,0.09164919495885328,2.6553276376376942e-15,True,VALID,9.581281185150146
rxry_czbrick,d4,4,4,MIDDLE,2,0,0,RX,predeclared,,200,1.4419594205162177e-15,2.516649630440237e-15,9.317774065610319e-16,1.0482495823811608e-15,1.8175802886512823e-15,True,0.0,0.001490750662190614,0.31013609528735103,0.02637590106329748,0.4300554669568809,0.9968308351066609,0.09086736798629254,2.516649630440237e-15,True,VALID,9.58128309249878
rxry_czbrick,d4,4,4,LATE,3,0,0,RX,predeclared,,200,2.2376148826795503e-15,4.2589762954322006e-16,2.5477620981153666e-16,7.4587162755985e-16,1.5139746644533724e-15,True,0.0,0.0009339133637329193,0.20281924678614144,0.017771743512344375,0.28976682343231475,0.9902593823939332,0.07917329197875173,2.2376148826795503e-15,True,VALID,9.58128309249878
rxry_czbrick,d4,4,6,EARLY,0,0,0,RX,predeclared,,200,2.6987945893859714e-15,2.7441970070112593e-15,2.4539442738166793e-15,1.4121752304042779e-15,2.2709413349754036e-15,True,0.0,0.0002389796353128512,0.32041522424129865,0.00846870736635599,0.45910420234477023,0.9995686846360496,0.0204845106797934,2.7441970070112593e-15,True,VALID,15.276854038238525
rxry_czbrick,d4,4,6,MIDDLE,2,0,0,RX,predeclared,,200,2.6115863808910903e-15,2.7701122054488137e-15,7.94370411856645e-16,2.0370373770950506e-15,2.9330599822399204e-15,True,0.0,0.00017194427440680448,0.2944383441830245,0.007350997650566781,0.4375822247587767,0.9990121948851973,0.020379197424258574,2.9330599822399204e-15,True,VALID,15.276856184005737
rxry_czbrick,d4,4,6,LATE,3,0,0,RX,predeclared,,200,5.437296914734733e-15,7.767567021049618e-16,3.299608623670302e-16,2.097243095683397e-15,7.767567021049618e-15,True,0.0,8.057358633514404e-05,0.22346416054694757,0.004859485558681046,0.2830239823125509,0.9984383469891426,0.019315841265431975,7.767567021049618e-15,True,VALID,15.276856184005737
rxry_czbrick,d4,4,8,EARLY,0,0,0,RX,predeclared,,200,7.845128329039594e-15,3.716880729903123e-15,3.6641006342995006e-15,5.484449673521234e-15,6.461132492093509e-15,True,0.0,7.5228886063418786e-06,0.3304575518223999,0.0016646109166531325,0.48081736312432066,0.9936658900778021,0.004241496664079032,7.845128329039594e-15,True,VALID,22.820666313171387
rxry_czbrick,d4,4,8,MIDDLE,2,0,0,RX,predeclared,,200,5.746575022626909e-15,2.477618668027527e-15,3.1725334077056025e-15,2.8732875113134544e-15,2.9509439305381426e-15,True,0.0,9.04165175878913e-06,0.3407409540222374,0.0016833587279001644,0.5276292534737157,0.9988350221394378,0.0036354351209504547,5.746575022626909e-15,True,VALID,22.820667266845703
rxry_czbrick,d4,4,8,LATE,3,0,0,RX,predeclared,,200,3.393072563339665e-15,7.291712257077425e-16,2.929823417944336e-16,1.6965362816698326e-15,2.3278383657563566e-15,True,0.0,3.815531152319705e-06,0.2017314824304309,0.0010350060084162486,0.277693303289394,0.9958922826928844,0.0035992008209394795,3.393072563339665e-15,True,VALID,22.82066822052002
rxry_czbrick,d4,4,10,EARLY,0,0,0,RX,predeclared,,200,1.6326337163853578e-14,8.754702537138875e-15,7.127984160305638e-15,2.9407239181982893e-15,4.495658059611855e-15,True,0.0,1.6666098714635078e-06,0.32546384258343464,0.00046648888009092433,0.4573414033789365,0.9983501668094971,0.0009211510494270673,1.6326337163853578e-14,True,VALID,30.980780839920044
rxry_czbrick,d4,4,10,MIDDLE,2,0,0,RX,predeclared,,200,2.269539271520777e-14,6.8685854937700435e-15,4.461707886057891e-15,2.0219531691730558e-14,7.143890661491537e-15,True,0.0,1.048458991378554e-06,0.2686008448010433,0.0004182520602018236,0.3901540645108784,0.9947215466481971,0.000923652002687236,2.269539271520777e-14,True,VALID,30.980782747268677
rxry_czbrick,d4,4,10,LATE,3,0,0,RX,predeclared,,200,3.2497631044581064e-14,5.974936922070245e-16,5.578473536658272e-16,7.169924306484293e-15,7.120133165467041e-15,True,0.0,4.765457869548872e-07,0.22607512639409313,0.00030913887326497604,0.3188639028750361,0.9649580726774882,0.0007242487581926848,3.2497631044581064e-14,True,VALID,30.980782747268677
rxry_czbrick,d4,4,12,EARLY,0,0,0,RX,predeclared,,200,8.405895329547408e-15,7.187429280950796e-15,3.1309491770301583e-15,4.7498183295281506e-15,6.249938505174605e-15,True,0.0,8.236592453488365e-08,0.34865721204511174,0.00012398921126831816,0.4997381655961576,0.9819103881756224,0.00016539330299088854,8.405895329547408e-15,True,VALID,87.04528307914734
rxry_czbrick,d4,4,12,MIDDLE,2,0,0,RX,predeclared,,200,8.893472065913437e-15,5.007317433827803e-15,2.2139304226352336e-15,4.539154226845259e-15,4.9099030087775265e-15,True,0.0,1.2237199197366922e-07,0.27974489702738997,0.00013077612317453606,0.45604035974036716,0.9933006577621172,0.00016021421980750878,8.893472065913437e-15,True,VALID,87.04528498649597
rxry_czbrick,d4,4,12,LATE,3,0,0,RX,predeclared,,200,6.966644847828942e-15,7.205906000117098e-16,3.2855484772658984e-16,3.9326950338086515e-15,6.07472071772269e-15,True,0.0,1.9259933700061895e-08,0.21129597958818208,6.980396095798586e-05,0.3102172481330149,0.9907016192812843,0.00014476538000682135,6.966644847828942e-15,True,VALID,87.04528498649597
rxry_czbrick,d4,4,14,EARLY,0,0,0,RX,predeclared,,200,3.6182777702277977e-14,1.4746525996258882e-14,2.2330375360192472e-14,1.160728397073336e-14,1.3502133878349209e-14,True,0.0,1.0821936638581006e-08,0.3375177931432792,3.1352917395574025e-05,0.49036753546675416,0.9943750382075504,4.216255054312539e-05,3.6182777702277977e-14,True,VALID,155.31729292869568
rxry_czbrick,d4,4,14,MIDDLE,2,0,0,RX,predeclared,,200,2.489901495205347e-14,2.8057441000513816e-14,3.788090268198924e-15,1.023125641807241e-14,1.3705378844222414e-14,True,0.0,1.644627955696787e-08,0.3118602349664654,3.49851614682991e-05,0.4713058353351629,0.9968030486968524,3.5434369153335883e-05,2.8057441000513816e-14,True,VALID,155.3172950744629
rxry_czbrick,d4,4,14,LATE,3,0,0,RX,predeclared,,200,1.7339703860259366e-14,8.858486070012696e-16,3.397466392148321e-16,9.739004073979755e-15,4.5890836105862226e-14,True,0.0,6.992869915982372e-09,0.21134567799419002,2.0050129042454595e-05,0.2772517017076303,0.9960119769782775,3.0213155025110205e-05,4.5890836105862226e-14,True,VALID,155.3172960281372
rxry_czbrick,d4,4,16,EARLY,0,0,0,RX,predeclared,,200,2.9853047455749173e-14,2.979967175639704e-14,1.7414502707864664e-14,1.64726525288377e-14,2.2242822773285085e-14,True,0.0,1.233284801929405e-10,0.32142646203740616,5.574174705653683e-06,0.4716630665952322,0.9921314412677699,9.315478007772377e-06,2.9853047455749173e-14,True,VALID,446.3820550441742
rxry_czbrick,d4,4,16,MIDDLE,2,0,0,RX,predeclared,,200,2.2606764211592055e-14,2.6195979577475354e-14,2.6706599250221215e-15,1.1112922822650764e-14,4.922773003190729e-14,True,0.0,1.4149290676391774e-10,0.2972695859671611,5.3710742670198215e-06,0.4772908647851458,0.9983848751127539,8.877618928722996e-06,4.922773003190729e-14,True,VALID,446.38209414482117
rxry_czbrick,d4,4,16,LATE,3,0,0,RX,predeclared,,200,9.131560933796989e-15,6.59475245381084e-16,5.356893856140015e-16,2.5774496857607327e-15,5.696488614221704e-14,True,0.0,1.215106345919625e-10,0.1960892216320747,3.4507934607024635e-06,0.27658038532097673,0.9975607397727423,9.09560519310537e-06,5.696488614221704e-14,True,VALID,446.3820950984955
rxry_czbrick,dn,4,4,EARLY,0,0,0,RX,predeclared,,200,2.4474688047444873e-15,2.1111940891131755e-15,1.1806742985339958e-15,1.7524560310021476e-15,1.0995802547464455e-15,True,0.0,0.0016718530523209612,0.3292155852676647,0.028800105935853457,0.48698726137300763,0.9914329446431672,0.10215468469379796,2.4474688047444873e-15,True,VALID,9.360683917999268
rxry_czbrick,dn,4,4,MIDDLE,2,0,0,RX,predeclared,,200,2.1827383452764673e-15,1.2037244303490555e-15,1.031171880781029e-15,9.972315146482986e-16,1.7716042293729426e-15,True,0.0,0.0018537120854531747,0.344523402294801,0.030129642616414563,0.4982050435805301,0.9910292187539278,0.10720791283612599,2.1827383452764673e-15,True,VALID,9.36068606376648
rxry_czbrick,dn,4,4,LATE,3,0,0,RX,predeclared,,200,2.450602445899508e-15,4.970512256494752e-16,2.448040538750764e-16,9.706237954220034e-16,1.1881663650076322e-15,True,0.0,0.0009922544662845944,0.18289876856264772,0.01876077573290373,0.25197196643327396,0.9866203092426826,0.0975475633932624,2.450602445899508e-15,True,VALID,9.360687017440796
rxry_czbrick,dn,6,6,EARLY,0,0,0,RX,predeclared,,200,3.571222124565059e-15,6.66628129918811e-15,1.7260906935397787e-15,1.7121844342201141e-15,3.782382022308577e-15,True,0.0,0.00014413344173345988,0.3235129175940071,0.007685955239021116,0.4810596702539674,0.9980581587910804,0.02174954388568643,6.66628129918811e-15,True,VALID,23.345659017562866
rxry_czbrick,dn,6,6,MIDDLE,3,0,0,RX,predeclared,,200,4.8795749042447056e-15,1.5147321080421583e-15,1.424881739835972e-15,1.7098580878031666e-15,1.7811021747949653e-15,True,0.0,0.00011068228675201584,0.3377375348365035,0.007254642315279554,0.48985286449077603,0.9972964905230874,0.02416846416143055,4.8795749042447056e-15,True,VALID,23.345659971237183
rxry_czbrick,dn,6,6,LATE,5,0,0,RX,predeclared,,200,4.649312055472458e-15,6.029503507201502e-16,2.8474460873918923e-16,1.8381001149542275e-15,2.790679941249012e-15,True,0.0,4.6532216897501845e-05,0.19487716364110397,0.004258741674073202,0.26793077930767895,0.993999347817629,0.02177894371044289,4.649312055472458e-15,True,VALID,23.345659971237183
rxry_czbrick,dn,8,8,EARLY,0,0,0,RX,predeclared,,200,5.446670189955072e-15,9.144258764910996e-15,3.894018210517461e-15,3.823962756235508e-15,2.4626687841669937e-15,True,0.0,1.1049497863633802e-05,0.33866000497135146,0.002109982038461841,0.5336045914085737,0.9979589036032729,0.006163307722377709,9.144258764910996e-15,True,VALID,48.62658095359802
rxry_czbrick,dn,8,8,MIDDLE,4,0,0,RX,predeclared,,200,4.512610111050539e-15,2.8615875639469753e-15,2.106313618025989e-15,2.0680390012626734e-15,3.0184103322978516e-15,True,0.0,8.783545994485435e-06,0.2721958948441914,0.0018503965631399201,0.4152096271062835,0.993232045224783,0.005802267577750355,4.512610111050539e-15,True,VALID,48.626582622528076
rxry_czbrick,dn,8,8,LATE,7,0,0,RX,predeclared,,200,5.062804135781254e-15,1.6379660439292292e-15,3.238346170990414e-16,3.499291093848808e-15,5.0255776347828624e-15,True,0.0,5.026931756874054e-06,0.19324842706976844,0.001365797574761426,0.26224317774276396,0.9836037019783663,0.006234830239399921,5.062804135781254e-15,True,VALID,48.62658381462097
rxry_czbrick,dn,10,10,EARLY,0,0,0,RX,predeclared,,200,7.476437643284562e-15,7.300521463442573e-15,2.5843421189568424e-15,4.397904496049743e-15,3.2375336901033326e-15,True,0.0,4.794884563811306e-07,0.3204217990594399,0.000477556116576323,0.5088895735900338,0.9973777475789264,0.0015453384493864324,7.476437643284562e-15,True,VALID,81.71479868888855
rxry_czbrick,dn,10,10,MIDDLE,5,0,0,RX,predeclared,,200,7.78280938965389e-15,3.1423568406473442e-15,2.910578321045676e-15,5.660225010657375e-15,6.723804349251087e-15,True,0.0,3.706588533068364e-07,0.32515412917491526,0.00041974519362178474,0.47639079159985687,0.9972956047441668,0.0013173848800735117,7.78280938965389e-15,True,VALID,81.7149498462677
rxry_czbrick,dn,10,10,LATE,9,0,0,RX,predeclared,,200,5.745247340274916e-15,5.16080051826655e-16,5.212624264273773e-16,3.588705216215336e-15,6.8102814909233416e-15,True,0.0,2.5467968429499407e-07,0.20774260464340025,0.00028214330482791557,0.2823697550940365,0.9997199187800713,0.0011803012529413696,6.8102814909233416e-15,True,VALID,81.71495079994202
rxry_czbrick,dn,12,12,EARLY,0,0,0,RX,predeclared,,200,8.464542622559665e-15,1.3505225307904185e-14,3.37797922666713e-15,4.871617576538204e-15,5.85876297644215e-15,True,0.0,4.316245858685104e-08,0.31220588316568604,0.0001239632683374901,0.4615562650688636,0.9984099516749955,0.00035253939744496054,1.3505225307904185e-14,True,VALID,210.3468301296234
rxry_czbrick,dn,12,12,MIDDLE,6,0,0,RX,predeclared,,200,9.035038386011534e-15,1.2824732888750601e-14,5.2843713499127276e-15,4.2219907534027575e-15,7.491387492806563e-15,True,0.0,2.6515244160303455e-08,0.339769750884645,0.00011452028920181844,0.5206424648754597,0.9983573889169451,0.00036672972066156324,1.2824732888750601e-14,True,VALID,210.34684705734253
rxry_czbrick,dn,12,12,LATE,11,0,0,RX,predeclared,,200,7.547306919656598e-15,4.696840636652557e-16,3.041683056869557e-16,3.773653459828299e-15,7.33881349476962e-15,True,0.0,1.609174032451435e-08,0.21325888525214995,8.200926075516801e-05,0.2947448538099102,0.9968305502944098,0.0003878317397647143,7.547306919656598e-15,True,VALID,210.34684705734253
rxry_czbrick,dn,14,14,EARLY,0,0,0,RX,predeclared,,200,1.9617239647618078e-14,1.4456447828769837e-14,4.5399897470201835e-15,6.554603604308064e-15,9.495317653808438e-15,True,0.0,2.0194980882485645e-09,0.3405695149993393,2.838997598977611e-05,0.49817789283386127,0.9978199588231816,8.461163029399062e-05,1.9617239647618078e-14,True,VALID,501.7476930618286
rxry_czbrick,dn,14,14,MIDDLE,7,0,0,RX,predeclared,,200,1.3071498833180321e-14,1.1981283043762563e-14,2.1248846952789924e-15,8.413542547487633e-15,1.1048297870305238e-14,True,0.0,1.5010847313118426e-09,0.36296534242965395,2.7607409224949315e-05,0.5278593546258064,0.998809258131374,8.395183332874083e-05,1.3071498833180321e-14,True,VALID,501.7487630844116
rxry_czbrick,dn,14,14,LATE,13,0,0,RX,predeclared,,200,1.3881038904452518e-14,5.597676007585607e-16,4.645438377847782e-16,5.041008865301177e-15,1.876479174675816e-14,True,0.0,8.256271038074454e-10,0.21631697702103764,1.8570923769587758e-05,0.292210074857737,0.9956822560967729,6.871930853573094e-05,1.876479174675816e-14,True,VALID,501.74876737594604
