family,regime,position,seed,fit_range,metric,theta_boot_reps,theta_boot_mean,theta_boot_sd,theta_boot_lo,theta_boot_hi,seed_sd,seed_pct_lo,seed_pct_hi,point_this_seed
hea_ring,d4,EARLY,11000,primary,b_S,2000,0.31873947071544945,0.0007664743905459298,0.31728954112830554,0.3202691737903631,0.0011261898497427264,0.3166785412807593,0.3204419123742802,0.3186037688628938
hea_ring,d4,EARLY,11000,primary,b_r,2000,-0.00108064644251428,0.0005987965420004488,-0.0022545630787757925,9.979909271921181e-05,0.0006965271453910917,-0.0009160069218115607,0.001168532934324735,-0.001027167460244081
hea_ring,d4,EARLY,11000,primary,b_LE,2000,0.3218403702435789,0.0015367934021976466,0.31893049760947095,0.32493978609933294,0.0015232834149220865,0.32111083081201963,0.32591675020574623,0.3219667028157771
hea_ring,d4,EARLY,11000,primary,b_SWAP,2000,0.6390051356500421,0.0023223074229438757,0.6344874728432935,0.6433697918174907,0.0028043499272239016,0.635087378473193,0.6442435140770967,0.6393157287932549
hea_ring,d4,EARLY,11000,primary,eps_LE,2000,0.0052621924131581056,0.0010922986683042425,0.003163279516934249,0.007378320654297032,0.000948704718765403,0.0026480607108130246,0.005395225320871498,0.005417268873371461
hea_ring,d4,EARLY,11000,primary,eps_SWAP,2000,0.0036874871041717937,0.001654682199659926,0.0006559206574089011,0.006985098531931248,0.0010787306896197098,0.001365812868390176,0.0042802756280986756,0.004162525987955412
hea_ring,d4,EARLY,11000,primary,eps_gap,2000,-0.00157470530898631,0.001249479094738819,-0.004000666986821891,0.0008167668672933205,0.0014579540222381057,-0.0031753643553525416,0.0005499206056547566,-0.0012547428854159937
hea_ring,d4,MIDDLE,11000,primary,b_S,2000,0.3193030888799639,0.000796137501048449,0.31784892921658764,0.3209180076754234,0.0009634590120299278,0.3171720788956308,0.3201110116228402,0.31927550432953933
hea_ring,d4,MIDDLE,11000,primary,b_r,2000,-0.00021071304852274614,0.0006123244503529824,-0.0014272940392828374,0.0009813069766985841,0.0007818988204473212,-0.001047788304712717,0.0012133475088018943,-0.00019222308586529173
hea_ring,d4,MIDDLE,11000,primary,b_LE,2000,0.32327223749697076,0.0015458889643286684,0.3203091012798169,0.3262557769908848,0.0018121375161038987,0.3201144360424191,0.32616517424708824,0.3232241209210969
hea_ring,d4,MIDDLE,11000,primary,b_SWAP,2000,0.6405348331871715,0.002177814018542135,0.6361846134388142,0.6446836243366713,0.0021658385611912044,0.6359588932085585,0.64316863636766,0.6403057236464955
hea_ring,d4,MIDDLE,11000,primary,eps_LE,2000,0.0043905747140524165,0.0011240282016257818,0.0021675231905603073,0.006553566105827511,0.0008797003450651568,0.0029203985595917777,0.005485605427546956,0.0043330627632881535
hea_ring,d4,MIDDLE,11000,primary,eps_SWAP,2000,0.002350081524289227,0.0016024819184397082,-0.0007997885624980851,0.005426905900357903,0.001253167246317621,0.00016474443515767382,0.0035264678336520278,0.0021391611591474735
hea_ring,d4,MIDDLE,11000,primary,eps_gap,2000,-0.0020404931897631887,0.0011550310164527384,-0.00433676779414274,0.00021986355955563064,0.0012604951919349945,-0.0040100346802424075,-0.00020640734092797468,-0.0021939016041407355
hea_ring,d4,LATE,11000,primary,b_S,2000,0.31952215086602437,0.0008011196949480685,0.31788121666710756,0.3210338948395978,0.0012373698109715457,0.3164386429788914,0.3204244246654805,0.3195390799021432
hea_ring,d4,LATE,11000,primary,b_r,2000,0.0003023635509150975,0.0006370887954388106,-0.0009670699986563328,0.0015105240618172146,0.0008823452971987315,-0.0017584437395116983,0.0007497396420678294,0.00027394140526476525
hea_ring,d4,LATE,11000,primary,b_LE,2000,0.3240967022083122,0.0015451676799684748,0.32112936670432873,0.3271401250039601,0.0020966717469461083,0.31856833509365806,0.32427692291641874,0.3242124929403436
hea_ring,d4,LATE,11000,primary,b_SWAP,2000,0.6400862024636935,0.002155687543899305,0.6358850916804912,0.6443074114461166,0.0026646442538537777,0.6346079612370564,0.6424138061108868,0.6399734520954318
hea_ring,d4,LATE,11000,primary,eps_LE,2000,0.003969824240457549,0.0011417632077788949,0.0017263838234196254,0.006097800009131023,0.0007215596097750323,0.003396081818168344,0.005661529951339787,0.0041255302276708705
hea_ring,d4,LATE,11000,primary,eps_SWAP,2000,0.00043717362981446453,0.0016369131751205706,-0.002779558617086805,0.0035647697143499552,0.0015970969734188656,0.0005053861725161314,0.00571878637652914,0.00034740948061584564
hea_ring,d4,LATE,11000,primary,eps_gap,2000,-0.003532650610643085,0.001121491962316226,-0.005678960267977929,-0.0013503730452603126,0.0012172130600416424,-0.0034317522279797754,0.0003398478693503614,-0.003778120747055025
rxry_czbrick,d4,EARLY,11000,primary,b_S,2000,0.34126442631008613,0.0011213832985146825,0.33910999918900897,0.34350942706287746,0.0010047821998304843,0.3387019496713153,0.3413075050076053,0.3411172788409082
rxry_czbrick,d4,EARLY,11000,primary,b_r,2000,0.0004438861942270773,0.0006767318379542172,-0.0008720057147368537,0.0017387770069788463,0.0005229096760062093,-0.0005953429729638211,0.000773097496577689,0.00045602425194291946
rxry_czbrick,d4,EARLY,11000,primary,b_LE,2000,0.3496403635195173,0.001762806293736858,0.34618291713343535,0.3530878560827116,0.001364476279044956,0.34533966637587593,0.34939052653306507,0.3495057880862453
rxry_czbrick,d4,EARLY,11000,primary,b_SWAP,2000,0.6876137959004319,0.0028817136841467472,0.6818432200087156,0.6931462354372344,0.0019133503928883701,0.6815748904770541,0.687108534289273,0.6875974178237169
rxry_czbrick,d4,EARLY,11000,primary,eps_LE,2000,0.007488164820977011,0.0014622290094096892,0.004685798950694049,0.010357961144600018,0.0010211959840451704,0.006001505418414493,0.008919104821592359,0.007476460741451252
rxry_czbrick,d4,EARLY,11000,primary,eps_SWAP,2000,0.004197170891805408,0.002115962557557274,0.00011443607395533517,0.008399589985331204,0.0019107398006130314,0.0008936900744686645,0.0061576990570924115,0.00445081163801464
rxry_czbrick,d4,EARLY,11000,primary,eps_gap,2000,-0.0032909939291716006,0.0014637206295223062,-0.00618906415745253,-0.0004572580942199623,0.0014334545619450665,-0.005375883377765375,-0.001414919833741754,-0.0030256491034366118
rxry_czbrick,d4,MIDDLE,11000,primary,b_S,2000,0.34039137480928944,0.0011155032524174185,0.3382539244359158,0.3425661677217453,0.0011839162978169804,0.33824090167901893,0.34129401759361866,0.3403255248184099
rxry_czbrick,d4,MIDDLE,11000,primary,b_r,2000,-0.0008594944194605928,0.0007120021446128401,-0.002248397066884996,0.000557361264652194,0.0009703819866780798,-0.0017070369357294894,0.0008905378686140397,-0.0008563999467578838
rxry_czbrick,d4,MIDDLE,11000,primary,b_LE,2000,0.3473089586277251,0.002031636826385615,0.3433249349982609,0.3512399269639589,0.0018013487499856592,0.3432844002318863,0.3480439545185002,0.3473018548633426
rxry_czbrick,d4,MIDDLE,11000,primary,b_SWAP,2000,0.6850934736271851,0.0031047179641397193,0.6792735263853533,0.6914747001650421,0.002206778070678786,0.6798367090458642,0.6860760452097202,0.6852521223268719
rxry_czbrick,d4,MIDDLE,11000,primary,eps_LE,2000,0.008636572657356822,0.0015452240051491027,0.0055045733131288506,0.011496210850048084,0.0012659469150203004,0.004844741344916891,0.008495587074373178,0.008689129938448448
rxry_czbrick,d4,MIDDLE,11000,primary,eps_SWAP,2000,0.006029712847527269,0.0022019453128228578,0.0018306262404788128,0.01014515662933643,0.0018195657384856908,0.0010538945098873293,0.0061368763358711775,0.00631387258356797
rxry_czbrick,d4,MIDDLE,11000,primary,eps_gap,2000,-0.002606859809829553,0.0015782447846324633,-0.0055968851434406615,0.0003794978852252293,0.0009581892961949477,-0.004448351305674611,-0.0017186279874191104,-0.0023752573548805334
rxry_czbrick,d4,LATE,11000,primary,b_S,2000,0.34278548615028276,0.0011850458959008154,0.3405738202039377,0.3450702979867162,0.0014503994364844276,0.3380776306000987,0.3424870848240115,0.34275898286793294
rxry_czbrick,d4,LATE,11000,primary,b_r,2000,0.00019675261977120738,0.0010387461858752992,-0.001839914089366665,0.002177889548860652,0.0010254933402698552,-0.0004700670560605903,0.0024309529650586932,0.0003316481426426535
rxry_czbrick,d4,LATE,11000,primary,b_LE,2000,0.34849729917275546,0.0022212755646546676,0.34418889631017435,0.352989401389988,0.0027901582311051242,0.3443713129034782,0.35313005812166076,0.34850728426337474
rxry_czbrick,d4,LATE,11000,primary,b_SWAP,2000,0.68750261876623,0.003529912139409934,0.6808704157880014,0.694574881335604,0.0029753576023257284,0.6817108609846007,0.6905825520465819,0.6878659963590567
rxry_czbrick,d4,LATE,11000,primary,eps_LE,2000,0.005318307782930308,0.0018180623947308577,0.0016995948338674725,0.008685206007573268,0.0019887487076134937,0.003936738898603574,0.009239979346674393,0.005085005110156471
rxry_czbrick,d4,LATE,11000,primary,eps_SWAP,2000,0.0015381412261221393,0.002739537848891453,-0.003647661474173852,0.006964666042315282,0.002920184919636594,-0.0007738190873506879,0.007178825079526524,0.0016847343379055024
rxry_czbrick,d4,LATE,11000,primary,eps_gap,2000,-0.003780166556808169,0.0020081715006454496,-0.0076719577385593665,0.0003259935161360619,0.002246507723459943,-0.005845718314468824,0.0006440726573492988,-0.003400270772251024
